nohup: ignoring input
使用设备: cuda

================================================== 模型结构 ==================================================
HybridGridNet(
  (grid_encoder): MultiResGrid(
    (levels): ModuleList(
      (0): SingleResGrid()
      (1): SingleResGrid()
      (2): SingleResGrid()
      (3): SingleResGrid()
      (4): SingleResGrid()
      (5): SingleResGrid()
      (6): SingleResGrid()
      (7): SingleResGrid()
      (8): SingleResGrid()
      (9): SingleResGrid()
    )
  )
  (pe_encoder): Frequency()
  (gate_grid): Sequential(
    (0): Linear(in_features=144, out_features=60, bias=True)
    (1): Sigmoid()
  )
  (gate_pe): Sequential(
    (0): Linear(in_features=144, out_features=84, bias=True)
    (1): Sigmoid()
  )
  (time_mod): SpatioTemporalModulation(
    (coord_to_gamma_beta): Sequential(
      (0): Conv2d(3, 64, kernel_size=(1, 1), stride=(1, 1))
      (1): ReLU(inplace=True)
      (2): Conv2d(64, 288, kernel_size=(1, 1), stride=(1, 1))
    )
    (norm): GroupNorm(144, 144, eps=1e-05, affine=False)
  )
  (decoder): Decoder(
    (layers): ModuleList(
      (0): Linear(in_features=144, out_features=256, bias=True)
      (1): Linear(in_features=256, out_features=256, bias=True)
      (2): Linear(in_features=400, out_features=256, bias=True)
      (3): Linear(in_features=256, out_features=128, bias=True)
    )
    (output_layer): Sequential(
      (0): Linear(in_features=128, out_features=3, bias=True)
      (1): Sigmoid()
    )
    (act): GELU(approximate=none)
    (refine): Sequential(
      (0): Conv2d(3, 32, kernel_size=(3, 3), stride=(1, 1), padding=(1, 1))
      (1): ReLU(inplace=True)
      (2): Conv2d(32, 32, kernel_size=(3, 3), stride=(1, 1), padding=(1, 1))
      (3): ReLU(inplace=True)
      (4): Conv2d(32, 3, kernel_size=(3, 3), stride=(1, 1), padding=(1, 1))
    )
  )
)
Grid Level 0: 16,800 params | Resolution: 35x20x4
Grid Level 1: 24,192 params | Resolution: 42x24x4
Grid Level 2: 35,496 params | Resolution: 51x29x4
Grid Level 3: 52,080 params | Resolution: 62x35x4
Grid Level 4: 74,592 params | Resolution: 74x42x4
Grid Level 5: 132,000 params | Resolution: 88x50x5
Grid Level 6: 228,960 params | Resolution: 106x60x6
Grid Level 7: 387,072 params | Resolution: 128x72x7
Grid Level 8: 643,104 params | Resolution: 154x87x8
Grid Level 9: 1,148,160 params | Resolution: 184x104x10
================================================== 详细参数统计 ==================================================
Grid: 2,742,456 (90.4%)
PE: 14 (0.0%)
Gate: 20,880 (0.7%)
Mod: 18,976 (0.6%)
Decoder: 249,862 (8.2%)
================================================== 参数量汇总 ==================================================
总参数: 3,032,188
参数大小: 3.03 MB
===========================================================================================================


================================================== 实验参数 ==================================================
data_root: ./data/bunny
batch_size: 1
epochs: 1200
lr: 0.005
weight_decay: 1e-06
lr_type: cosine
warmup: 240
eval_only: False
fixed_res: [720, 1280]
grid_levels: 10
grid_feat_dim: 6
base_resolution: 20
finest_resolution: 104
aspect_ratio: [16, 9]
time_scale: 0.1
pe_freq: 14
hidden_dim: 256
base_res: [720, 1280]
min_scale: 0.5
max_scale: 1.2
frame_interval: 1
out_dir: ./output/test
exp_name: bunny_new_decoder_modulation_1
save_interval: 50
log_interval: 50
resume: None
eval_freq: 50
dump_images: False
loss_type: L2
==================================================

epoch [1/1200] batch [1/132] loss: 0.0659 psnr: 11.81 dB  msssim: 0.3190
epoch [1/1200] batch [51/132] loss: 0.0092 psnr: 17.72 dB  msssim: 0.5139
epoch [1/1200] batch [101/132] loss: 0.0035 psnr: 20.59 dB  msssim: 0.6279
epoch [1/1200] batch [132/132] loss: 0.0043 psnr: 21.50 dB  msssim: 0.6675
======  Epoch 1 完成 ======LOSS: 0.0116 | PSNR: 21.50 dB | BEST: 21.50 dB | MSSSIM: 0.6675 | TIME: 71.72秒 | LR: 5.186e-04
epoch [2/1200] batch [1/132] loss: 0.0040 psnr: 23.95 dB  msssim: 0.7931
epoch [2/1200] batch [51/132] loss: 0.0052 psnr: 24.76 dB  msssim: 0.8066
epoch [2/1200] batch [101/132] loss: 0.0039 psnr: 24.92 dB  msssim: 0.8163
epoch [2/1200] batch [132/132] loss: 0.0051 psnr: 25.01 dB  msssim: 0.8175
======  Epoch 2 完成 ======LOSS: 0.0035 | PSNR: 25.01 dB | BEST: 25.01 dB | MSSSIM: 0.8175 | TIME: 60.39秒 | LR: 5.374e-04
epoch [3/1200] batch [1/132] loss: 0.0020 psnr: 27.08 dB  msssim: 0.8800
epoch [3/1200] batch [51/132] loss: 0.0018 psnr: 25.92 dB  msssim: 0.8506
epoch [3/1200] batch [101/132] loss: 0.0038 psnr: 25.42 dB  msssim: 0.8346
epoch [3/1200] batch [132/132] loss: 0.0015 psnr: 25.40 dB  msssim: 0.8349
======  Epoch 3 完成 ======LOSS: 0.0032 | PSNR: 25.40 dB | BEST: 25.40 dB | MSSSIM: 0.8349 | TIME: 60.26秒 | LR: 5.561e-04
epoch [4/1200] batch [1/132] loss: 0.0015 psnr: 28.22 dB  msssim: 0.9090
epoch [4/1200] batch [51/132] loss: 0.0021 psnr: 25.80 dB  msssim: 0.8508
epoch [4/1200] batch [101/132] loss: 0.0014 psnr: 25.83 dB  msssim: 0.8497
epoch [4/1200] batch [132/132] loss: 0.0028 psnr: 25.82 dB  msssim: 0.8492
======  Epoch 4 完成 ======LOSS: 0.0029 | PSNR: 25.82 dB | BEST: 25.82 dB | MSSSIM: 0.8492 | TIME: 60.35秒 | LR: 5.749e-04
epoch [5/1200] batch [1/132] loss: 0.0026 psnr: 25.82 dB  msssim: 0.8680
epoch [5/1200] batch [51/132] loss: 0.0044 psnr: 26.52 dB  msssim: 0.8666
epoch [5/1200] batch [101/132] loss: 0.0025 psnr: 26.26 dB  msssim: 0.8614
epoch [5/1200] batch [132/132] loss: 0.0037 psnr: 26.29 dB  msssim: 0.8630
======  Epoch 5 完成 ======LOSS: 0.0027 | PSNR: 26.29 dB | BEST: 26.29 dB | MSSSIM: 0.8630 | TIME: 60.32秒 | LR: 5.936e-04
epoch [6/1200] batch [1/132] loss: 0.0012 psnr: 29.23 dB  msssim: 0.9310
epoch [6/1200] batch [51/132] loss: 0.0046 psnr: 27.11 dB  msssim: 0.8842
epoch [6/1200] batch [101/132] loss: 0.0010 psnr: 26.81 dB  msssim: 0.8751
epoch [6/1200] batch [132/132] loss: 0.0012 psnr: 26.83 dB  msssim: 0.8761
======  Epoch 6 完成 ======LOSS: 0.0024 | PSNR: 26.83 dB | BEST: 26.83 dB | MSSSIM: 0.8761 | TIME: 60.25秒 | LR: 6.124e-04
epoch [7/1200] batch [1/132] loss: 0.0028 psnr: 25.48 dB  msssim: 0.8285
epoch [7/1200] batch [51/132] loss: 0.0017 psnr: 27.51 dB  msssim: 0.8927
epoch [7/1200] batch [101/132] loss: 0.0021 psnr: 27.36 dB  msssim: 0.8888
epoch [7/1200] batch [132/132] loss: 0.0025 psnr: 27.30 dB  msssim: 0.8880
======  Epoch 7 完成 ======LOSS: 0.0022 | PSNR: 27.30 dB | BEST: 27.30 dB | MSSSIM: 0.8880 | TIME: 60.27秒 | LR: 6.311e-04
epoch [8/1200] batch [1/132] loss: 0.0018 psnr: 27.40 dB  msssim: 0.8916
epoch [8/1200] batch [51/132] loss: 0.0016 psnr: 27.69 dB  msssim: 0.8986
epoch [8/1200] batch [101/132] loss: 0.0008 psnr: 27.60 dB  msssim: 0.8971
epoch [8/1200] batch [132/132] loss: 0.0019 psnr: 27.53 dB  msssim: 0.8944
======  Epoch 8 完成 ======LOSS: 0.0021 | PSNR: 27.53 dB | BEST: 27.53 dB | MSSSIM: 0.8944 | TIME: 60.27秒 | LR: 6.499e-04
epoch [9/1200] batch [1/132] loss: 0.0025 psnr: 26.10 dB  msssim: 0.8442
epoch [9/1200] batch [51/132] loss: 0.0046 psnr: 27.85 dB  msssim: 0.9019
epoch [9/1200] batch [101/132] loss: 0.0020 psnr: 27.71 dB  msssim: 0.8993
epoch [9/1200] batch [132/132] loss: 0.0030 psnr: 27.79 dB  msssim: 0.9006
======  Epoch 9 完成 ======LOSS: 0.0020 | PSNR: 27.79 dB | BEST: 27.79 dB | MSSSIM: 0.9006 | TIME: 60.37秒 | LR: 6.686e-04
epoch [10/1200] batch [1/132] loss: 0.0006 psnr: 31.89 dB  msssim: 0.9632
epoch [10/1200] batch [51/132] loss: 0.0006 psnr: 28.73 dB  msssim: 0.9165
epoch [10/1200] batch [101/132] loss: 0.0017 psnr: 28.34 dB  msssim: 0.9092
epoch [10/1200] batch [132/132] loss: 0.0019 psnr: 28.17 dB  msssim: 0.9065
======  Epoch 10 完成 ======LOSS: 0.0018 | PSNR: 28.17 dB | BEST: 28.17 dB | MSSSIM: 0.9065 | TIME: 60.32秒 | LR: 6.874e-04
epoch [11/1200] batch [1/132] loss: 0.0008 psnr: 30.82 dB  msssim: 0.9628
epoch [11/1200] batch [51/132] loss: 0.0017 psnr: 28.70 dB  msssim: 0.9129
epoch [11/1200] batch [101/132] loss: 0.0024 psnr: 28.48 dB  msssim: 0.9109
epoch [11/1200] batch [132/132] loss: 0.0018 psnr: 28.43 dB  msssim: 0.9123
======  Epoch 11 完成 ======LOSS: 0.0017 | PSNR: 28.43 dB | BEST: 28.43 dB | MSSSIM: 0.9123 | TIME: 60.30秒 | LR: 7.061e-04
epoch [12/1200] batch [1/132] loss: 0.0023 psnr: 26.47 dB  msssim: 0.8568
epoch [12/1200] batch [51/132] loss: 0.0008 psnr: 28.74 dB  msssim: 0.9140
epoch [12/1200] batch [101/132] loss: 0.0014 psnr: 28.78 dB  msssim: 0.9164
epoch [12/1200] batch [132/132] loss: 0.0027 psnr: 28.58 dB  msssim: 0.9149
======  Epoch 12 完成 ======LOSS: 0.0017 | PSNR: 28.58 dB | BEST: 28.58 dB | MSSSIM: 0.9149 | TIME: 60.28秒 | LR: 7.249e-04
epoch [13/1200] batch [1/132] loss: 0.0035 psnr: 24.58 dB  msssim: 0.8143
epoch [13/1200] batch [51/132] loss: 0.0022 psnr: 28.87 dB  msssim: 0.9216
epoch [13/1200] batch [101/132] loss: 0.0017 psnr: 28.63 dB  msssim: 0.9163
epoch [13/1200] batch [132/132] loss: 0.0029 psnr: 28.80 dB  msssim: 0.9190
======  Epoch 13 完成 ======LOSS: 0.0016 | PSNR: 28.80 dB | BEST: 28.80 dB | MSSSIM: 0.9190 | TIME: 60.29秒 | LR: 7.436e-04
epoch [14/1200] batch [1/132] loss: 0.0007 psnr: 31.76 dB  msssim: 0.9616
epoch [14/1200] batch [51/132] loss: 0.0004 psnr: 29.73 dB  msssim: 0.9341
epoch [14/1200] batch [101/132] loss: 0.0017 psnr: 29.26 dB  msssim: 0.9257
epoch [14/1200] batch [132/132] loss: 0.0010 psnr: 29.04 dB  msssim: 0.9225
======  Epoch 14 完成 ======LOSS: 0.0015 | PSNR: 29.04 dB | BEST: 29.04 dB | MSSSIM: 0.9225 | TIME: 60.41秒 | LR: 7.624e-04
epoch [15/1200] batch [1/132] loss: 0.0006 psnr: 32.21 dB  msssim: 0.9699
epoch [15/1200] batch [51/132] loss: 0.0017 psnr: 29.18 dB  msssim: 0.9260
epoch [15/1200] batch [101/132] loss: 0.0011 psnr: 28.82 dB  msssim: 0.9210
epoch [15/1200] batch [132/132] loss: 0.0008 psnr: 29.07 dB  msssim: 0.9246
======  Epoch 15 完成 ======LOSS: 0.0015 | PSNR: 29.07 dB | BEST: 29.07 dB | MSSSIM: 0.9246 | TIME: 60.38秒 | LR: 7.811e-04
epoch [16/1200] batch [1/132] loss: 0.0004 psnr: 34.03 dB  msssim: 0.9776
epoch [16/1200] batch [51/132] loss: 0.0005 psnr: 29.29 dB  msssim: 0.9262
epoch [16/1200] batch [101/132] loss: 0.0019 psnr: 29.35 dB  msssim: 0.9285
epoch [16/1200] batch [132/132] loss: 0.0005 psnr: 29.38 dB  msssim: 0.9285
======  Epoch 16 完成 ======LOSS: 0.0014 | PSNR: 29.38 dB | BEST: 29.38 dB | MSSSIM: 0.9285 | TIME: 60.39秒 | LR: 7.999e-04
epoch [17/1200] batch [1/132] loss: 0.0018 psnr: 27.56 dB  msssim: 0.8973
epoch [17/1200] batch [51/132] loss: 0.0009 psnr: 29.24 dB  msssim: 0.9235
epoch [17/1200] batch [101/132] loss: 0.0010 psnr: 29.47 dB  msssim: 0.9290
epoch [17/1200] batch [132/132] loss: 0.0014 psnr: 29.62 dB  msssim: 0.9316
======  Epoch 17 完成 ======LOSS: 0.0013 | PSNR: 29.62 dB | BEST: 29.62 dB | MSSSIM: 0.9316 | TIME: 60.37秒 | LR: 8.186e-04
epoch [18/1200] batch [1/132] loss: 0.0017 psnr: 27.65 dB  msssim: 0.8932
epoch [18/1200] batch [51/132] loss: 0.0011 psnr: 30.70 dB  msssim: 0.9469
epoch [18/1200] batch [101/132] loss: 0.0024 psnr: 30.07 dB  msssim: 0.9399
epoch [18/1200] batch [132/132] loss: 0.0021 psnr: 29.58 dB  msssim: 0.9318
======  Epoch 18 完成 ======LOSS: 0.0013 | PSNR: 29.58 dB | BEST: 29.62 dB | MSSSIM: 0.9318 | TIME: 60.36秒 | LR: 8.374e-04
epoch [19/1200] batch [1/132] loss: 0.0012 psnr: 29.25 dB  msssim: 0.9333
epoch [19/1200] batch [51/132] loss: 0.0017 psnr: 29.29 dB  msssim: 0.9304
epoch [19/1200] batch [101/132] loss: 0.0023 psnr: 29.65 dB  msssim: 0.9331
epoch [19/1200] batch [132/132] loss: 0.0026 psnr: 29.71 dB  msssim: 0.9339
======  Epoch 19 完成 ======LOSS: 0.0013 | PSNR: 29.71 dB | BEST: 29.71 dB | MSSSIM: 0.9339 | TIME: 60.33秒 | LR: 8.561e-04
epoch [20/1200] batch [1/132] loss: 0.0013 psnr: 29.03 dB  msssim: 0.9407
epoch [20/1200] batch [51/132] loss: 0.0027 psnr: 29.65 dB  msssim: 0.9348
epoch [20/1200] batch [101/132] loss: 0.0011 psnr: 30.10 dB  msssim: 0.9388
epoch [20/1200] batch [132/132] loss: 0.0010 psnr: 30.02 dB  msssim: 0.9372
======  Epoch 20 完成 ======LOSS: 0.0012 | PSNR: 30.02 dB | BEST: 30.02 dB | MSSSIM: 0.9372 | TIME: 60.38秒 | LR: 8.749e-04
epoch [21/1200] batch [1/132] loss: 0.0005 psnr: 32.91 dB  msssim: 0.9770
epoch [21/1200] batch [51/132] loss: 0.0011 psnr: 29.96 dB  msssim: 0.9381
epoch [21/1200] batch [101/132] loss: 0.0026 psnr: 30.25 dB  msssim: 0.9405
epoch [21/1200] batch [132/132] loss: 0.0030 psnr: 30.05 dB  msssim: 0.9385
======  Epoch 21 完成 ======LOSS: 0.0012 | PSNR: 30.05 dB | BEST: 30.05 dB | MSSSIM: 0.9385 | TIME: 60.28秒 | LR: 8.936e-04
epoch [22/1200] batch [1/132] loss: 0.0015 psnr: 28.31 dB  msssim: 0.9037
epoch [22/1200] batch [51/132] loss: 0.0011 psnr: 30.89 dB  msssim: 0.9478
epoch [22/1200] batch [101/132] loss: 0.0005 psnr: 30.60 dB  msssim: 0.9430
epoch [22/1200] batch [132/132] loss: 0.0005 psnr: 30.41 dB  msssim: 0.9415
======  Epoch 22 完成 ======LOSS: 0.0011 | PSNR: 30.41 dB | BEST: 30.41 dB | MSSSIM: 0.9415 | TIME: 60.33秒 | LR: 9.124e-04
epoch [23/1200] batch [1/132] loss: 0.0005 psnr: 32.89 dB  msssim: 0.9768
epoch [23/1200] batch [51/132] loss: 0.0012 psnr: 30.20 dB  msssim: 0.9380
epoch [23/1200] batch [101/132] loss: 0.0013 psnr: 30.59 dB  msssim: 0.9430
epoch [23/1200] batch [132/132] loss: 0.0004 psnr: 30.50 dB  msssim: 0.9423
======  Epoch 23 完成 ======LOSS: 0.0011 | PSNR: 30.50 dB | BEST: 30.50 dB | MSSSIM: 0.9423 | TIME: 60.36秒 | LR: 9.311e-04
epoch [24/1200] batch [1/132] loss: 0.0005 psnr: 33.08 dB  msssim: 0.9774
epoch [24/1200] batch [51/132] loss: 0.0009 psnr: 30.52 dB  msssim: 0.9410
epoch [24/1200] batch [101/132] loss: 0.0011 psnr: 30.46 dB  msssim: 0.9421
epoch [24/1200] batch [132/132] loss: 0.0008 psnr: 30.47 dB  msssim: 0.9432
======  Epoch 24 完成 ======LOSS: 0.0011 | PSNR: 30.47 dB | BEST: 30.50 dB | MSSSIM: 0.9432 | TIME: 60.36秒 | LR: 9.499e-04
epoch [25/1200] batch [1/132] loss: 0.0013 psnr: 28.74 dB  msssim: 0.9274
epoch [25/1200] batch [51/132] loss: 0.0004 psnr: 30.37 dB  msssim: 0.9440
epoch [25/1200] batch [101/132] loss: 0.0029 psnr: 30.53 dB  msssim: 0.9432
epoch [25/1200] batch [132/132] loss: 0.0003 psnr: 30.45 dB  msssim: 0.9430
======  Epoch 25 完成 ======LOSS: 0.0011 | PSNR: 30.45 dB | BEST: 30.50 dB | MSSSIM: 0.9430 | TIME: 60.34秒 | LR: 9.686e-04
epoch [26/1200] batch [1/132] loss: 0.0012 psnr: 29.33 dB  msssim: 0.9490
epoch [26/1200] batch [51/132] loss: 0.0007 psnr: 30.76 dB  msssim: 0.9466
epoch [26/1200] batch [101/132] loss: 0.0015 psnr: 31.07 dB  msssim: 0.9508
epoch [26/1200] batch [132/132] loss: 0.0020 psnr: 30.80 dB  msssim: 0.9469
======  Epoch 26 完成 ======LOSS: 0.0010 | PSNR: 30.80 dB | BEST: 30.80 dB | MSSSIM: 0.9469 | TIME: 60.33秒 | LR: 9.874e-04
epoch [27/1200] batch [1/132] loss: 0.0014 psnr: 28.58 dB  msssim: 0.9248
epoch [27/1200] batch [51/132] loss: 0.0004 psnr: 30.72 dB  msssim: 0.9458
epoch [27/1200] batch [101/132] loss: 0.0012 psnr: 31.03 dB  msssim: 0.9488
epoch [27/1200] batch [132/132] loss: 0.0003 psnr: 30.91 dB  msssim: 0.9478
======  Epoch 27 完成 ======LOSS: 0.0010 | PSNR: 30.91 dB | BEST: 30.91 dB | MSSSIM: 0.9478 | TIME: 60.36秒 | LR: 1.006e-03
epoch [28/1200] batch [1/132] loss: 0.0015 psnr: 28.11 dB  msssim: 0.9179
epoch [28/1200] batch [51/132] loss: 0.0005 psnr: 30.89 dB  msssim: 0.9457
epoch [28/1200] batch [101/132] loss: 0.0015 psnr: 31.03 dB  msssim: 0.9497
epoch [28/1200] batch [132/132] loss: 0.0017 psnr: 30.99 dB  msssim: 0.9488
======  Epoch 28 完成 ======LOSS: 0.0010 | PSNR: 30.99 dB | BEST: 30.99 dB | MSSSIM: 0.9488 | TIME: 60.31秒 | LR: 1.025e-03
epoch [29/1200] batch [1/132] loss: 0.0018 psnr: 27.41 dB  msssim: 0.8919
epoch [29/1200] batch [51/132] loss: 0.0003 psnr: 30.92 dB  msssim: 0.9475
epoch [29/1200] batch [101/132] loss: 0.0009 psnr: 30.75 dB  msssim: 0.9474
epoch [29/1200] batch [132/132] loss: 0.0024 psnr: 30.82 dB  msssim: 0.9483
======  Epoch 29 完成 ======LOSS: 0.0010 | PSNR: 30.82 dB | BEST: 30.99 dB | MSSSIM: 0.9483 | TIME: 60.37秒 | LR: 1.044e-03
epoch [30/1200] batch [1/132] loss: 0.0008 psnr: 30.81 dB  msssim: 0.9562
epoch [30/1200] batch [51/132] loss: 0.0006 psnr: 31.43 dB  msssim: 0.9550
epoch [30/1200] batch [101/132] loss: 0.0005 psnr: 31.09 dB  msssim: 0.9517
epoch [30/1200] batch [132/132] loss: 0.0012 psnr: 30.89 dB  msssim: 0.9500
======  Epoch 30 完成 ======LOSS: 0.0010 | PSNR: 30.89 dB | BEST: 30.99 dB | MSSSIM: 0.9500 | TIME: 60.36秒 | LR: 1.062e-03
epoch [31/1200] batch [1/132] loss: 0.0003 psnr: 34.98 dB  msssim: 0.9829
epoch [31/1200] batch [51/132] loss: 0.0021 psnr: 31.19 dB  msssim: 0.9547
epoch [31/1200] batch [101/132] loss: 0.0013 psnr: 30.87 dB  msssim: 0.9509
epoch [31/1200] batch [132/132] loss: 0.0007 psnr: 30.89 dB  msssim: 0.9498
======  Epoch 31 完成 ======LOSS: 0.0010 | PSNR: 30.89 dB | BEST: 30.99 dB | MSSSIM: 0.9498 | TIME: 60.35秒 | LR: 1.081e-03
epoch [32/1200] batch [1/132] loss: 0.0012 psnr: 29.38 dB  msssim: 0.9413
epoch [32/1200] batch [51/132] loss: 0.0006 psnr: 31.62 dB  msssim: 0.9553
epoch [32/1200] batch [101/132] loss: 0.0004 psnr: 31.48 dB  msssim: 0.9532
epoch [32/1200] batch [132/132] loss: 0.0025 psnr: 31.43 dB  msssim: 0.9533
======  Epoch 32 完成 ======LOSS: 0.0009 | PSNR: 31.43 dB | BEST: 31.43 dB | MSSSIM: 0.9533 | TIME: 60.43秒 | LR: 1.100e-03
epoch [33/1200] batch [1/132] loss: 0.0016 psnr: 28.04 dB  msssim: 0.9069
epoch [33/1200] batch [51/132] loss: 0.0004 psnr: 31.38 dB  msssim: 0.9532
epoch [33/1200] batch [101/132] loss: 0.0004 psnr: 31.29 dB  msssim: 0.9522
epoch [33/1200] batch [132/132] loss: 0.0004 psnr: 31.24 dB  msssim: 0.9519
======  Epoch 33 完成 ======LOSS: 0.0009 | PSNR: 31.24 dB | BEST: 31.43 dB | MSSSIM: 0.9519 | TIME: 60.47秒 | LR: 1.119e-03
epoch [34/1200] batch [1/132] loss: 0.0003 psnr: 34.98 dB  msssim: 0.9834
epoch [34/1200] batch [51/132] loss: 0.0008 psnr: 31.74 dB  msssim: 0.9568
epoch [34/1200] batch [101/132] loss: 0.0009 psnr: 31.53 dB  msssim: 0.9540
epoch [34/1200] batch [132/132] loss: 0.0008 psnr: 31.55 dB  msssim: 0.9543
======  Epoch 34 完成 ======LOSS: 0.0008 | PSNR: 31.55 dB | BEST: 31.55 dB | MSSSIM: 0.9543 | TIME: 60.41秒 | LR: 1.137e-03
epoch [35/1200] batch [1/132] loss: 0.0006 psnr: 32.48 dB  msssim: 0.9734
epoch [35/1200] batch [51/132] loss: 0.0003 psnr: 32.31 dB  msssim: 0.9624
epoch [35/1200] batch [101/132] loss: 0.0005 psnr: 31.80 dB  msssim: 0.9559
epoch [35/1200] batch [132/132] loss: 0.0016 psnr: 31.76 dB  msssim: 0.9561
======  Epoch 35 完成 ======LOSS: 0.0008 | PSNR: 31.76 dB | BEST: 31.76 dB | MSSSIM: 0.9561 | TIME: 60.40秒 | LR: 1.156e-03
epoch [36/1200] batch [1/132] loss: 0.0010 psnr: 30.15 dB  msssim: 0.9418
epoch [36/1200] batch [51/132] loss: 0.0003 psnr: 32.03 dB  msssim: 0.9596
epoch [36/1200] batch [101/132] loss: 0.0014 psnr: 32.02 dB  msssim: 0.9589
epoch [36/1200] batch [132/132] loss: 0.0019 psnr: 31.79 dB  msssim: 0.9569
======  Epoch 36 完成 ======LOSS: 0.0008 | PSNR: 31.79 dB | BEST: 31.79 dB | MSSSIM: 0.9569 | TIME: 60.37秒 | LR: 1.175e-03
epoch [37/1200] batch [1/132] loss: 0.0007 psnr: 31.69 dB  msssim: 0.9649
epoch [37/1200] batch [51/132] loss: 0.0009 psnr: 31.23 dB  msssim: 0.9528
epoch [37/1200] batch [101/132] loss: 0.0005 psnr: 31.61 dB  msssim: 0.9565
epoch [37/1200] batch [132/132] loss: 0.0015 psnr: 31.58 dB  msssim: 0.9562
======  Epoch 37 完成 ======LOSS: 0.0008 | PSNR: 31.58 dB | BEST: 31.79 dB | MSSSIM: 0.9562 | TIME: 60.35秒 | LR: 1.194e-03
epoch [38/1200] batch [1/132] loss: 0.0007 psnr: 31.28 dB  msssim: 0.9583
epoch [38/1200] batch [51/132] loss: 0.0005 psnr: 31.67 dB  msssim: 0.9584
epoch [38/1200] batch [101/132] loss: 0.0004 psnr: 31.80 dB  msssim: 0.9578
epoch [38/1200] batch [132/132] loss: 0.0012 psnr: 31.73 dB  msssim: 0.9570
======  Epoch 38 完成 ======LOSS: 0.0008 | PSNR: 31.73 dB | BEST: 31.79 dB | MSSSIM: 0.9570 | TIME: 60.35秒 | LR: 1.212e-03
epoch [39/1200] batch [1/132] loss: 0.0008 psnr: 30.84 dB  msssim: 0.9600
epoch [39/1200] batch [51/132] loss: 0.0005 psnr: 32.07 dB  msssim: 0.9594
epoch [39/1200] batch [101/132] loss: 0.0004 psnr: 32.03 dB  msssim: 0.9599
epoch [39/1200] batch [132/132] loss: 0.0005 psnr: 31.78 dB  msssim: 0.9582
======  Epoch 39 完成 ======LOSS: 0.0008 | PSNR: 31.78 dB | BEST: 31.79 dB | MSSSIM: 0.9582 | TIME: 60.39秒 | LR: 1.231e-03
epoch [40/1200] batch [1/132] loss: 0.0011 psnr: 29.53 dB  msssim: 0.9553
epoch [40/1200] batch [51/132] loss: 0.0007 psnr: 31.55 dB  msssim: 0.9561
epoch [40/1200] batch [101/132] loss: 0.0003 psnr: 31.92 dB  msssim: 0.9600
epoch [40/1200] batch [132/132] loss: 0.0011 psnr: 31.61 dB  msssim: 0.9574
======  Epoch 40 完成 ======LOSS: 0.0008 | PSNR: 31.61 dB | BEST: 31.79 dB | MSSSIM: 0.9574 | TIME: 60.36秒 | LR: 1.250e-03
epoch [41/1200] batch [1/132] loss: 0.0014 psnr: 28.49 dB  msssim: 0.9254
epoch [41/1200] batch [51/132] loss: 0.0006 psnr: 31.24 dB  msssim: 0.9549
epoch [41/1200] batch [101/132] loss: 0.0008 psnr: 31.36 dB  msssim: 0.9554
epoch [41/1200] batch [132/132] loss: 0.0003 psnr: 31.56 dB  msssim: 0.9566
======  Epoch 41 完成 ======LOSS: 0.0008 | PSNR: 31.56 dB | BEST: 31.79 dB | MSSSIM: 0.9566 | TIME: 60.36秒 | LR: 1.269e-03
epoch [42/1200] batch [1/132] loss: 0.0009 psnr: 30.59 dB  msssim: 0.9522
epoch [42/1200] batch [51/132] loss: 0.0002 psnr: 32.42 dB  msssim: 0.9633
epoch [42/1200] batch [101/132] loss: 0.0004 psnr: 32.17 dB  msssim: 0.9607
epoch [42/1200] batch [132/132] loss: 0.0006 psnr: 31.99 dB  msssim: 0.9594
======  Epoch 42 完成 ======LOSS: 0.0007 | PSNR: 31.99 dB | BEST: 31.99 dB | MSSSIM: 0.9594 | TIME: 60.38秒 | LR: 1.287e-03
epoch [43/1200] batch [1/132] loss: 0.0004 psnr: 34.24 dB  msssim: 0.9829
epoch [43/1200] batch [51/132] loss: 0.0004 psnr: 32.27 dB  msssim: 0.9615
epoch [43/1200] batch [101/132] loss: 0.0003 psnr: 32.02 dB  msssim: 0.9599
epoch [43/1200] batch [132/132] loss: 0.0014 psnr: 32.12 dB  msssim: 0.9606
======  Epoch 43 完成 ======LOSS: 0.0007 | PSNR: 32.12 dB | BEST: 32.12 dB | MSSSIM: 0.9606 | TIME: 60.48秒 | LR: 1.306e-03
epoch [44/1200] batch [1/132] loss: 0.0011 psnr: 29.45 dB  msssim: 0.9313
epoch [44/1200] batch [51/132] loss: 0.0007 psnr: 32.40 dB  msssim: 0.9618
epoch [44/1200] batch [101/132] loss: 0.0006 psnr: 32.23 dB  msssim: 0.9618
epoch [44/1200] batch [132/132] loss: 0.0006 psnr: 32.14 dB  msssim: 0.9612
======  Epoch 44 完成 ======LOSS: 0.0007 | PSNR: 32.14 dB | BEST: 32.14 dB | MSSSIM: 0.9612 | TIME: 60.44秒 | LR: 1.325e-03
epoch [45/1200] batch [1/132] loss: 0.0013 psnr: 28.81 dB  msssim: 0.9250
epoch [45/1200] batch [51/132] loss: 0.0003 psnr: 32.21 dB  msssim: 0.9628
epoch [45/1200] batch [101/132] loss: 0.0004 psnr: 32.22 dB  msssim: 0.9623
epoch [45/1200] batch [132/132] loss: 0.0010 psnr: 32.12 dB  msssim: 0.9612
======  Epoch 45 完成 ======LOSS: 0.0007 | PSNR: 32.12 dB | BEST: 32.14 dB | MSSSIM: 0.9612 | TIME: 60.47秒 | LR: 1.344e-03
epoch [46/1200] batch [1/132] loss: 0.0007 psnr: 31.41 dB  msssim: 0.9591
epoch [46/1200] batch [51/132] loss: 0.0012 psnr: 32.23 dB  msssim: 0.9622
epoch [46/1200] batch [101/132] loss: 0.0018 psnr: 32.13 dB  msssim: 0.9616
epoch [46/1200] batch [132/132] loss: 0.0007 psnr: 32.09 dB  msssim: 0.9613
======  Epoch 46 完成 ======LOSS: 0.0007 | PSNR: 32.09 dB | BEST: 32.14 dB | MSSSIM: 0.9613 | TIME: 60.49秒 | LR: 1.362e-03
epoch [47/1200] batch [1/132] loss: 0.0005 psnr: 33.01 dB  msssim: 0.9751
epoch [47/1200] batch [51/132] loss: 0.0006 psnr: 31.48 dB  msssim: 0.9547
epoch [47/1200] batch [101/132] loss: 0.0005 psnr: 31.83 dB  msssim: 0.9584
epoch [47/1200] batch [132/132] loss: 0.0011 psnr: 32.00 dB  msssim: 0.9605
======  Epoch 47 完成 ======LOSS: 0.0007 | PSNR: 32.00 dB | BEST: 32.14 dB | MSSSIM: 0.9605 | TIME: 60.51秒 | LR: 1.381e-03
epoch [48/1200] batch [1/132] loss: 0.0014 psnr: 28.55 dB  msssim: 0.9243
epoch [48/1200] batch [51/132] loss: 0.0010 psnr: 32.02 dB  msssim: 0.9603
epoch [48/1200] batch [101/132] loss: 0.0002 psnr: 32.27 dB  msssim: 0.9619
epoch [48/1200] batch [132/132] loss: 0.0004 psnr: 32.36 dB  msssim: 0.9627
======  Epoch 48 完成 ======LOSS: 0.0007 | PSNR: 32.36 dB | BEST: 32.36 dB | MSSSIM: 0.9627 | TIME: 60.40秒 | LR: 1.400e-03
epoch [49/1200] batch [1/132] loss: 0.0012 psnr: 29.24 dB  msssim: 0.9306
epoch [49/1200] batch [51/132] loss: 0.0004 psnr: 32.57 dB  msssim: 0.9647
epoch [49/1200] batch [101/132] loss: 0.0012 psnr: 32.52 dB  msssim: 0.9639
epoch [49/1200] batch [132/132] loss: 0.0002 psnr: 32.44 dB  msssim: 0.9632
======  Epoch 49 完成 ======LOSS: 0.0007 | PSNR: 32.44 dB | BEST: 32.44 dB | MSSSIM: 0.9632 | TIME: 60.36秒 | LR: 1.419e-03
epoch [50/1200] batch [1/132] loss: 0.0003 psnr: 35.13 dB  msssim: 0.9851
epoch [50/1200] batch [51/132] loss: 0.0007 psnr: 32.02 dB  msssim: 0.9601
epoch [50/1200] batch [101/132] loss: 0.0010 psnr: 32.13 dB  msssim: 0.9618
epoch [50/1200] batch [132/132] loss: 0.0003 psnr: 32.13 dB  msssim: 0.9622
======  Epoch 50 完成 ======LOSS: 0.0007 | PSNR: 32.13 dB | BEST: 32.44 dB | MSSSIM: 0.9622 | TIME: 60.41秒 | LR: 1.437e-03
Step [1/132] | Val PSNR: 32.31 dB | Val MSSSIM: 0.9676 | FPS: 45.94
Step [51/132] | Val PSNR: 30.25 dB | Val MSSSIM: 0.9456 | FPS: 200.44
Step [101/132] | Val PSNR: 32.06 dB | Val MSSSIM: 0.9605 | FPS: 209.77
Step [132/132] | Val PSNR: 32.43 dB | Val MSSSIM: 0.9654 | FPS: 211.58
== Epoch 50 测试完成 == PSNR: 32.43 dB | BEST: 32.44 dB | MSSSIM: 0.9654 | TIME: 18.77秒 | 
epoch [51/1200] batch [1/132] loss: 0.0009 psnr: 30.23 dB  msssim: 0.9404
epoch [51/1200] batch [51/132] loss: 0.0008 psnr: 32.35 dB  msssim: 0.9655
epoch [51/1200] batch [101/132] loss: 0.0003 psnr: 32.18 dB  msssim: 0.9621
epoch [51/1200] batch [132/132] loss: 0.0004 psnr: 32.35 dB  msssim: 0.9634
======  Epoch 51 完成 ======LOSS: 0.0007 | PSNR: 32.35 dB | BEST: 32.44 dB | MSSSIM: 0.9634 | TIME: 60.53秒 | LR: 1.456e-03
epoch [52/1200] batch [1/132] loss: 0.0009 psnr: 30.30 dB  msssim: 0.9522
epoch [52/1200] batch [51/132] loss: 0.0011 psnr: 32.42 dB  msssim: 0.9642
epoch [52/1200] batch [101/132] loss: 0.0004 psnr: 32.71 dB  msssim: 0.9650
epoch [52/1200] batch [132/132] loss: 0.0004 psnr: 32.71 dB  msssim: 0.9648
======  Epoch 52 完成 ======LOSS: 0.0006 | PSNR: 32.71 dB | BEST: 32.71 dB | MSSSIM: 0.9648 | TIME: 60.58秒 | LR: 1.475e-03
epoch [53/1200] batch [1/132] loss: 0.0010 psnr: 29.98 dB  msssim: 0.9375
epoch [53/1200] batch [51/132] loss: 0.0002 psnr: 32.99 dB  msssim: 0.9671
epoch [53/1200] batch [101/132] loss: 0.0002 psnr: 32.88 dB  msssim: 0.9665
epoch [53/1200] batch [132/132] loss: 0.0003 psnr: 32.77 dB  msssim: 0.9656
======  Epoch 53 完成 ======LOSS: 0.0006 | PSNR: 32.77 dB | BEST: 32.77 dB | MSSSIM: 0.9656 | TIME: 60.48秒 | LR: 1.494e-03
epoch [54/1200] batch [1/132] loss: 0.0004 psnr: 34.07 dB  msssim: 0.9781
epoch [54/1200] batch [51/132] loss: 0.0004 psnr: 32.20 dB  msssim: 0.9640
epoch [54/1200] batch [101/132] loss: 0.0006 psnr: 32.45 dB  msssim: 0.9645
epoch [54/1200] batch [132/132] loss: 0.0009 psnr: 32.51 dB  msssim: 0.9650
======  Epoch 54 完成 ======LOSS: 0.0006 | PSNR: 32.51 dB | BEST: 32.77 dB | MSSSIM: 0.9650 | TIME: 60.55秒 | LR: 1.512e-03
epoch [55/1200] batch [1/132] loss: 0.0003 psnr: 35.61 dB  msssim: 0.9859
epoch [55/1200] batch [51/132] loss: 0.0005 psnr: 32.18 dB  msssim: 0.9645
epoch [55/1200] batch [101/132] loss: 0.0006 psnr: 32.28 dB  msssim: 0.9642
epoch [55/1200] batch [132/132] loss: 0.0011 psnr: 32.34 dB  msssim: 0.9641
======  Epoch 55 完成 ======LOSS: 0.0007 | PSNR: 32.34 dB | BEST: 32.77 dB | MSSSIM: 0.9641 | TIME: 60.54秒 | LR: 1.531e-03
epoch [56/1200] batch [1/132] loss: 0.0003 psnr: 35.98 dB  msssim: 0.9867
epoch [56/1200] batch [51/132] loss: 0.0003 psnr: 32.66 dB  msssim: 0.9657
epoch [56/1200] batch [101/132] loss: 0.0008 psnr: 32.45 dB  msssim: 0.9645
epoch [56/1200] batch [132/132] loss: 0.0008 psnr: 32.53 dB  msssim: 0.9648
======  Epoch 56 完成 ======LOSS: 0.0007 | PSNR: 32.53 dB | BEST: 32.77 dB | MSSSIM: 0.9648 | TIME: 60.49秒 | LR: 1.550e-03
epoch [57/1200] batch [1/132] loss: 0.0004 psnr: 34.14 dB  msssim: 0.9804
epoch [57/1200] batch [51/132] loss: 0.0005 psnr: 33.02 dB  msssim: 0.9683
epoch [57/1200] batch [101/132] loss: 0.0012 psnr: 32.84 dB  msssim: 0.9678
epoch [57/1200] batch [132/132] loss: 0.0004 psnr: 32.38 dB  msssim: 0.9645
======  Epoch 57 完成 ======LOSS: 0.0007 | PSNR: 32.38 dB | BEST: 32.77 dB | MSSSIM: 0.9645 | TIME: 60.61秒 | LR: 1.569e-03
epoch [58/1200] batch [1/132] loss: 0.0011 psnr: 29.67 dB  msssim: 0.9362
epoch [58/1200] batch [51/132] loss: 0.0013 psnr: 32.30 dB  msssim: 0.9651
epoch [58/1200] batch [101/132] loss: 0.0009 psnr: 32.36 dB  msssim: 0.9651
epoch [58/1200] batch [132/132] loss: 0.0006 psnr: 32.36 dB  msssim: 0.9644
======  Epoch 58 完成 ======LOSS: 0.0007 | PSNR: 32.36 dB | BEST: 32.77 dB | MSSSIM: 0.9644 | TIME: 60.51秒 | LR: 1.587e-03
epoch [59/1200] batch [1/132] loss: 0.0005 psnr: 32.91 dB  msssim: 0.9710
epoch [59/1200] batch [51/132] loss: 0.0003 psnr: 33.58 dB  msssim: 0.9716
epoch [59/1200] batch [101/132] loss: 0.0009 psnr: 33.24 dB  msssim: 0.9698
epoch [59/1200] batch [132/132] loss: 0.0005 psnr: 32.95 dB  msssim: 0.9677
======  Epoch 59 完成 ======LOSS: 0.0006 | PSNR: 32.95 dB | BEST: 32.95 dB | MSSSIM: 0.9677 | TIME: 60.48秒 | LR: 1.606e-03
epoch [60/1200] batch [1/132] loss: 0.0008 psnr: 31.25 dB  msssim: 0.9566
epoch [60/1200] batch [51/132] loss: 0.0006 psnr: 33.43 dB  msssim: 0.9725
epoch [60/1200] batch [101/132] loss: 0.0007 psnr: 33.08 dB  msssim: 0.9696
epoch [60/1200] batch [132/132] loss: 0.0003 psnr: 32.98 dB  msssim: 0.9679
======  Epoch 60 完成 ======LOSS: 0.0006 | PSNR: 32.98 dB | BEST: 32.98 dB | MSSSIM: 0.9679 | TIME: 60.45秒 | LR: 1.625e-03
epoch [61/1200] batch [1/132] loss: 0.0006 psnr: 32.50 dB  msssim: 0.9693
epoch [61/1200] batch [51/132] loss: 0.0009 psnr: 33.31 dB  msssim: 0.9696
epoch [61/1200] batch [101/132] loss: 0.0004 psnr: 33.15 dB  msssim: 0.9687
epoch [61/1200] batch [132/132] loss: 0.0005 psnr: 33.08 dB  msssim: 0.9684
======  Epoch 61 完成 ======LOSS: 0.0006 | PSNR: 33.08 dB | BEST: 33.08 dB | MSSSIM: 0.9684 | TIME: 60.53秒 | LR: 1.644e-03
epoch [62/1200] batch [1/132] loss: 0.0007 psnr: 31.25 dB  msssim: 0.9508
epoch [62/1200] batch [51/132] loss: 0.0004 psnr: 33.60 dB  msssim: 0.9714
epoch [62/1200] batch [101/132] loss: 0.0011 psnr: 33.27 dB  msssim: 0.9691
epoch [62/1200] batch [132/132] loss: 0.0006 psnr: 33.18 dB  msssim: 0.9687
======  Epoch 62 完成 ======LOSS: 0.0006 | PSNR: 33.18 dB | BEST: 33.18 dB | MSSSIM: 0.9687 | TIME: 60.55秒 | LR: 1.662e-03
epoch [63/1200] batch [1/132] loss: 0.0006 psnr: 32.17 dB  msssim: 0.9656
epoch [63/1200] batch [51/132] loss: 0.0008 psnr: 32.99 dB  msssim: 0.9685
epoch [63/1200] batch [101/132] loss: 0.0003 psnr: 33.05 dB  msssim: 0.9684
epoch [63/1200] batch [132/132] loss: 0.0009 psnr: 33.19 dB  msssim: 0.9692
======  Epoch 63 完成 ======LOSS: 0.0006 | PSNR: 33.19 dB | BEST: 33.19 dB | MSSSIM: 0.9692 | TIME: 60.58秒 | LR: 1.681e-03
epoch [64/1200] batch [1/132] loss: 0.0011 psnr: 29.67 dB  msssim: 0.9326
epoch [64/1200] batch [51/132] loss: 0.0012 psnr: 32.98 dB  msssim: 0.9678
epoch [64/1200] batch [101/132] loss: 0.0005 psnr: 33.12 dB  msssim: 0.9686
epoch [64/1200] batch [132/132] loss: 0.0002 psnr: 32.93 dB  msssim: 0.9680
======  Epoch 64 完成 ======LOSS: 0.0006 | PSNR: 32.93 dB | BEST: 33.19 dB | MSSSIM: 0.9680 | TIME: 60.50秒 | LR: 1.700e-03
epoch [65/1200] batch [1/132] loss: 0.0007 psnr: 31.33 dB  msssim: 0.9610
epoch [65/1200] batch [51/132] loss: 0.0007 psnr: 31.40 dB  msssim: 0.9633
epoch [65/1200] batch [101/132] loss: 0.0013 psnr: 31.88 dB  msssim: 0.9641
epoch [65/1200] batch [132/132] loss: 0.0003 psnr: 32.03 dB  msssim: 0.9642
======  Epoch 65 完成 ======LOSS: 0.0007 | PSNR: 32.03 dB | BEST: 33.19 dB | MSSSIM: 0.9642 | TIME: 60.47秒 | LR: 1.719e-03
epoch [66/1200] batch [1/132] loss: 0.0004 psnr: 33.60 dB  msssim: 0.9804
epoch [66/1200] batch [51/132] loss: 0.0009 psnr: 33.03 dB  msssim: 0.9683
epoch [66/1200] batch [101/132] loss: 0.0003 psnr: 32.98 dB  msssim: 0.9680
epoch [66/1200] batch [132/132] loss: 0.0010 psnr: 33.02 dB  msssim: 0.9682
======  Epoch 66 完成 ======LOSS: 0.0006 | PSNR: 33.02 dB | BEST: 33.19 dB | MSSSIM: 0.9682 | TIME: 60.50秒 | LR: 1.737e-03
epoch [67/1200] batch [1/132] loss: 0.0004 psnr: 34.41 dB  msssim: 0.9852
epoch [67/1200] batch [51/132] loss: 0.0003 psnr: 33.80 dB  msssim: 0.9733
epoch [67/1200] batch [101/132] loss: 0.0003 psnr: 33.53 dB  msssim: 0.9709
epoch [67/1200] batch [132/132] loss: 0.0002 psnr: 33.54 dB  msssim: 0.9707
======  Epoch 67 完成 ======LOSS: 0.0005 | PSNR: 33.54 dB | BEST: 33.54 dB | MSSSIM: 0.9707 | TIME: 60.56秒 | LR: 1.756e-03
epoch [68/1200] batch [1/132] loss: 0.0009 psnr: 30.28 dB  msssim: 0.9434
epoch [68/1200] batch [51/132] loss: 0.0010 psnr: 33.54 dB  msssim: 0.9717
epoch [68/1200] batch [101/132] loss: 0.0004 psnr: 33.48 dB  msssim: 0.9712
epoch [68/1200] batch [132/132] loss: 0.0002 psnr: 33.29 dB  msssim: 0.9698
======  Epoch 68 完成 ======LOSS: 0.0005 | PSNR: 33.29 dB | BEST: 33.54 dB | MSSSIM: 0.9698 | TIME: 60.57秒 | LR: 1.775e-03
epoch [69/1200] batch [1/132] loss: 0.0002 psnr: 36.72 dB  msssim: 0.9883
epoch [69/1200] batch [51/132] loss: 0.0003 psnr: 32.97 dB  msssim: 0.9683
epoch [69/1200] batch [101/132] loss: 0.0010 psnr: 32.91 dB  msssim: 0.9672
epoch [69/1200] batch [132/132] loss: 0.0003 psnr: 33.26 dB  msssim: 0.9696
======  Epoch 69 完成 ======LOSS: 0.0005 | PSNR: 33.26 dB | BEST: 33.54 dB | MSSSIM: 0.9696 | TIME: 60.51秒 | LR: 1.794e-03
epoch [70/1200] batch [1/132] loss: 0.0006 psnr: 32.50 dB  msssim: 0.9676
epoch [70/1200] batch [51/132] loss: 0.0004 psnr: 33.43 dB  msssim: 0.9703
epoch [70/1200] batch [101/132] loss: 0.0010 psnr: 33.46 dB  msssim: 0.9710
epoch [70/1200] batch [132/132] loss: 0.0002 psnr: 33.48 dB  msssim: 0.9710
======  Epoch 70 完成 ======LOSS: 0.0005 | PSNR: 33.48 dB | BEST: 33.54 dB | MSSSIM: 0.9710 | TIME: 60.51秒 | LR: 1.812e-03
epoch [71/1200] batch [1/132] loss: 0.0002 psnr: 37.45 dB  msssim: 0.9898
epoch [71/1200] batch [51/132] loss: 0.0003 psnr: 32.98 dB  msssim: 0.9688
epoch [71/1200] batch [101/132] loss: 0.0003 psnr: 33.02 dB  msssim: 0.9687
epoch [71/1200] batch [132/132] loss: 0.0004 psnr: 33.13 dB  msssim: 0.9693
======  Epoch 71 完成 ======LOSS: 0.0006 | PSNR: 33.13 dB | BEST: 33.54 dB | MSSSIM: 0.9693 | TIME: 60.50秒 | LR: 1.831e-03
epoch [72/1200] batch [1/132] loss: 0.0003 psnr: 35.26 dB  msssim: 0.9870
epoch [72/1200] batch [51/132] loss: 0.0007 psnr: 33.65 dB  msssim: 0.9718
epoch [72/1200] batch [101/132] loss: 0.0003 psnr: 33.24 dB  msssim: 0.9696
epoch [72/1200] batch [132/132] loss: 0.0003 psnr: 32.79 dB  msssim: 0.9679
======  Epoch 72 完成 ======LOSS: 0.0006 | PSNR: 32.79 dB | BEST: 33.54 dB | MSSSIM: 0.9679 | TIME: 60.52秒 | LR: 1.850e-03
epoch [73/1200] batch [1/132] loss: 0.0014 psnr: 28.62 dB  msssim: 0.9269
epoch [73/1200] batch [51/132] loss: 0.0014 psnr: 32.66 dB  msssim: 0.9694
epoch [73/1200] batch [101/132] loss: 0.0005 psnr: 32.39 dB  msssim: 0.9666
epoch [73/1200] batch [132/132] loss: 0.0005 psnr: 32.36 dB  msssim: 0.9657
======  Epoch 73 完成 ======LOSS: 0.0007 | PSNR: 32.36 dB | BEST: 33.54 dB | MSSSIM: 0.9657 | TIME: 60.44秒 | LR: 1.869e-03
epoch [74/1200] batch [1/132] loss: 0.0002 psnr: 36.73 dB  msssim: 0.9884
epoch [74/1200] batch [51/132] loss: 0.0002 psnr: 33.88 dB  msssim: 0.9732
epoch [74/1200] batch [101/132] loss: 0.0009 psnr: 33.59 dB  msssim: 0.9712
epoch [74/1200] batch [132/132] loss: 0.0009 psnr: 33.49 dB  msssim: 0.9705
======  Epoch 74 完成 ======LOSS: 0.0005 | PSNR: 33.49 dB | BEST: 33.54 dB | MSSSIM: 0.9705 | TIME: 60.41秒 | LR: 1.887e-03
epoch [75/1200] batch [1/132] loss: 0.0005 psnr: 33.03 dB  msssim: 0.9712
epoch [75/1200] batch [51/132] loss: 0.0003 psnr: 33.64 dB  msssim: 0.9716
epoch [75/1200] batch [101/132] loss: 0.0003 psnr: 33.86 dB  msssim: 0.9729
epoch [75/1200] batch [132/132] loss: 0.0007 psnr: 33.73 dB  msssim: 0.9720
======  Epoch 75 完成 ======LOSS: 0.0005 | PSNR: 33.73 dB | BEST: 33.73 dB | MSSSIM: 0.9720 | TIME: 60.46秒 | LR: 1.906e-03
epoch [76/1200] batch [1/132] loss: 0.0009 psnr: 30.51 dB  msssim: 0.9457
epoch [76/1200] batch [51/132] loss: 0.0004 psnr: 33.36 dB  msssim: 0.9693
epoch [76/1200] batch [101/132] loss: 0.0003 psnr: 33.40 dB  msssim: 0.9703
epoch [76/1200] batch [132/132] loss: 0.0002 psnr: 33.49 dB  msssim: 0.9705
======  Epoch 76 完成 ======LOSS: 0.0005 | PSNR: 33.49 dB | BEST: 33.73 dB | MSSSIM: 0.9705 | TIME: 60.41秒 | LR: 1.925e-03
epoch [77/1200] batch [1/132] loss: 0.0002 psnr: 36.79 dB  msssim: 0.9887
epoch [77/1200] batch [51/132] loss: 0.0005 psnr: 33.15 dB  msssim: 0.9682
epoch [77/1200] batch [101/132] loss: 0.0008 psnr: 33.48 dB  msssim: 0.9709
epoch [77/1200] batch [132/132] loss: 0.0004 psnr: 33.57 dB  msssim: 0.9714
======  Epoch 77 完成 ======LOSS: 0.0005 | PSNR: 33.57 dB | BEST: 33.73 dB | MSSSIM: 0.9714 | TIME: 60.44秒 | LR: 1.944e-03
epoch [78/1200] batch [1/132] loss: 0.0010 psnr: 29.88 dB  msssim: 0.9393
epoch [78/1200] batch [51/132] loss: 0.0002 psnr: 33.46 dB  msssim: 0.9715
epoch [78/1200] batch [101/132] loss: 0.0009 psnr: 33.61 dB  msssim: 0.9720
epoch [78/1200] batch [132/132] loss: 0.0005 psnr: 33.54 dB  msssim: 0.9717
======  Epoch 78 完成 ======LOSS: 0.0005 | PSNR: 33.54 dB | BEST: 33.73 dB | MSSSIM: 0.9717 | TIME: 60.55秒 | LR: 1.962e-03
epoch [79/1200] batch [1/132] loss: 0.0002 psnr: 37.00 dB  msssim: 0.9891
epoch [79/1200] batch [51/132] loss: 0.0007 psnr: 33.83 dB  msssim: 0.9738
epoch [79/1200] batch [101/132] loss: 0.0010 psnr: 33.81 dB  msssim: 0.9728
epoch [79/1200] batch [132/132] loss: 0.0005 psnr: 33.68 dB  msssim: 0.9722
======  Epoch 79 完成 ======LOSS: 0.0005 | PSNR: 33.68 dB | BEST: 33.73 dB | MSSSIM: 0.9722 | TIME: 60.58秒 | LR: 1.981e-03
epoch [80/1200] batch [1/132] loss: 0.0003 psnr: 34.93 dB  msssim: 0.9843
epoch [80/1200] batch [51/132] loss: 0.0005 psnr: 33.37 dB  msssim: 0.9708
epoch [80/1200] batch [101/132] loss: 0.0005 psnr: 33.65 dB  msssim: 0.9722
epoch [80/1200] batch [132/132] loss: 0.0004 psnr: 33.56 dB  msssim: 0.9719
======  Epoch 80 完成 ======LOSS: 0.0005 | PSNR: 33.56 dB | BEST: 33.73 dB | MSSSIM: 0.9719 | TIME: 60.48秒 | LR: 2.000e-03
epoch [81/1200] batch [1/132] loss: 0.0007 psnr: 31.71 dB  msssim: 0.9651
epoch [81/1200] batch [51/132] loss: 0.0005 psnr: 32.72 dB  msssim: 0.9680
epoch [81/1200] batch [101/132] loss: 0.0007 psnr: 33.04 dB  msssim: 0.9695
epoch [81/1200] batch [132/132] loss: 0.0005 psnr: 33.10 dB  msssim: 0.9697
======  Epoch 81 完成 ======LOSS: 0.0006 | PSNR: 33.10 dB | BEST: 33.73 dB | MSSSIM: 0.9697 | TIME: 60.56秒 | LR: 2.019e-03
epoch [82/1200] batch [1/132] loss: 0.0009 psnr: 30.48 dB  msssim: 0.9525
epoch [82/1200] batch [51/132] loss: 0.0008 psnr: 33.40 dB  msssim: 0.9713
epoch [82/1200] batch [101/132] loss: 0.0010 psnr: 33.60 dB  msssim: 0.9726
epoch [82/1200] batch [132/132] loss: 0.0005 psnr: 33.54 dB  msssim: 0.9723
======  Epoch 82 完成 ======LOSS: 0.0005 | PSNR: 33.54 dB | BEST: 33.73 dB | MSSSIM: 0.9723 | TIME: 60.58秒 | LR: 2.037e-03
epoch [83/1200] batch [1/132] loss: 0.0007 psnr: 31.73 dB  msssim: 0.9565
epoch [83/1200] batch [51/132] loss: 0.0010 psnr: 33.01 dB  msssim: 0.9695
epoch [83/1200] batch [101/132] loss: 0.0002 psnr: 33.47 dB  msssim: 0.9724
epoch [83/1200] batch [132/132] loss: 0.0009 psnr: 33.58 dB  msssim: 0.9724
======  Epoch 83 完成 ======LOSS: 0.0005 | PSNR: 33.58 dB | BEST: 33.73 dB | MSSSIM: 0.9724 | TIME: 60.52秒 | LR: 2.056e-03
epoch [84/1200] batch [1/132] loss: 0.0002 psnr: 37.28 dB  msssim: 0.9897
epoch [84/1200] batch [51/132] loss: 0.0004 psnr: 34.43 dB  msssim: 0.9765
epoch [84/1200] batch [101/132] loss: 0.0002 psnr: 34.02 dB  msssim: 0.9745
epoch [84/1200] batch [132/132] loss: 0.0003 psnr: 33.91 dB  msssim: 0.9735
======  Epoch 84 完成 ======LOSS: 0.0005 | PSNR: 33.91 dB | BEST: 33.91 dB | MSSSIM: 0.9735 | TIME: 60.42秒 | LR: 2.075e-03
epoch [85/1200] batch [1/132] loss: 0.0002 psnr: 37.36 dB  msssim: 0.9890
epoch [85/1200] batch [51/132] loss: 0.0003 psnr: 33.71 dB  msssim: 0.9754
epoch [85/1200] batch [101/132] loss: 0.0002 psnr: 33.41 dB  msssim: 0.9728
epoch [85/1200] batch [132/132] loss: 0.0002 psnr: 33.58 dB  msssim: 0.9729
======  Epoch 85 完成 ======LOSS: 0.0005 | PSNR: 33.58 dB | BEST: 33.91 dB | MSSSIM: 0.9729 | TIME: 60.48秒 | LR: 2.094e-03
epoch [86/1200] batch [1/132] loss: 0.0002 psnr: 37.67 dB  msssim: 0.9902
epoch [86/1200] batch [51/132] loss: 0.0006 psnr: 34.23 dB  msssim: 0.9753
epoch [86/1200] batch [101/132] loss: 0.0008 psnr: 34.20 dB  msssim: 0.9757
epoch [86/1200] batch [132/132] loss: 0.0004 psnr: 33.93 dB  msssim: 0.9739
======  Epoch 86 完成 ======LOSS: 0.0005 | PSNR: 33.93 dB | BEST: 33.93 dB | MSSSIM: 0.9739 | TIME: 60.55秒 | LR: 2.112e-03
epoch [87/1200] batch [1/132] loss: 0.0009 psnr: 30.52 dB  msssim: 0.9475
epoch [87/1200] batch [51/132] loss: 0.0005 psnr: 34.34 dB  msssim: 0.9764
epoch [87/1200] batch [101/132] loss: 0.0002 psnr: 34.11 dB  msssim: 0.9749
epoch [87/1200] batch [132/132] loss: 0.0004 psnr: 33.85 dB  msssim: 0.9735
======  Epoch 87 完成 ======LOSS: 0.0005 | PSNR: 33.85 dB | BEST: 33.93 dB | MSSSIM: 0.9735 | TIME: 60.48秒 | LR: 2.131e-03
epoch [88/1200] batch [1/132] loss: 0.0003 psnr: 35.97 dB  msssim: 0.9853
epoch [88/1200] batch [51/132] loss: 0.0004 psnr: 33.63 dB  msssim: 0.9738
epoch [88/1200] batch [101/132] loss: 0.0003 psnr: 33.48 dB  msssim: 0.9725
epoch [88/1200] batch [132/132] loss: 0.0011 psnr: 33.42 dB  msssim: 0.9724
======  Epoch 88 完成 ======LOSS: 0.0005 | PSNR: 33.42 dB | BEST: 33.93 dB | MSSSIM: 0.9724 | TIME: 60.54秒 | LR: 2.150e-03
epoch [89/1200] batch [1/132] loss: 0.0005 psnr: 33.22 dB  msssim: 0.9746
epoch [89/1200] batch [51/132] loss: 0.0008 psnr: 33.18 dB  msssim: 0.9730
epoch [89/1200] batch [101/132] loss: 0.0003 psnr: 32.61 dB  msssim: 0.9691
epoch [89/1200] batch [132/132] loss: 0.0009 psnr: 32.70 dB  msssim: 0.9692
======  Epoch 89 完成 ======LOSS: 0.0006 | PSNR: 32.70 dB | BEST: 33.93 dB | MSSSIM: 0.9692 | TIME: 60.53秒 | LR: 2.169e-03
epoch [90/1200] batch [1/132] loss: 0.0005 psnr: 33.07 dB  msssim: 0.9714
epoch [90/1200] batch [51/132] loss: 0.0002 psnr: 33.33 dB  msssim: 0.9708
epoch [90/1200] batch [101/132] loss: 0.0005 psnr: 33.49 dB  msssim: 0.9715
epoch [90/1200] batch [132/132] loss: 0.0005 psnr: 33.63 dB  msssim: 0.9724
======  Epoch 90 完成 ======LOSS: 0.0005 | PSNR: 33.63 dB | BEST: 33.93 dB | MSSSIM: 0.9724 | TIME: 60.55秒 | LR: 2.187e-03
epoch [91/1200] batch [1/132] loss: 0.0003 psnr: 34.59 dB  msssim: 0.9807
epoch [91/1200] batch [51/132] loss: 0.0008 psnr: 33.69 dB  msssim: 0.9727
epoch [91/1200] batch [101/132] loss: 0.0004 psnr: 33.69 dB  msssim: 0.9725
epoch [91/1200] batch [132/132] loss: 0.0008 psnr: 33.82 dB  msssim: 0.9732
======  Epoch 91 完成 ======LOSS: 0.0005 | PSNR: 33.82 dB | BEST: 33.93 dB | MSSSIM: 0.9732 | TIME: 60.58秒 | LR: 2.206e-03
epoch [92/1200] batch [1/132] loss: 0.0010 psnr: 29.96 dB  msssim: 0.9372
epoch [92/1200] batch [51/132] loss: 0.0002 psnr: 34.46 dB  msssim: 0.9765
epoch [92/1200] batch [101/132] loss: 0.0002 psnr: 34.07 dB  msssim: 0.9745
epoch [92/1200] batch [132/132] loss: 0.0006 psnr: 33.89 dB  msssim: 0.9736
======  Epoch 92 完成 ======LOSS: 0.0005 | PSNR: 33.89 dB | BEST: 33.93 dB | MSSSIM: 0.9736 | TIME: 60.55秒 | LR: 2.225e-03
epoch [93/1200] batch [1/132] loss: 0.0005 psnr: 32.85 dB  msssim: 0.9687
epoch [93/1200] batch [51/132] loss: 0.0002 psnr: 33.65 dB  msssim: 0.9743
epoch [93/1200] batch [101/132] loss: 0.0003 psnr: 33.55 dB  msssim: 0.9734
epoch [93/1200] batch [132/132] loss: 0.0004 psnr: 33.49 dB  msssim: 0.9725
======  Epoch 93 完成 ======LOSS: 0.0005 | PSNR: 33.49 dB | BEST: 33.93 dB | MSSSIM: 0.9725 | TIME: 60.59秒 | LR: 2.244e-03
epoch [94/1200] batch [1/132] loss: 0.0006 psnr: 32.18 dB  msssim: 0.9663
epoch [94/1200] batch [51/132] loss: 0.0004 psnr: 33.76 dB  msssim: 0.9724
epoch [94/1200] batch [101/132] loss: 0.0007 psnr: 33.99 dB  msssim: 0.9738
epoch [94/1200] batch [132/132] loss: 0.0004 psnr: 34.02 dB  msssim: 0.9741
======  Epoch 94 完成 ======LOSS: 0.0005 | PSNR: 34.02 dB | BEST: 34.02 dB | MSSSIM: 0.9741 | TIME: 60.65秒 | LR: 2.262e-03
epoch [95/1200] batch [1/132] loss: 0.0003 psnr: 35.48 dB  msssim: 0.9835
epoch [95/1200] batch [51/132] loss: 0.0003 psnr: 34.04 dB  msssim: 0.9748
epoch [95/1200] batch [101/132] loss: 0.0008 psnr: 34.32 dB  msssim: 0.9759
epoch [95/1200] batch [132/132] loss: 0.0003 psnr: 34.20 dB  msssim: 0.9755
======  Epoch 95 完成 ======LOSS: 0.0004 | PSNR: 34.20 dB | BEST: 34.20 dB | MSSSIM: 0.9755 | TIME: 60.49秒 | LR: 2.281e-03
epoch [96/1200] batch [1/132] loss: 0.0005 psnr: 32.68 dB  msssim: 0.9668
epoch [96/1200] batch [51/132] loss: 0.0007 psnr: 34.10 dB  msssim: 0.9751
epoch [96/1200] batch [101/132] loss: 0.0002 psnr: 34.34 dB  msssim: 0.9759
epoch [96/1200] batch [132/132] loss: 0.0006 psnr: 34.23 dB  msssim: 0.9752
======  Epoch 96 完成 ======LOSS: 0.0004 | PSNR: 34.23 dB | BEST: 34.23 dB | MSSSIM: 0.9752 | TIME: 60.49秒 | LR: 2.300e-03
epoch [97/1200] batch [1/132] loss: 0.0005 psnr: 32.89 dB  msssim: 0.9692
epoch [97/1200] batch [51/132] loss: 0.0007 psnr: 34.05 dB  msssim: 0.9744
epoch [97/1200] batch [101/132] loss: 0.0008 psnr: 34.10 dB  msssim: 0.9744
epoch [97/1200] batch [132/132] loss: 0.0011 psnr: 34.23 dB  msssim: 0.9751
======  Epoch 97 完成 ======LOSS: 0.0004 | PSNR: 34.23 dB | BEST: 34.23 dB | MSSSIM: 0.9751 | TIME: 60.48秒 | LR: 2.319e-03
epoch [98/1200] batch [1/132] loss: 0.0007 psnr: 31.54 dB  msssim: 0.9575
epoch [98/1200] batch [51/132] loss: 0.0004 psnr: 34.17 dB  msssim: 0.9756
epoch [98/1200] batch [101/132] loss: 0.0009 psnr: 33.96 dB  msssim: 0.9748
epoch [98/1200] batch [132/132] loss: 0.0003 psnr: 33.89 dB  msssim: 0.9746
======  Epoch 98 完成 ======LOSS: 0.0005 | PSNR: 33.89 dB | BEST: 34.23 dB | MSSSIM: 0.9746 | TIME: 60.55秒 | LR: 2.337e-03
epoch [99/1200] batch [1/132] loss: 0.0005 psnr: 32.74 dB  msssim: 0.9715
epoch [99/1200] batch [51/132] loss: 0.0004 psnr: 33.50 dB  msssim: 0.9727
epoch [99/1200] batch [101/132] loss: 0.0004 psnr: 33.69 dB  msssim: 0.9732
epoch [99/1200] batch [132/132] loss: 0.0004 psnr: 33.72 dB  msssim: 0.9735
======  Epoch 99 完成 ======LOSS: 0.0005 | PSNR: 33.72 dB | BEST: 34.23 dB | MSSSIM: 0.9735 | TIME: 60.57秒 | LR: 2.356e-03
epoch [100/1200] batch [1/132] loss: 0.0003 psnr: 34.68 dB  msssim: 0.9797
epoch [100/1200] batch [51/132] loss: 0.0008 psnr: 33.77 dB  msssim: 0.9734
epoch [100/1200] batch [101/132] loss: 0.0008 psnr: 34.02 dB  msssim: 0.9743
epoch [100/1200] batch [132/132] loss: 0.0007 psnr: 34.17 dB  msssim: 0.9752
======  Epoch 100 完成 ======LOSS: 0.0004 | PSNR: 34.17 dB | BEST: 34.23 dB | MSSSIM: 0.9752 | TIME: 60.51秒 | LR: 2.375e-03
Step [1/132] | Val PSNR: 34.34 dB | Val MSSSIM: 0.9782 | FPS: 47.39
Step [51/132] | Val PSNR: 32.31 dB | Val MSSSIM: 0.9638 | FPS: 194.41
Step [101/132] | Val PSNR: 33.95 dB | Val MSSSIM: 0.9731 | FPS: 206.95
Step [132/132] | Val PSNR: 34.49 dB | Val MSSSIM: 0.9765 | FPS: 211.96
== Epoch 100 测试完成 == PSNR: 34.49 dB | BEST: 34.23 dB | MSSSIM: 0.9765 | TIME: 18.76秒 | 
epoch [101/1200] batch [1/132] loss: 0.0003 psnr: 35.09 dB  msssim: 0.9824
epoch [101/1200] batch [51/132] loss: 0.0008 psnr: 34.15 dB  msssim: 0.9743
epoch [101/1200] batch [101/132] loss: 0.0009 psnr: 34.44 dB  msssim: 0.9756
epoch [101/1200] batch [132/132] loss: 0.0007 psnr: 34.48 dB  msssim: 0.9763
======  Epoch 101 完成 ======LOSS: 0.0004 | PSNR: 34.48 dB | BEST: 34.48 dB | MSSSIM: 0.9763 | TIME: 60.52秒 | LR: 2.394e-03
epoch [102/1200] batch [1/132] loss: 0.0005 psnr: 33.17 dB  msssim: 0.9722
epoch [102/1200] batch [51/132] loss: 0.0006 psnr: 34.48 dB  msssim: 0.9766
epoch [102/1200] batch [101/132] loss: 0.0003 psnr: 34.38 dB  msssim: 0.9760
epoch [102/1200] batch [132/132] loss: 0.0003 psnr: 34.31 dB  msssim: 0.9755
======  Epoch 102 完成 ======LOSS: 0.0004 | PSNR: 34.31 dB | BEST: 34.48 dB | MSSSIM: 0.9755 | TIME: 60.45秒 | LR: 2.412e-03
epoch [103/1200] batch [1/132] loss: 0.0005 psnr: 32.88 dB  msssim: 0.9717
epoch [103/1200] batch [51/132] loss: 0.0004 psnr: 33.93 dB  msssim: 0.9746
epoch [103/1200] batch [101/132] loss: 0.0003 psnr: 33.92 dB  msssim: 0.9743
epoch [103/1200] batch [132/132] loss: 0.0003 psnr: 33.88 dB  msssim: 0.9747
======  Epoch 103 完成 ======LOSS: 0.0005 | PSNR: 33.88 dB | BEST: 34.48 dB | MSSSIM: 0.9747 | TIME: 60.56秒 | LR: 2.431e-03
epoch [104/1200] batch [1/132] loss: 0.0004 psnr: 33.91 dB  msssim: 0.9812
epoch [104/1200] batch [51/132] loss: 0.0009 psnr: 33.15 dB  msssim: 0.9731
epoch [104/1200] batch [101/132] loss: 0.0003 psnr: 33.19 dB  msssim: 0.9724
epoch [104/1200] batch [132/132] loss: 0.0008 psnr: 33.09 dB  msssim: 0.9714
======  Epoch 104 完成 ======LOSS: 0.0006 | PSNR: 33.09 dB | BEST: 34.48 dB | MSSSIM: 0.9714 | TIME: 60.72秒 | LR: 2.450e-03
epoch [105/1200] batch [1/132] loss: 0.0009 psnr: 30.23 dB  msssim: 0.9502
epoch [105/1200] batch [51/132] loss: 0.0007 psnr: 32.92 dB  msssim: 0.9725
epoch [105/1200] batch [101/132] loss: 0.0006 psnr: 32.90 dB  msssim: 0.9708
epoch [105/1200] batch [132/132] loss: 0.0004 psnr: 33.00 dB  msssim: 0.9709
======  Epoch 105 完成 ======LOSS: 0.0006 | PSNR: 33.00 dB | BEST: 34.48 dB | MSSSIM: 0.9709 | TIME: 60.55秒 | LR: 2.469e-03
epoch [106/1200] batch [1/132] loss: 0.0005 psnr: 33.38 dB  msssim: 0.9743
epoch [106/1200] batch [51/132] loss: 0.0004 psnr: 34.29 dB  msssim: 0.9764
epoch [106/1200] batch [101/132] loss: 0.0002 psnr: 33.98 dB  msssim: 0.9744
epoch [106/1200] batch [132/132] loss: 0.0003 psnr: 33.95 dB  msssim: 0.9740
======  Epoch 106 完成 ======LOSS: 0.0005 | PSNR: 33.95 dB | BEST: 34.48 dB | MSSSIM: 0.9740 | TIME: 60.49秒 | LR: 2.487e-03
epoch [107/1200] batch [1/132] loss: 0.0002 psnr: 36.69 dB  msssim: 0.9881
epoch [107/1200] batch [51/132] loss: 0.0002 psnr: 34.48 dB  msssim: 0.9761
epoch [107/1200] batch [101/132] loss: 0.0004 psnr: 34.60 dB  msssim: 0.9767
epoch [107/1200] batch [132/132] loss: 0.0005 psnr: 34.51 dB  msssim: 0.9763
======  Epoch 107 完成 ======LOSS: 0.0004 | PSNR: 34.51 dB | BEST: 34.51 dB | MSSSIM: 0.9763 | TIME: 60.49秒 | LR: 2.506e-03
epoch [108/1200] batch [1/132] loss: 0.0007 psnr: 31.62 dB  msssim: 0.9612
epoch [108/1200] batch [51/132] loss: 0.0008 psnr: 34.37 dB  msssim: 0.9760
epoch [108/1200] batch [101/132] loss: 0.0002 psnr: 34.66 dB  msssim: 0.9770
epoch [108/1200] batch [132/132] loss: 0.0004 psnr: 34.70 dB  msssim: 0.9772
======  Epoch 108 完成 ======LOSS: 0.0004 | PSNR: 34.70 dB | BEST: 34.70 dB | MSSSIM: 0.9772 | TIME: 60.47秒 | LR: 2.525e-03
epoch [109/1200] batch [1/132] loss: 0.0002 psnr: 37.11 dB  msssim: 0.9887
epoch [109/1200] batch [51/132] loss: 0.0006 psnr: 34.39 dB  msssim: 0.9757
epoch [109/1200] batch [101/132] loss: 0.0003 psnr: 34.97 dB  msssim: 0.9789
epoch [109/1200] batch [132/132] loss: 0.0002 psnr: 34.81 dB  msssim: 0.9779
======  Epoch 109 完成 ======LOSS: 0.0004 | PSNR: 34.81 dB | BEST: 34.81 dB | MSSSIM: 0.9779 | TIME: 60.56秒 | LR: 2.544e-03
epoch [110/1200] batch [1/132] loss: 0.0002 psnr: 36.60 dB  msssim: 0.9886
epoch [110/1200] batch [51/132] loss: 0.0003 psnr: 34.68 dB  msssim: 0.9777
epoch [110/1200] batch [101/132] loss: 0.0002 psnr: 34.71 dB  msssim: 0.9778
epoch [110/1200] batch [132/132] loss: 0.0006 psnr: 34.45 dB  msssim: 0.9764
======  Epoch 110 完成 ======LOSS: 0.0004 | PSNR: 34.45 dB | BEST: 34.81 dB | MSSSIM: 0.9764 | TIME: 60.63秒 | LR: 2.562e-03
epoch [111/1200] batch [1/132] loss: 0.0002 psnr: 36.90 dB  msssim: 0.9880
epoch [111/1200] batch [51/132] loss: 0.0002 psnr: 34.34 dB  msssim: 0.9773
epoch [111/1200] batch [101/132] loss: 0.0004 psnr: 34.06 dB  msssim: 0.9755
epoch [111/1200] batch [132/132] loss: 0.0008 psnr: 34.03 dB  msssim: 0.9756
======  Epoch 111 完成 ======LOSS: 0.0004 | PSNR: 34.03 dB | BEST: 34.81 dB | MSSSIM: 0.9756 | TIME: 60.45秒 | LR: 2.581e-03
epoch [112/1200] batch [1/132] loss: 0.0003 psnr: 34.77 dB  msssim: 0.9845
epoch [112/1200] batch [51/132] loss: 0.0005 psnr: 33.83 dB  msssim: 0.9747
epoch [112/1200] batch [101/132] loss: 0.0006 psnr: 34.20 dB  msssim: 0.9755
epoch [112/1200] batch [132/132] loss: 0.0004 psnr: 34.28 dB  msssim: 0.9763
======  Epoch 112 完成 ======LOSS: 0.0004 | PSNR: 34.28 dB | BEST: 34.81 dB | MSSSIM: 0.9763 | TIME: 60.55秒 | LR: 2.600e-03
epoch [113/1200] batch [1/132] loss: 0.0002 psnr: 36.34 dB  msssim: 0.9899
epoch [113/1200] batch [51/132] loss: 0.0003 psnr: 34.03 dB  msssim: 0.9756
epoch [113/1200] batch [101/132] loss: 0.0007 psnr: 34.54 dB  msssim: 0.9775
epoch [113/1200] batch [132/132] loss: 0.0002 psnr: 34.50 dB  msssim: 0.9772
======  Epoch 113 完成 ======LOSS: 0.0004 | PSNR: 34.50 dB | BEST: 34.81 dB | MSSSIM: 0.9772 | TIME: 60.45秒 | LR: 2.619e-03
epoch [114/1200] batch [1/132] loss: 0.0002 psnr: 36.40 dB  msssim: 0.9892
epoch [114/1200] batch [51/132] loss: 0.0002 psnr: 34.23 dB  msssim: 0.9763
epoch [114/1200] batch [101/132] loss: 0.0007 psnr: 33.94 dB  msssim: 0.9752
epoch [114/1200] batch [132/132] loss: 0.0002 psnr: 34.26 dB  msssim: 0.9764
======  Epoch 114 完成 ======LOSS: 0.0004 | PSNR: 34.26 dB | BEST: 34.81 dB | MSSSIM: 0.9764 | TIME: 60.38秒 | LR: 2.637e-03
epoch [115/1200] batch [1/132] loss: 0.0002 psnr: 37.58 dB  msssim: 0.9899
epoch [115/1200] batch [51/132] loss: 0.0002 psnr: 34.81 dB  msssim: 0.9785
epoch [115/1200] batch [101/132] loss: 0.0007 psnr: 34.35 dB  msssim: 0.9765
epoch [115/1200] batch [132/132] loss: 0.0003 psnr: 34.33 dB  msssim: 0.9768
======  Epoch 115 完成 ======LOSS: 0.0004 | PSNR: 34.33 dB | BEST: 34.81 dB | MSSSIM: 0.9768 | TIME: 60.43秒 | LR: 2.656e-03
epoch [116/1200] batch [1/132] loss: 0.0003 psnr: 35.54 dB  msssim: 0.9850
epoch [116/1200] batch [51/132] loss: 0.0004 psnr: 33.75 dB  msssim: 0.9756
epoch [116/1200] batch [101/132] loss: 0.0004 psnr: 33.94 dB  msssim: 0.9758
epoch [116/1200] batch [132/132] loss: 0.0010 psnr: 34.01 dB  msssim: 0.9756
======  Epoch 116 完成 ======LOSS: 0.0004 | PSNR: 34.01 dB | BEST: 34.81 dB | MSSSIM: 0.9756 | TIME: 60.41秒 | LR: 2.675e-03
epoch [117/1200] batch [1/132] loss: 0.0002 psnr: 37.44 dB  msssim: 0.9886
epoch [117/1200] batch [51/132] loss: 0.0002 psnr: 34.69 dB  msssim: 0.9790
epoch [117/1200] batch [101/132] loss: 0.0008 psnr: 34.41 dB  msssim: 0.9768
epoch [117/1200] batch [132/132] loss: 0.0002 psnr: 34.36 dB  msssim: 0.9763
======  Epoch 117 完成 ======LOSS: 0.0004 | PSNR: 34.36 dB | BEST: 34.81 dB | MSSSIM: 0.9763 | TIME: 60.52秒 | LR: 2.694e-03
epoch [118/1200] batch [1/132] loss: 0.0006 psnr: 32.28 dB  msssim: 0.9665
epoch [118/1200] batch [51/132] loss: 0.0003 psnr: 33.44 dB  msssim: 0.9728
epoch [118/1200] batch [101/132] loss: 0.0005 psnr: 33.54 dB  msssim: 0.9742
epoch [118/1200] batch [132/132] loss: 0.0007 psnr: 33.59 dB  msssim: 0.9740
======  Epoch 118 完成 ======LOSS: 0.0005 | PSNR: 33.59 dB | BEST: 34.81 dB | MSSSIM: 0.9740 | TIME: 60.44秒 | LR: 2.712e-03
epoch [119/1200] batch [1/132] loss: 0.0006 psnr: 32.20 dB  msssim: 0.9682
epoch [119/1200] batch [51/132] loss: 0.0002 psnr: 33.83 dB  msssim: 0.9754
epoch [119/1200] batch [101/132] loss: 0.0002 psnr: 33.67 dB  msssim: 0.9736
epoch [119/1200] batch [132/132] loss: 0.0004 psnr: 33.72 dB  msssim: 0.9738
======  Epoch 119 完成 ======LOSS: 0.0005 | PSNR: 33.72 dB | BEST: 34.81 dB | MSSSIM: 0.9738 | TIME: 60.41秒 | LR: 2.731e-03
epoch [120/1200] batch [1/132] loss: 0.0003 psnr: 36.01 dB  msssim: 0.9882
epoch [120/1200] batch [51/132] loss: 0.0002 psnr: 33.78 dB  msssim: 0.9734
epoch [120/1200] batch [101/132] loss: 0.0004 psnr: 34.06 dB  msssim: 0.9749
epoch [120/1200] batch [132/132] loss: 0.0006 psnr: 34.17 dB  msssim: 0.9754
======  Epoch 120 完成 ======LOSS: 0.0004 | PSNR: 34.17 dB | BEST: 34.81 dB | MSSSIM: 0.9754 | TIME: 60.48秒 | LR: 2.750e-03
epoch [121/1200] batch [1/132] loss: 0.0004 psnr: 34.18 dB  msssim: 0.9772
epoch [121/1200] batch [51/132] loss: 0.0004 psnr: 34.24 dB  msssim: 0.9764
epoch [121/1200] batch [101/132] loss: 0.0003 psnr: 34.54 dB  msssim: 0.9771
epoch [121/1200] batch [132/132] loss: 0.0007 psnr: 34.57 dB  msssim: 0.9772
======  Epoch 121 完成 ======LOSS: 0.0004 | PSNR: 34.57 dB | BEST: 34.81 dB | MSSSIM: 0.9772 | TIME: 60.44秒 | LR: 2.769e-03
epoch [122/1200] batch [1/132] loss: 0.0004 psnr: 33.95 dB  msssim: 0.9782
epoch [122/1200] batch [51/132] loss: 0.0002 psnr: 34.10 dB  msssim: 0.9748
epoch [122/1200] batch [101/132] loss: 0.0002 psnr: 34.35 dB  msssim: 0.9763
epoch [122/1200] batch [132/132] loss: 0.0006 psnr: 34.53 dB  msssim: 0.9771
======  Epoch 122 完成 ======LOSS: 0.0004 | PSNR: 34.53 dB | BEST: 34.81 dB | MSSSIM: 0.9771 | TIME: 60.44秒 | LR: 2.787e-03
epoch [123/1200] batch [1/132] loss: 0.0004 psnr: 34.13 dB  msssim: 0.9773
epoch [123/1200] batch [51/132] loss: 0.0002 psnr: 34.80 dB  msssim: 0.9790
epoch [123/1200] batch [101/132] loss: 0.0004 psnr: 34.73 dB  msssim: 0.9779
epoch [123/1200] batch [132/132] loss: 0.0002 psnr: 34.79 dB  msssim: 0.9779
======  Epoch 123 完成 ======LOSS: 0.0004 | PSNR: 34.79 dB | BEST: 34.81 dB | MSSSIM: 0.9779 | TIME: 60.44秒 | LR: 2.806e-03
epoch [124/1200] batch [1/132] loss: 0.0005 psnr: 32.74 dB  msssim: 0.9706
epoch [124/1200] batch [51/132] loss: 0.0002 psnr: 34.67 dB  msssim: 0.9783
epoch [124/1200] batch [101/132] loss: 0.0002 psnr: 34.69 dB  msssim: 0.9784
epoch [124/1200] batch [132/132] loss: 0.0007 psnr: 34.47 dB  msssim: 0.9771
======  Epoch 124 完成 ======LOSS: 0.0004 | PSNR: 34.47 dB | BEST: 34.81 dB | MSSSIM: 0.9771 | TIME: 60.37秒 | LR: 2.825e-03
epoch [125/1200] batch [1/132] loss: 0.0002 psnr: 36.38 dB  msssim: 0.9892
epoch [125/1200] batch [51/132] loss: 0.0008 psnr: 34.81 dB  msssim: 0.9798
epoch [125/1200] batch [101/132] loss: 0.0002 psnr: 34.25 dB  msssim: 0.9768
epoch [125/1200] batch [132/132] loss: 0.0002 psnr: 34.33 dB  msssim: 0.9769
======  Epoch 125 完成 ======LOSS: 0.0004 | PSNR: 34.33 dB | BEST: 34.81 dB | MSSSIM: 0.9769 | TIME: 60.36秒 | LR: 2.844e-03
epoch [126/1200] batch [1/132] loss: 0.0002 psnr: 36.09 dB  msssim: 0.9848
epoch [126/1200] batch [51/132] loss: 0.0002 psnr: 34.19 dB  msssim: 0.9750
epoch [126/1200] batch [101/132] loss: 0.0002 psnr: 34.54 dB  msssim: 0.9769
epoch [126/1200] batch [132/132] loss: 0.0003 psnr: 34.73 dB  msssim: 0.9781
======  Epoch 126 完成 ======LOSS: 0.0004 | PSNR: 34.73 dB | BEST: 34.81 dB | MSSSIM: 0.9781 | TIME: 60.42秒 | LR: 2.862e-03
epoch [127/1200] batch [1/132] loss: 0.0006 psnr: 32.08 dB  msssim: 0.9621
epoch [127/1200] batch [51/132] loss: 0.0007 psnr: 34.66 dB  msssim: 0.9776
epoch [127/1200] batch [101/132] loss: 0.0003 psnr: 34.83 dB  msssim: 0.9786
epoch [127/1200] batch [132/132] loss: 0.0002 psnr: 34.89 dB  msssim: 0.9787
======  Epoch 127 完成 ======LOSS: 0.0004 | PSNR: 34.89 dB | BEST: 34.89 dB | MSSSIM: 0.9787 | TIME: 60.42秒 | LR: 2.881e-03
epoch [128/1200] batch [1/132] loss: 0.0002 psnr: 37.03 dB  msssim: 0.9902
epoch [128/1200] batch [51/132] loss: 0.0008 psnr: 35.01 dB  msssim: 0.9806
epoch [128/1200] batch [101/132] loss: 0.0007 psnr: 34.51 dB  msssim: 0.9784
epoch [128/1200] batch [132/132] loss: 0.0002 psnr: 34.39 dB  msssim: 0.9774
======  Epoch 128 完成 ======LOSS: 0.0004 | PSNR: 34.39 dB | BEST: 34.89 dB | MSSSIM: 0.9774 | TIME: 60.44秒 | LR: 2.900e-03
epoch [129/1200] batch [1/132] loss: 0.0002 psnr: 36.20 dB  msssim: 0.9870
epoch [129/1200] batch [51/132] loss: 0.0007 psnr: 35.04 dB  msssim: 0.9794
epoch [129/1200] batch [101/132] loss: 0.0011 psnr: 34.41 dB  msssim: 0.9765
epoch [129/1200] batch [132/132] loss: 0.0006 psnr: 34.50 dB  msssim: 0.9769
======  Epoch 129 完成 ======LOSS: 0.0004 | PSNR: 34.50 dB | BEST: 34.89 dB | MSSSIM: 0.9769 | TIME: 60.45秒 | LR: 2.919e-03
epoch [130/1200] batch [1/132] loss: 0.0006 psnr: 31.94 dB  msssim: 0.9600
epoch [130/1200] batch [51/132] loss: 0.0004 psnr: 35.18 dB  msssim: 0.9807
epoch [130/1200] batch [101/132] loss: 0.0004 psnr: 34.71 dB  msssim: 0.9780
epoch [130/1200] batch [132/132] loss: 0.0002 psnr: 34.79 dB  msssim: 0.9784
======  Epoch 130 完成 ======LOSS: 0.0004 | PSNR: 34.79 dB | BEST: 34.89 dB | MSSSIM: 0.9784 | TIME: 60.39秒 | LR: 2.937e-03
epoch [131/1200] batch [1/132] loss: 0.0006 psnr: 32.40 dB  msssim: 0.9686
epoch [131/1200] batch [51/132] loss: 0.0006 psnr: 34.68 dB  msssim: 0.9786
epoch [131/1200] batch [101/132] loss: 0.0002 psnr: 34.67 dB  msssim: 0.9782
epoch [131/1200] batch [132/132] loss: 0.0002 psnr: 34.63 dB  msssim: 0.9780
======  Epoch 131 完成 ======LOSS: 0.0004 | PSNR: 34.63 dB | BEST: 34.89 dB | MSSSIM: 0.9780 | TIME: 60.43秒 | LR: 2.956e-03
epoch [132/1200] batch [1/132] loss: 0.0003 psnr: 35.71 dB  msssim: 0.9861
epoch [132/1200] batch [51/132] loss: 0.0003 psnr: 33.57 dB  msssim: 0.9754
epoch [132/1200] batch [101/132] loss: 0.0003 psnr: 33.88 dB  msssim: 0.9756
epoch [132/1200] batch [132/132] loss: 0.0003 psnr: 33.89 dB  msssim: 0.9754
======  Epoch 132 完成 ======LOSS: 0.0005 | PSNR: 33.89 dB | BEST: 34.89 dB | MSSSIM: 0.9754 | TIME: 60.47秒 | LR: 2.975e-03
epoch [133/1200] batch [1/132] loss: 0.0007 psnr: 31.43 dB  msssim: 0.9620
epoch [133/1200] batch [51/132] loss: 0.0004 psnr: 33.89 dB  msssim: 0.9770
epoch [133/1200] batch [101/132] loss: 0.0003 psnr: 33.88 dB  msssim: 0.9760
epoch [133/1200] batch [132/132] loss: 0.0006 psnr: 33.89 dB  msssim: 0.9758
======  Epoch 133 完成 ======LOSS: 0.0005 | PSNR: 33.89 dB | BEST: 34.89 dB | MSSSIM: 0.9758 | TIME: 60.47秒 | LR: 2.994e-03
epoch [134/1200] batch [1/132] loss: 0.0002 psnr: 36.70 dB  msssim: 0.9892
epoch [134/1200] batch [51/132] loss: 0.0002 psnr: 34.90 dB  msssim: 0.9792
epoch [134/1200] batch [101/132] loss: 0.0004 psnr: 34.87 dB  msssim: 0.9793
epoch [134/1200] batch [132/132] loss: 0.0002 psnr: 34.63 dB  msssim: 0.9779
======  Epoch 134 完成 ======LOSS: 0.0004 | PSNR: 34.63 dB | BEST: 34.89 dB | MSSSIM: 0.9779 | TIME: 60.42秒 | LR: 3.012e-03
epoch [135/1200] batch [1/132] loss: 0.0003 psnr: 35.15 dB  msssim: 0.9860
epoch [135/1200] batch [51/132] loss: 0.0003 psnr: 34.33 dB  msssim: 0.9774
epoch [135/1200] batch [101/132] loss: 0.0007 psnr: 34.54 dB  msssim: 0.9776
epoch [135/1200] batch [132/132] loss: 0.0003 psnr: 34.41 dB  msssim: 0.9769
======  Epoch 135 完成 ======LOSS: 0.0004 | PSNR: 34.41 dB | BEST: 34.89 dB | MSSSIM: 0.9769 | TIME: 60.33秒 | LR: 3.031e-03
epoch [136/1200] batch [1/132] loss: 0.0003 psnr: 35.77 dB  msssim: 0.9866
epoch [136/1200] batch [51/132] loss: 0.0005 psnr: 34.62 dB  msssim: 0.9778
epoch [136/1200] batch [101/132] loss: 0.0002 psnr: 34.20 dB  msssim: 0.9755
epoch [136/1200] batch [132/132] loss: 0.0006 psnr: 34.22 dB  msssim: 0.9759
======  Epoch 136 完成 ======LOSS: 0.0004 | PSNR: 34.22 dB | BEST: 34.89 dB | MSSSIM: 0.9759 | TIME: 60.35秒 | LR: 3.050e-03
epoch [137/1200] batch [1/132] loss: 0.0004 psnr: 34.06 dB  msssim: 0.9766
epoch [137/1200] batch [51/132] loss: 0.0004 psnr: 34.34 dB  msssim: 0.9770
epoch [137/1200] batch [101/132] loss: 0.0005 psnr: 33.81 dB  msssim: 0.9755
epoch [137/1200] batch [132/132] loss: 0.0004 psnr: 33.85 dB  msssim: 0.9759
======  Epoch 137 完成 ======LOSS: 0.0005 | PSNR: 33.85 dB | BEST: 34.89 dB | MSSSIM: 0.9759 | TIME: 60.43秒 | LR: 3.069e-03
epoch [138/1200] batch [1/132] loss: 0.0011 psnr: 29.73 dB  msssim: 0.9536
epoch [138/1200] batch [51/132] loss: 0.0013 psnr: 33.68 dB  msssim: 0.9743
epoch [138/1200] batch [101/132] loss: 0.0007 psnr: 34.09 dB  msssim: 0.9758
epoch [138/1200] batch [132/132] loss: 0.0006 psnr: 34.12 dB  msssim: 0.9758
======  Epoch 138 完成 ======LOSS: 0.0004 | PSNR: 34.12 dB | BEST: 34.89 dB | MSSSIM: 0.9758 | TIME: 60.50秒 | LR: 3.087e-03
epoch [139/1200] batch [1/132] loss: 0.0003 psnr: 34.78 dB  msssim: 0.9814
epoch [139/1200] batch [51/132] loss: 0.0006 psnr: 34.70 dB  msssim: 0.9781
epoch [139/1200] batch [101/132] loss: 0.0004 psnr: 34.65 dB  msssim: 0.9786
epoch [139/1200] batch [132/132] loss: 0.0002 psnr: 34.50 dB  msssim: 0.9776
======  Epoch 139 完成 ======LOSS: 0.0004 | PSNR: 34.50 dB | BEST: 34.89 dB | MSSSIM: 0.9776 | TIME: 60.33秒 | LR: 3.106e-03
epoch [140/1200] batch [1/132] loss: 0.0002 psnr: 36.25 dB  msssim: 0.9869
epoch [140/1200] batch [51/132] loss: 0.0002 psnr: 34.72 dB  msssim: 0.9791
epoch [140/1200] batch [101/132] loss: 0.0002 psnr: 34.50 dB  msssim: 0.9780
epoch [140/1200] batch [132/132] loss: 0.0002 psnr: 34.49 dB  msssim: 0.9778
======  Epoch 140 完成 ======LOSS: 0.0004 | PSNR: 34.49 dB | BEST: 34.89 dB | MSSSIM: 0.9778 | TIME: 60.34秒 | LR: 3.125e-03
epoch [141/1200] batch [1/132] loss: 0.0005 psnr: 32.80 dB  msssim: 0.9702
epoch [141/1200] batch [51/132] loss: 0.0007 psnr: 35.23 dB  msssim: 0.9800
epoch [141/1200] batch [101/132] loss: 0.0005 psnr: 35.10 dB  msssim: 0.9797
epoch [141/1200] batch [132/132] loss: 0.0007 psnr: 34.86 dB  msssim: 0.9788
======  Epoch 141 完成 ======LOSS: 0.0004 | PSNR: 34.86 dB | BEST: 34.89 dB | MSSSIM: 0.9788 | TIME: 60.41秒 | LR: 3.144e-03
epoch [142/1200] batch [1/132] loss: 0.0006 psnr: 32.58 dB  msssim: 0.9689
epoch [142/1200] batch [51/132] loss: 0.0006 psnr: 34.40 dB  msssim: 0.9770
epoch [142/1200] batch [101/132] loss: 0.0004 psnr: 34.73 dB  msssim: 0.9790
epoch [142/1200] batch [132/132] loss: 0.0002 psnr: 34.71 dB  msssim: 0.9785
======  Epoch 142 完成 ======LOSS: 0.0004 | PSNR: 34.71 dB | BEST: 34.89 dB | MSSSIM: 0.9785 | TIME: 60.43秒 | LR: 3.162e-03
epoch [143/1200] batch [1/132] loss: 0.0002 psnr: 38.00 dB  msssim: 0.9912
epoch [143/1200] batch [51/132] loss: 0.0005 psnr: 35.47 dB  msssim: 0.9813
epoch [143/1200] batch [101/132] loss: 0.0003 psnr: 35.22 dB  msssim: 0.9806
epoch [143/1200] batch [132/132] loss: 0.0006 psnr: 34.97 dB  msssim: 0.9797
======  Epoch 143 完成 ======LOSS: 0.0004 | PSNR: 34.97 dB | BEST: 34.97 dB | MSSSIM: 0.9797 | TIME: 60.60秒 | LR: 3.181e-03
epoch [144/1200] batch [1/132] loss: 0.0003 psnr: 35.36 dB  msssim: 0.9888
epoch [144/1200] batch [51/132] loss: 0.0005 psnr: 34.21 dB  msssim: 0.9775
epoch [144/1200] batch [101/132] loss: 0.0004 psnr: 34.48 dB  msssim: 0.9784
epoch [144/1200] batch [132/132] loss: 0.0002 psnr: 34.58 dB  msssim: 0.9784
======  Epoch 144 完成 ======LOSS: 0.0004 | PSNR: 34.58 dB | BEST: 34.97 dB | MSSSIM: 0.9784 | TIME: 60.41秒 | LR: 3.200e-03
epoch [145/1200] batch [1/132] loss: 0.0005 psnr: 32.66 dB  msssim: 0.9693
epoch [145/1200] batch [51/132] loss: 0.0006 psnr: 34.38 dB  msssim: 0.9773
epoch [145/1200] batch [101/132] loss: 0.0002 psnr: 34.75 dB  msssim: 0.9790
epoch [145/1200] batch [132/132] loss: 0.0006 psnr: 34.90 dB  msssim: 0.9795
======  Epoch 145 完成 ======LOSS: 0.0004 | PSNR: 34.90 dB | BEST: 34.97 dB | MSSSIM: 0.9795 | TIME: 60.44秒 | LR: 3.219e-03
epoch [146/1200] batch [1/132] loss: 0.0002 psnr: 36.71 dB  msssim: 0.9875
epoch [146/1200] batch [51/132] loss: 0.0002 psnr: 34.84 dB  msssim: 0.9789
epoch [146/1200] batch [101/132] loss: 0.0003 psnr: 34.70 dB  msssim: 0.9784
epoch [146/1200] batch [132/132] loss: 0.0002 psnr: 34.82 dB  msssim: 0.9790
======  Epoch 146 完成 ======LOSS: 0.0004 | PSNR: 34.82 dB | BEST: 34.97 dB | MSSSIM: 0.9790 | TIME: 60.45秒 | LR: 3.237e-03
epoch [147/1200] batch [1/132] loss: 0.0005 psnr: 33.32 dB  msssim: 0.9739
epoch [147/1200] batch [51/132] loss: 0.0002 psnr: 34.90 dB  msssim: 0.9793
epoch [147/1200] batch [101/132] loss: 0.0005 psnr: 34.93 dB  msssim: 0.9790
epoch [147/1200] batch [132/132] loss: 0.0006 psnr: 35.02 dB  msssim: 0.9792
======  Epoch 147 完成 ======LOSS: 0.0004 | PSNR: 35.02 dB | BEST: 35.02 dB | MSSSIM: 0.9792 | TIME: 60.45秒 | LR: 3.256e-03
epoch [148/1200] batch [1/132] loss: 0.0003 psnr: 34.74 dB  msssim: 0.9787
epoch [148/1200] batch [51/132] loss: 0.0002 psnr: 35.15 dB  msssim: 0.9795
epoch [148/1200] batch [101/132] loss: 0.0005 psnr: 35.17 dB  msssim: 0.9799
epoch [148/1200] batch [132/132] loss: 0.0004 psnr: 35.03 dB  msssim: 0.9793
======  Epoch 148 完成 ======LOSS: 0.0004 | PSNR: 35.03 dB | BEST: 35.03 dB | MSSSIM: 0.9793 | TIME: 60.41秒 | LR: 3.275e-03
epoch [149/1200] batch [1/132] loss: 0.0006 psnr: 32.51 dB  msssim: 0.9672
epoch [149/1200] batch [51/132] loss: 0.0004 psnr: 34.65 dB  msssim: 0.9784
epoch [149/1200] batch [101/132] loss: 0.0002 psnr: 35.03 dB  msssim: 0.9795
epoch [149/1200] batch [132/132] loss: 0.0004 psnr: 34.92 dB  msssim: 0.9790
======  Epoch 149 完成 ======LOSS: 0.0004 | PSNR: 34.92 dB | BEST: 35.03 dB | MSSSIM: 0.9790 | TIME: 60.45秒 | LR: 3.294e-03
epoch [150/1200] batch [1/132] loss: 0.0007 psnr: 31.60 dB  msssim: 0.9659
epoch [150/1200] batch [51/132] loss: 0.0002 psnr: 34.84 dB  msssim: 0.9793
epoch [150/1200] batch [101/132] loss: 0.0008 psnr: 34.76 dB  msssim: 0.9784
epoch [150/1200] batch [132/132] loss: 0.0005 psnr: 34.79 dB  msssim: 0.9787
======  Epoch 150 完成 ======LOSS: 0.0004 | PSNR: 34.79 dB | BEST: 35.03 dB | MSSSIM: 0.9787 | TIME: 60.33秒 | LR: 3.312e-03
Step [1/132] | Val PSNR: 34.38 dB | Val MSSSIM: 0.9796 | FPS: 134.92
Step [51/132] | Val PSNR: 32.75 dB | Val MSSSIM: 0.9681 | FPS: 217.98
Step [101/132] | Val PSNR: 34.26 dB | Val MSSSIM: 0.9765 | FPS: 224.59
Step [132/132] | Val PSNR: 34.76 dB | Val MSSSIM: 0.9794 | FPS: 223.52
== Epoch 150 测试完成 == PSNR: 34.76 dB | BEST: 35.03 dB | MSSSIM: 0.9794 | TIME: 18.77秒 | 
epoch [151/1200] batch [1/132] loss: 0.0003 psnr: 35.29 dB  msssim: 0.9835
epoch [151/1200] batch [51/132] loss: 0.0002 psnr: 34.20 dB  msssim: 0.9759
epoch [151/1200] batch [101/132] loss: 0.0007 psnr: 34.24 dB  msssim: 0.9763
epoch [151/1200] batch [132/132] loss: 0.0002 psnr: 34.39 dB  msssim: 0.9772
======  Epoch 151 完成 ======LOSS: 0.0004 | PSNR: 34.39 dB | BEST: 35.03 dB | MSSSIM: 0.9772 | TIME: 60.37秒 | LR: 3.331e-03
epoch [152/1200] batch [1/132] loss: 0.0005 psnr: 33.20 dB  msssim: 0.9711
epoch [152/1200] batch [51/132] loss: 0.0004 psnr: 34.48 dB  msssim: 0.9774
epoch [152/1200] batch [101/132] loss: 0.0003 psnr: 34.69 dB  msssim: 0.9781
epoch [152/1200] batch [132/132] loss: 0.0003 psnr: 34.64 dB  msssim: 0.9780
======  Epoch 152 完成 ======LOSS: 0.0004 | PSNR: 34.64 dB | BEST: 35.03 dB | MSSSIM: 0.9780 | TIME: 60.41秒 | LR: 3.350e-03
epoch [153/1200] batch [1/132] loss: 0.0002 psnr: 36.54 dB  msssim: 0.9865
epoch [153/1200] batch [51/132] loss: 0.0007 psnr: 34.14 dB  msssim: 0.9770
epoch [153/1200] batch [101/132] loss: 0.0009 psnr: 34.10 dB  msssim: 0.9770
epoch [153/1200] batch [132/132] loss: 0.0007 psnr: 33.98 dB  msssim: 0.9764
======  Epoch 153 完成 ======LOSS: 0.0004 | PSNR: 33.98 dB | BEST: 35.03 dB | MSSSIM: 0.9764 | TIME: 60.39秒 | LR: 3.369e-03
epoch [154/1200] batch [1/132] loss: 0.0005 psnr: 33.30 dB  msssim: 0.9735
epoch [154/1200] batch [51/132] loss: 0.0002 psnr: 34.75 dB  msssim: 0.9782
epoch [154/1200] batch [101/132] loss: 0.0003 psnr: 34.55 dB  msssim: 0.9779
epoch [154/1200] batch [132/132] loss: 0.0002 psnr: 34.55 dB  msssim: 0.9782
======  Epoch 154 完成 ======LOSS: 0.0004 | PSNR: 34.55 dB | BEST: 35.03 dB | MSSSIM: 0.9782 | TIME: 60.36秒 | LR: 3.387e-03
epoch [155/1200] batch [1/132] loss: 0.0002 psnr: 36.68 dB  msssim: 0.9899
epoch [155/1200] batch [51/132] loss: 0.0005 psnr: 34.99 dB  msssim: 0.9791
epoch [155/1200] batch [101/132] loss: 0.0003 psnr: 34.90 dB  msssim: 0.9789
epoch [155/1200] batch [132/132] loss: 0.0004 psnr: 34.99 dB  msssim: 0.9793
======  Epoch 155 完成 ======LOSS: 0.0004 | PSNR: 34.99 dB | BEST: 35.03 dB | MSSSIM: 0.9793 | TIME: 60.41秒 | LR: 3.406e-03
epoch [156/1200] batch [1/132] loss: 0.0004 psnr: 33.54 dB  msssim: 0.9761
epoch [156/1200] batch [51/132] loss: 0.0004 psnr: 35.20 dB  msssim: 0.9807
epoch [156/1200] batch [101/132] loss: 0.0003 psnr: 34.95 dB  msssim: 0.9789
epoch [156/1200] batch [132/132] loss: 0.0002 psnr: 34.99 dB  msssim: 0.9791
======  Epoch 156 完成 ======LOSS: 0.0004 | PSNR: 34.99 dB | BEST: 35.03 dB | MSSSIM: 0.9791 | TIME: 60.43秒 | LR: 3.425e-03
epoch [157/1200] batch [1/132] loss: 0.0002 psnr: 36.70 dB  msssim: 0.9879
epoch [157/1200] batch [51/132] loss: 0.0009 psnr: 34.42 dB  msssim: 0.9768
epoch [157/1200] batch [101/132] loss: 0.0003 psnr: 34.27 dB  msssim: 0.9767
epoch [157/1200] batch [132/132] loss: 0.0005 psnr: 34.31 dB  msssim: 0.9768
======  Epoch 157 完成 ======LOSS: 0.0004 | PSNR: 34.31 dB | BEST: 35.03 dB | MSSSIM: 0.9768 | TIME: 60.29秒 | LR: 3.444e-03
epoch [158/1200] batch [1/132] loss: 0.0003 psnr: 34.98 dB  msssim: 0.9840
epoch [158/1200] batch [51/132] loss: 0.0004 psnr: 34.70 dB  msssim: 0.9785
epoch [158/1200] batch [101/132] loss: 0.0002 psnr: 34.49 dB  msssim: 0.9774
epoch [158/1200] batch [132/132] loss: 0.0003 psnr: 34.69 dB  msssim: 0.9781
======  Epoch 158 完成 ======LOSS: 0.0004 | PSNR: 34.69 dB | BEST: 35.03 dB | MSSSIM: 0.9781 | TIME: 60.34秒 | LR: 3.462e-03
epoch [159/1200] batch [1/132] loss: 0.0002 psnr: 37.80 dB  msssim: 0.9909
epoch [159/1200] batch [51/132] loss: 0.0004 psnr: 35.11 dB  msssim: 0.9808
epoch [159/1200] batch [101/132] loss: 0.0006 psnr: 34.77 dB  msssim: 0.9787
epoch [159/1200] batch [132/132] loss: 0.0003 psnr: 34.77 dB  msssim: 0.9787
======  Epoch 159 完成 ======LOSS: 0.0004 | PSNR: 34.77 dB | BEST: 35.03 dB | MSSSIM: 0.9787 | TIME: 60.44秒 | LR: 3.481e-03
epoch [160/1200] batch [1/132] loss: 0.0006 psnr: 32.32 dB  msssim: 0.9603
epoch [160/1200] batch [51/132] loss: 0.0003 psnr: 34.50 dB  msssim: 0.9778
epoch [160/1200] batch [101/132] loss: 0.0002 psnr: 34.43 dB  msssim: 0.9782
epoch [160/1200] batch [132/132] loss: 0.0006 psnr: 34.33 dB  msssim: 0.9774
======  Epoch 160 完成 ======LOSS: 0.0004 | PSNR: 34.33 dB | BEST: 35.03 dB | MSSSIM: 0.9774 | TIME: 60.35秒 | LR: 3.500e-03
epoch [161/1200] batch [1/132] loss: 0.0002 psnr: 36.82 dB  msssim: 0.9891
epoch [161/1200] batch [51/132] loss: 0.0008 psnr: 34.37 dB  msssim: 0.9776
epoch [161/1200] batch [101/132] loss: 0.0011 psnr: 34.28 dB  msssim: 0.9767
epoch [161/1200] batch [132/132] loss: 0.0007 psnr: 34.34 dB  msssim: 0.9769
======  Epoch 161 完成 ======LOSS: 0.0004 | PSNR: 34.34 dB | BEST: 35.03 dB | MSSSIM: 0.9769 | TIME: 60.30秒 | LR: 3.519e-03
epoch [162/1200] batch [1/132] loss: 0.0004 psnr: 34.30 dB  msssim: 0.9796
epoch [162/1200] batch [51/132] loss: 0.0002 psnr: 34.93 dB  msssim: 0.9789
epoch [162/1200] batch [101/132] loss: 0.0008 psnr: 34.66 dB  msssim: 0.9782
epoch [162/1200] batch [132/132] loss: 0.0002 psnr: 34.70 dB  msssim: 0.9783
======  Epoch 162 完成 ======LOSS: 0.0004 | PSNR: 34.70 dB | BEST: 35.03 dB | MSSSIM: 0.9783 | TIME: 60.47秒 | LR: 3.537e-03
epoch [163/1200] batch [1/132] loss: 0.0004 psnr: 33.55 dB  msssim: 0.9743
epoch [163/1200] batch [51/132] loss: 0.0003 psnr: 34.84 dB  msssim: 0.9790
epoch [163/1200] batch [101/132] loss: 0.0004 psnr: 34.79 dB  msssim: 0.9787
epoch [163/1200] batch [132/132] loss: 0.0005 psnr: 34.84 dB  msssim: 0.9789
======  Epoch 163 完成 ======LOSS: 0.0004 | PSNR: 34.84 dB | BEST: 35.03 dB | MSSSIM: 0.9789 | TIME: 60.36秒 | LR: 3.556e-03
epoch [164/1200] batch [1/132] loss: 0.0005 psnr: 33.04 dB  msssim: 0.9728
epoch [164/1200] batch [51/132] loss: 0.0002 psnr: 34.79 dB  msssim: 0.9792
epoch [164/1200] batch [101/132] loss: 0.0004 psnr: 34.88 dB  msssim: 0.9793
epoch [164/1200] batch [132/132] loss: 0.0003 psnr: 34.95 dB  msssim: 0.9794
======  Epoch 164 完成 ======LOSS: 0.0004 | PSNR: 34.95 dB | BEST: 35.03 dB | MSSSIM: 0.9794 | TIME: 60.48秒 | LR: 3.575e-03
epoch [165/1200] batch [1/132] loss: 0.0005 psnr: 32.91 dB  msssim: 0.9698
epoch [165/1200] batch [51/132] loss: 0.0002 psnr: 34.42 dB  msssim: 0.9775
epoch [165/1200] batch [101/132] loss: 0.0004 psnr: 34.44 dB  msssim: 0.9785
epoch [165/1200] batch [132/132] loss: 0.0007 psnr: 34.44 dB  msssim: 0.9787
======  Epoch 165 完成 ======LOSS: 0.0004 | PSNR: 34.44 dB | BEST: 35.03 dB | MSSSIM: 0.9787 | TIME: 60.46秒 | LR: 3.594e-03
epoch [166/1200] batch [1/132] loss: 0.0005 psnr: 33.13 dB  msssim: 0.9753
epoch [166/1200] batch [51/132] loss: 0.0007 psnr: 34.68 dB  msssim: 0.9797
epoch [166/1200] batch [101/132] loss: 0.0002 psnr: 34.71 dB  msssim: 0.9793
epoch [166/1200] batch [132/132] loss: 0.0003 psnr: 34.72 dB  msssim: 0.9789
======  Epoch 166 完成 ======LOSS: 0.0004 | PSNR: 34.72 dB | BEST: 35.03 dB | MSSSIM: 0.9789 | TIME: 60.50秒 | LR: 3.612e-03
epoch [167/1200] batch [1/132] loss: 0.0002 psnr: 37.36 dB  msssim: 0.9905
epoch [167/1200] batch [51/132] loss: 0.0007 psnr: 35.00 dB  msssim: 0.9800
epoch [167/1200] batch [101/132] loss: 0.0002 psnr: 35.09 dB  msssim: 0.9802
epoch [167/1200] batch [132/132] loss: 0.0006 psnr: 34.99 dB  msssim: 0.9795
======  Epoch 167 完成 ======LOSS: 0.0004 | PSNR: 34.99 dB | BEST: 35.03 dB | MSSSIM: 0.9795 | TIME: 60.47秒 | LR: 3.631e-03
epoch [168/1200] batch [1/132] loss: 0.0003 psnr: 34.93 dB  msssim: 0.9813
epoch [168/1200] batch [51/132] loss: 0.0003 psnr: 35.42 dB  msssim: 0.9811
epoch [168/1200] batch [101/132] loss: 0.0002 psnr: 35.19 dB  msssim: 0.9799
epoch [168/1200] batch [132/132] loss: 0.0004 psnr: 35.21 dB  msssim: 0.9801
======  Epoch 168 完成 ======LOSS: 0.0003 | PSNR: 35.21 dB | BEST: 35.21 dB | MSSSIM: 0.9801 | TIME: 60.55秒 | LR: 3.650e-03
epoch [169/1200] batch [1/132] loss: 0.0004 psnr: 34.37 dB  msssim: 0.9789
epoch [169/1200] batch [51/132] loss: 0.0004 psnr: 34.63 dB  msssim: 0.9793
epoch [169/1200] batch [101/132] loss: 0.0003 psnr: 34.46 dB  msssim: 0.9786
epoch [169/1200] batch [132/132] loss: 0.0007 psnr: 34.50 dB  msssim: 0.9786
======  Epoch 169 完成 ======LOSS: 0.0004 | PSNR: 34.50 dB | BEST: 35.21 dB | MSSSIM: 0.9786 | TIME: 60.54秒 | LR: 3.669e-03
epoch [170/1200] batch [1/132] loss: 0.0002 psnr: 37.28 dB  msssim: 0.9904
epoch [170/1200] batch [51/132] loss: 0.0003 psnr: 34.75 dB  msssim: 0.9790
epoch [170/1200] batch [101/132] loss: 0.0005 psnr: 34.69 dB  msssim: 0.9786
epoch [170/1200] batch [132/132] loss: 0.0003 psnr: 34.78 dB  msssim: 0.9790
======  Epoch 170 完成 ======LOSS: 0.0004 | PSNR: 34.78 dB | BEST: 35.21 dB | MSSSIM: 0.9790 | TIME: 60.52秒 | LR: 3.687e-03
epoch [171/1200] batch [1/132] loss: 0.0002 psnr: 38.05 dB  msssim: 0.9910
epoch [171/1200] batch [51/132] loss: 0.0004 psnr: 35.12 dB  msssim: 0.9798
epoch [171/1200] batch [101/132] loss: 0.0002 psnr: 35.11 dB  msssim: 0.9801
epoch [171/1200] batch [132/132] loss: 0.0007 psnr: 34.99 dB  msssim: 0.9796
======  Epoch 171 完成 ======LOSS: 0.0004 | PSNR: 34.99 dB | BEST: 35.21 dB | MSSSIM: 0.9796 | TIME: 60.47秒 | LR: 3.706e-03
epoch [172/1200] batch [1/132] loss: 0.0003 psnr: 35.91 dB  msssim: 0.9886
epoch [172/1200] batch [51/132] loss: 0.0003 psnr: 34.69 dB  msssim: 0.9795
epoch [172/1200] batch [101/132] loss: 0.0002 psnr: 34.69 dB  msssim: 0.9790
epoch [172/1200] batch [132/132] loss: 0.0002 psnr: 34.73 dB  msssim: 0.9788
======  Epoch 172 完成 ======LOSS: 0.0004 | PSNR: 34.73 dB | BEST: 35.21 dB | MSSSIM: 0.9788 | TIME: 60.51秒 | LR: 3.725e-03
epoch [173/1200] batch [1/132] loss: 0.0002 psnr: 36.83 dB  msssim: 0.9868
epoch [173/1200] batch [51/132] loss: 0.0006 psnr: 34.26 dB  msssim: 0.9759
epoch [173/1200] batch [101/132] loss: 0.0008 psnr: 34.72 dB  msssim: 0.9783
epoch [173/1200] batch [132/132] loss: 0.0006 psnr: 34.83 dB  msssim: 0.9787
======  Epoch 173 完成 ======LOSS: 0.0004 | PSNR: 34.83 dB | BEST: 35.21 dB | MSSSIM: 0.9787 | TIME: 60.60秒 | LR: 3.744e-03
epoch [174/1200] batch [1/132] loss: 0.0002 psnr: 37.15 dB  msssim: 0.9887
epoch [174/1200] batch [51/132] loss: 0.0003 psnr: 35.19 dB  msssim: 0.9801
epoch [174/1200] batch [101/132] loss: 0.0003 psnr: 35.21 dB  msssim: 0.9802
epoch [174/1200] batch [132/132] loss: 0.0002 psnr: 35.10 dB  msssim: 0.9799
======  Epoch 174 完成 ======LOSS: 0.0003 | PSNR: 35.10 dB | BEST: 35.21 dB | MSSSIM: 0.9799 | TIME: 60.36秒 | LR: 3.762e-03
epoch [175/1200] batch [1/132] loss: 0.0002 psnr: 37.78 dB  msssim: 0.9909
epoch [175/1200] batch [51/132] loss: 0.0005 psnr: 34.53 dB  msssim: 0.9778
epoch [175/1200] batch [101/132] loss: 0.0002 psnr: 34.82 dB  msssim: 0.9791
epoch [175/1200] batch [132/132] loss: 0.0002 psnr: 34.79 dB  msssim: 0.9787
======  Epoch 175 完成 ======LOSS: 0.0004 | PSNR: 34.79 dB | BEST: 35.21 dB | MSSSIM: 0.9787 | TIME: 60.51秒 | LR: 3.781e-03
epoch [176/1200] batch [1/132] loss: 0.0002 psnr: 37.37 dB  msssim: 0.9904
epoch [176/1200] batch [51/132] loss: 0.0005 psnr: 35.04 dB  msssim: 0.9799
epoch [176/1200] batch [101/132] loss: 0.0006 psnr: 34.83 dB  msssim: 0.9790
epoch [176/1200] batch [132/132] loss: 0.0002 psnr: 34.69 dB  msssim: 0.9785
======  Epoch 176 完成 ======LOSS: 0.0004 | PSNR: 34.69 dB | BEST: 35.21 dB | MSSSIM: 0.9785 | TIME: 60.42秒 | LR: 3.800e-03
epoch [177/1200] batch [1/132] loss: 0.0006 psnr: 32.46 dB  msssim: 0.9697
epoch [177/1200] batch [51/132] loss: 0.0007 psnr: 34.99 dB  msssim: 0.9796
epoch [177/1200] batch [101/132] loss: 0.0003 psnr: 34.84 dB  msssim: 0.9787
epoch [177/1200] batch [132/132] loss: 0.0003 psnr: 34.83 dB  msssim: 0.9788
======  Epoch 177 完成 ======LOSS: 0.0004 | PSNR: 34.83 dB | BEST: 35.21 dB | MSSSIM: 0.9788 | TIME: 60.49秒 | LR: 3.819e-03
epoch [178/1200] batch [1/132] loss: 0.0008 psnr: 30.98 dB  msssim: 0.9552
epoch [178/1200] batch [51/132] loss: 0.0007 psnr: 34.30 dB  msssim: 0.9775
epoch [178/1200] batch [101/132] loss: 0.0002 psnr: 34.66 dB  msssim: 0.9787
epoch [178/1200] batch [132/132] loss: 0.0002 psnr: 34.59 dB  msssim: 0.9781
======  Epoch 178 完成 ======LOSS: 0.0004 | PSNR: 34.59 dB | BEST: 35.21 dB | MSSSIM: 0.9781 | TIME: 60.51秒 | LR: 3.837e-03
epoch [179/1200] batch [1/132] loss: 0.0002 psnr: 37.57 dB  msssim: 0.9897
epoch [179/1200] batch [51/132] loss: 0.0003 psnr: 35.12 dB  msssim: 0.9805
epoch [179/1200] batch [101/132] loss: 0.0003 psnr: 34.67 dB  msssim: 0.9781
epoch [179/1200] batch [132/132] loss: 0.0006 psnr: 34.93 dB  msssim: 0.9791
======  Epoch 179 完成 ======LOSS: 0.0004 | PSNR: 34.93 dB | BEST: 35.21 dB | MSSSIM: 0.9791 | TIME: 60.46秒 | LR: 3.856e-03
epoch [180/1200] batch [1/132] loss: 0.0004 psnr: 33.95 dB  msssim: 0.9755
epoch [180/1200] batch [51/132] loss: 0.0003 psnr: 35.04 dB  msssim: 0.9799
epoch [180/1200] batch [101/132] loss: 0.0002 psnr: 35.14 dB  msssim: 0.9801
epoch [180/1200] batch [132/132] loss: 0.0002 psnr: 35.19 dB  msssim: 0.9804
======  Epoch 180 完成 ======LOSS: 0.0003 | PSNR: 35.19 dB | BEST: 35.21 dB | MSSSIM: 0.9804 | TIME: 60.44秒 | LR: 3.875e-03
epoch [181/1200] batch [1/132] loss: 0.0003 psnr: 34.70 dB  msssim: 0.9808
epoch [181/1200] batch [51/132] loss: 0.0005 psnr: 35.14 dB  msssim: 0.9810
epoch [181/1200] batch [101/132] loss: 0.0004 psnr: 34.84 dB  msssim: 0.9800
epoch [181/1200] batch [132/132] loss: 0.0005 psnr: 34.72 dB  msssim: 0.9794
======  Epoch 181 完成 ======LOSS: 0.0004 | PSNR: 34.72 dB | BEST: 35.21 dB | MSSSIM: 0.9794 | TIME: 60.48秒 | LR: 3.894e-03
epoch [182/1200] batch [1/132] loss: 0.0003 psnr: 34.58 dB  msssim: 0.9801
epoch [182/1200] batch [51/132] loss: 0.0002 psnr: 34.56 dB  msssim: 0.9787
epoch [182/1200] batch [101/132] loss: 0.0005 psnr: 34.47 dB  msssim: 0.9780
epoch [182/1200] batch [132/132] loss: 0.0004 psnr: 34.54 dB  msssim: 0.9784
======  Epoch 182 完成 ======LOSS: 0.0004 | PSNR: 34.54 dB | BEST: 35.21 dB | MSSSIM: 0.9784 | TIME: 60.57秒 | LR: 3.912e-03
epoch [183/1200] batch [1/132] loss: 0.0003 psnr: 34.85 dB  msssim: 0.9839
epoch [183/1200] batch [51/132] loss: 0.0002 psnr: 34.03 dB  msssim: 0.9775
epoch [183/1200] batch [101/132] loss: 0.0002 psnr: 34.03 dB  msssim: 0.9771
epoch [183/1200] batch [132/132] loss: 0.0005 psnr: 34.34 dB  msssim: 0.9781
======  Epoch 183 完成 ======LOSS: 0.0004 | PSNR: 34.34 dB | BEST: 35.21 dB | MSSSIM: 0.9781 | TIME: 60.58秒 | LR: 3.931e-03
epoch [184/1200] batch [1/132] loss: 0.0002 psnr: 36.46 dB  msssim: 0.9879
epoch [184/1200] batch [51/132] loss: 0.0003 psnr: 34.90 dB  msssim: 0.9799
epoch [184/1200] batch [101/132] loss: 0.0006 psnr: 34.93 dB  msssim: 0.9797
epoch [184/1200] batch [132/132] loss: 0.0001 psnr: 35.01 dB  msssim: 0.9798
======  Epoch 184 完成 ======LOSS: 0.0004 | PSNR: 35.01 dB | BEST: 35.21 dB | MSSSIM: 0.9798 | TIME: 61.06秒 | LR: 3.950e-03
epoch [185/1200] batch [1/132] loss: 0.0002 psnr: 37.52 dB  msssim: 0.9891
epoch [185/1200] batch [51/132] loss: 0.0002 psnr: 35.50 dB  msssim: 0.9824
epoch [185/1200] batch [101/132] loss: 0.0007 psnr: 34.80 dB  msssim: 0.9795
epoch [185/1200] batch [132/132] loss: 0.0005 psnr: 34.73 dB  msssim: 0.9792
======  Epoch 185 完成 ======LOSS: 0.0004 | PSNR: 34.73 dB | BEST: 35.21 dB | MSSSIM: 0.9792 | TIME: 60.68秒 | LR: 3.969e-03
epoch [186/1200] batch [1/132] loss: 0.0003 psnr: 34.65 dB  msssim: 0.9798
epoch [186/1200] batch [51/132] loss: 0.0004 psnr: 34.78 dB  msssim: 0.9789
epoch [186/1200] batch [101/132] loss: 0.0003 psnr: 34.92 dB  msssim: 0.9793
epoch [186/1200] batch [132/132] loss: 0.0005 psnr: 34.93 dB  msssim: 0.9794
======  Epoch 186 完成 ======LOSS: 0.0004 | PSNR: 34.93 dB | BEST: 35.21 dB | MSSSIM: 0.9794 | TIME: 60.63秒 | LR: 3.987e-03
epoch [187/1200] batch [1/132] loss: 0.0002 psnr: 36.60 dB  msssim: 0.9875
epoch [187/1200] batch [51/132] loss: 0.0003 psnr: 34.41 dB  msssim: 0.9774
epoch [187/1200] batch [101/132] loss: 0.0006 psnr: 34.79 dB  msssim: 0.9789
epoch [187/1200] batch [132/132] loss: 0.0003 psnr: 34.86 dB  msssim: 0.9791
======  Epoch 187 完成 ======LOSS: 0.0004 | PSNR: 34.86 dB | BEST: 35.21 dB | MSSSIM: 0.9791 | TIME: 60.58秒 | LR: 4.006e-03
epoch [188/1200] batch [1/132] loss: 0.0004 psnr: 34.27 dB  msssim: 0.9784
epoch [188/1200] batch [51/132] loss: 0.0002 psnr: 34.92 dB  msssim: 0.9789
epoch [188/1200] batch [101/132] loss: 0.0002 psnr: 34.95 dB  msssim: 0.9798
epoch [188/1200] batch [132/132] loss: 0.0007 psnr: 34.84 dB  msssim: 0.9793
======  Epoch 188 完成 ======LOSS: 0.0004 | PSNR: 34.84 dB | BEST: 35.21 dB | MSSSIM: 0.9793 | TIME: 60.61秒 | LR: 4.025e-03
epoch [189/1200] batch [1/132] loss: 0.0004 psnr: 34.02 dB  msssim: 0.9779
epoch [189/1200] batch [51/132] loss: 0.0004 psnr: 34.50 dB  msssim: 0.9782
epoch [189/1200] batch [101/132] loss: 0.0003 psnr: 33.98 dB  msssim: 0.9758
epoch [189/1200] batch [132/132] loss: 0.0004 psnr: 34.26 dB  msssim: 0.9770
======  Epoch 189 完成 ======LOSS: 0.0004 | PSNR: 34.26 dB | BEST: 35.21 dB | MSSSIM: 0.9770 | TIME: 60.49秒 | LR: 4.044e-03
epoch [190/1200] batch [1/132] loss: 0.0003 psnr: 35.66 dB  msssim: 0.9856
epoch [190/1200] batch [51/132] loss: 0.0002 psnr: 35.21 dB  msssim: 0.9810
epoch [190/1200] batch [101/132] loss: 0.0005 psnr: 34.92 dB  msssim: 0.9793
epoch [190/1200] batch [132/132] loss: 0.0006 psnr: 34.90 dB  msssim: 0.9792
======  Epoch 190 完成 ======LOSS: 0.0004 | PSNR: 34.90 dB | BEST: 35.21 dB | MSSSIM: 0.9792 | TIME: 60.61秒 | LR: 4.062e-03
epoch [191/1200] batch [1/132] loss: 0.0002 psnr: 36.20 dB  msssim: 0.9857
epoch [191/1200] batch [51/132] loss: 0.0002 psnr: 34.83 dB  msssim: 0.9789
epoch [191/1200] batch [101/132] loss: 0.0003 psnr: 35.02 dB  msssim: 0.9798
epoch [191/1200] batch [132/132] loss: 0.0007 psnr: 34.99 dB  msssim: 0.9796
======  Epoch 191 完成 ======LOSS: 0.0004 | PSNR: 34.99 dB | BEST: 35.21 dB | MSSSIM: 0.9796 | TIME: 60.60秒 | LR: 4.081e-03
epoch [192/1200] batch [1/132] loss: 0.0002 psnr: 37.58 dB  msssim: 0.9911
epoch [192/1200] batch [51/132] loss: 0.0002 psnr: 35.61 dB  msssim: 0.9827
epoch [192/1200] batch [101/132] loss: 0.0004 psnr: 35.18 dB  msssim: 0.9803
epoch [192/1200] batch [132/132] loss: 0.0002 psnr: 35.16 dB  msssim: 0.9802
======  Epoch 192 完成 ======LOSS: 0.0003 | PSNR: 35.16 dB | BEST: 35.21 dB | MSSSIM: 0.9802 | TIME: 60.56秒 | LR: 4.100e-03
epoch [193/1200] batch [1/132] loss: 0.0003 psnr: 34.58 dB  msssim: 0.9809
epoch [193/1200] batch [51/132] loss: 0.0002 psnr: 34.90 dB  msssim: 0.9790
epoch [193/1200] batch [101/132] loss: 0.0004 psnr: 34.96 dB  msssim: 0.9792
epoch [193/1200] batch [132/132] loss: 0.0003 psnr: 34.92 dB  msssim: 0.9792
======  Epoch 193 完成 ======LOSS: 0.0004 | PSNR: 34.92 dB | BEST: 35.21 dB | MSSSIM: 0.9792 | TIME: 60.54秒 | LR: 4.119e-03
epoch [194/1200] batch [1/132] loss: 0.0005 psnr: 33.21 dB  msssim: 0.9787
epoch [194/1200] batch [51/132] loss: 0.0003 psnr: 34.81 dB  msssim: 0.9798
epoch [194/1200] batch [101/132] loss: 0.0006 psnr: 34.70 dB  msssim: 0.9783
epoch [194/1200] batch [132/132] loss: 0.0002 psnr: 34.69 dB  msssim: 0.9783
======  Epoch 194 完成 ======LOSS: 0.0004 | PSNR: 34.69 dB | BEST: 35.21 dB | MSSSIM: 0.9783 | TIME: 60.56秒 | LR: 4.137e-03
epoch [195/1200] batch [1/132] loss: 0.0003 psnr: 34.70 dB  msssim: 0.9780
epoch [195/1200] batch [51/132] loss: 0.0002 psnr: 34.85 dB  msssim: 0.9788
epoch [195/1200] batch [101/132] loss: 0.0007 psnr: 34.77 dB  msssim: 0.9786
epoch [195/1200] batch [132/132] loss: 0.0002 psnr: 34.86 dB  msssim: 0.9791
======  Epoch 195 完成 ======LOSS: 0.0004 | PSNR: 34.86 dB | BEST: 35.21 dB | MSSSIM: 0.9791 | TIME: 60.50秒 | LR: 4.156e-03
epoch [196/1200] batch [1/132] loss: 0.0002 psnr: 37.17 dB  msssim: 0.9900
epoch [196/1200] batch [51/132] loss: 0.0002 psnr: 34.80 dB  msssim: 0.9801
epoch [196/1200] batch [101/132] loss: 0.0002 psnr: 34.87 dB  msssim: 0.9799
epoch [196/1200] batch [132/132] loss: 0.0006 psnr: 34.86 dB  msssim: 0.9796
======  Epoch 196 完成 ======LOSS: 0.0004 | PSNR: 34.86 dB | BEST: 35.21 dB | MSSSIM: 0.9796 | TIME: 60.56秒 | LR: 4.175e-03
epoch [197/1200] batch [1/132] loss: 0.0006 psnr: 31.99 dB  msssim: 0.9598
epoch [197/1200] batch [51/132] loss: 0.0002 psnr: 35.19 dB  msssim: 0.9805
epoch [197/1200] batch [101/132] loss: 0.0003 psnr: 35.26 dB  msssim: 0.9804
epoch [197/1200] batch [132/132] loss: 0.0003 psnr: 35.18 dB  msssim: 0.9802
======  Epoch 197 完成 ======LOSS: 0.0003 | PSNR: 35.18 dB | BEST: 35.21 dB | MSSSIM: 0.9802 | TIME: 60.54秒 | LR: 4.194e-03
epoch [198/1200] batch [1/132] loss: 0.0003 psnr: 34.58 dB  msssim: 0.9791
epoch [198/1200] batch [51/132] loss: 0.0002 psnr: 35.31 dB  msssim: 0.9808
epoch [198/1200] batch [101/132] loss: 0.0002 psnr: 35.34 dB  msssim: 0.9811
epoch [198/1200] batch [132/132] loss: 0.0002 psnr: 35.39 dB  msssim: 0.9812
======  Epoch 198 完成 ======LOSS: 0.0003 | PSNR: 35.39 dB | BEST: 35.39 dB | MSSSIM: 0.9812 | TIME: 60.55秒 | LR: 4.212e-03
epoch [199/1200] batch [1/132] loss: 0.0002 psnr: 37.16 dB  msssim: 0.9894
epoch [199/1200] batch [51/132] loss: 0.0003 psnr: 35.18 dB  msssim: 0.9803
epoch [199/1200] batch [101/132] loss: 0.0002 psnr: 35.15 dB  msssim: 0.9804
epoch [199/1200] batch [132/132] loss: 0.0006 psnr: 35.09 dB  msssim: 0.9806
======  Epoch 199 完成 ======LOSS: 0.0003 | PSNR: 35.09 dB | BEST: 35.39 dB | MSSSIM: 0.9806 | TIME: 60.43秒 | LR: 4.231e-03
epoch [200/1200] batch [1/132] loss: 0.0006 psnr: 31.93 dB  msssim: 0.9597
epoch [200/1200] batch [51/132] loss: 0.0005 psnr: 34.19 dB  msssim: 0.9776
epoch [200/1200] batch [101/132] loss: 0.0003 psnr: 34.51 dB  msssim: 0.9789
epoch [200/1200] batch [132/132] loss: 0.0005 psnr: 34.71 dB  msssim: 0.9793
======  Epoch 200 完成 ======LOSS: 0.0004 | PSNR: 34.71 dB | BEST: 35.39 dB | MSSSIM: 0.9793 | TIME: 60.64秒 | LR: 4.250e-03
Step [1/132] | Val PSNR: 35.13 dB | Val MSSSIM: 0.9816 | FPS: 120.07
Step [51/132] | Val PSNR: 33.57 dB | Val MSSSIM: 0.9724 | FPS: 223.24
Step [101/132] | Val PSNR: 34.98 dB | Val MSSSIM: 0.9789 | FPS: 225.22
Step [132/132] | Val PSNR: 35.47 dB | Val MSSSIM: 0.9814 | FPS: 227.12
== Epoch 200 测试完成 == PSNR: 35.47 dB | BEST: 35.39 dB | MSSSIM: 0.9814 | TIME: 18.77秒 | 
epoch [201/1200] batch [1/132] loss: 0.0004 psnr: 33.87 dB  msssim: 0.9757
epoch [201/1200] batch [51/132] loss: 0.0007 psnr: 34.58 dB  msssim: 0.9774
epoch [201/1200] batch [101/132] loss: 0.0002 psnr: 35.06 dB  msssim: 0.9797
epoch [201/1200] batch [132/132] loss: 0.0004 psnr: 35.30 dB  msssim: 0.9809
======  Epoch 201 完成 ======LOSS: 0.0003 | PSNR: 35.30 dB | BEST: 35.39 dB | MSSSIM: 0.9809 | TIME: 60.56秒 | LR: 4.269e-03
epoch [202/1200] batch [1/132] loss: 0.0002 psnr: 37.85 dB  msssim: 0.9913
epoch [202/1200] batch [51/132] loss: 0.0002 psnr: 34.85 dB  msssim: 0.9789
epoch [202/1200] batch [101/132] loss: 0.0003 psnr: 35.26 dB  msssim: 0.9806
epoch [202/1200] batch [132/132] loss: 0.0002 psnr: 35.36 dB  msssim: 0.9810
======  Epoch 202 完成 ======LOSS: 0.0003 | PSNR: 35.36 dB | BEST: 35.39 dB | MSSSIM: 0.9810 | TIME: 60.56秒 | LR: 4.287e-03
epoch [203/1200] batch [1/132] loss: 0.0003 psnr: 35.69 dB  msssim: 0.9859
epoch [203/1200] batch [51/132] loss: 0.0002 psnr: 35.02 dB  msssim: 0.9817
epoch [203/1200] batch [101/132] loss: 0.0005 psnr: 34.95 dB  msssim: 0.9805
epoch [203/1200] batch [132/132] loss: 0.0004 psnr: 34.85 dB  msssim: 0.9798
======  Epoch 203 完成 ======LOSS: 0.0004 | PSNR: 34.85 dB | BEST: 35.39 dB | MSSSIM: 0.9798 | TIME: 60.52秒 | LR: 4.306e-03
epoch [204/1200] batch [1/132] loss: 0.0002 psnr: 37.30 dB  msssim: 0.9897
epoch [204/1200] batch [51/132] loss: 0.0004 psnr: 34.61 dB  msssim: 0.9783
epoch [204/1200] batch [101/132] loss: 0.0004 psnr: 34.50 dB  msssim: 0.9773
epoch [204/1200] batch [132/132] loss: 0.0004 psnr: 34.51 dB  msssim: 0.9775
======  Epoch 204 完成 ======LOSS: 0.0004 | PSNR: 34.51 dB | BEST: 35.39 dB | MSSSIM: 0.9775 | TIME: 60.55秒 | LR: 4.325e-03
epoch [205/1200] batch [1/132] loss: 0.0002 psnr: 37.54 dB  msssim: 0.9905
epoch [205/1200] batch [51/132] loss: 0.0004 psnr: 34.12 dB  msssim: 0.9760
epoch [205/1200] batch [101/132] loss: 0.0004 psnr: 34.12 dB  msssim: 0.9764
epoch [205/1200] batch [132/132] loss: 0.0006 psnr: 34.17 dB  msssim: 0.9765
======  Epoch 205 完成 ======LOSS: 0.0004 | PSNR: 34.17 dB | BEST: 35.39 dB | MSSSIM: 0.9765 | TIME: 60.59秒 | LR: 4.344e-03
epoch [206/1200] batch [1/132] loss: 0.0002 psnr: 37.26 dB  msssim: 0.9896
epoch [206/1200] batch [51/132] loss: 0.0003 psnr: 35.02 dB  msssim: 0.9805
epoch [206/1200] batch [101/132] loss: 0.0003 psnr: 34.72 dB  msssim: 0.9787
epoch [206/1200] batch [132/132] loss: 0.0003 psnr: 34.58 dB  msssim: 0.9780
======  Epoch 206 完成 ======LOSS: 0.0004 | PSNR: 34.58 dB | BEST: 35.39 dB | MSSSIM: 0.9780 | TIME: 60.58秒 | LR: 4.362e-03
epoch [207/1200] batch [1/132] loss: 0.0003 psnr: 35.32 dB  msssim: 0.9870
epoch [207/1200] batch [51/132] loss: 0.0002 psnr: 34.76 dB  msssim: 0.9785
epoch [207/1200] batch [101/132] loss: 0.0002 psnr: 34.60 dB  msssim: 0.9787
epoch [207/1200] batch [132/132] loss: 0.0002 psnr: 34.56 dB  msssim: 0.9781
======  Epoch 207 完成 ======LOSS: 0.0004 | PSNR: 34.56 dB | BEST: 35.39 dB | MSSSIM: 0.9781 | TIME: 60.57秒 | LR: 4.381e-03
epoch [208/1200] batch [1/132] loss: 0.0003 psnr: 35.18 dB  msssim: 0.9821
epoch [208/1200] batch [51/132] loss: 0.0004 psnr: 34.65 dB  msssim: 0.9783
epoch [208/1200] batch [101/132] loss: 0.0003 psnr: 34.98 dB  msssim: 0.9796
epoch [208/1200] batch [132/132] loss: 0.0003 psnr: 35.03 dB  msssim: 0.9797
======  Epoch 208 完成 ======LOSS: 0.0004 | PSNR: 35.03 dB | BEST: 35.39 dB | MSSSIM: 0.9797 | TIME: 60.58秒 | LR: 4.400e-03
epoch [209/1200] batch [1/132] loss: 0.0004 psnr: 34.19 dB  msssim: 0.9775
epoch [209/1200] batch [51/132] loss: 0.0002 psnr: 34.89 dB  msssim: 0.9792
epoch [209/1200] batch [101/132] loss: 0.0004 psnr: 34.71 dB  msssim: 0.9789
epoch [209/1200] batch [132/132] loss: 0.0002 psnr: 34.94 dB  msssim: 0.9798
======  Epoch 209 完成 ======LOSS: 0.0004 | PSNR: 34.94 dB | BEST: 35.39 dB | MSSSIM: 0.9798 | TIME: 60.65秒 | LR: 4.419e-03
epoch [210/1200] batch [1/132] loss: 0.0004 psnr: 33.78 dB  msssim: 0.9723
epoch [210/1200] batch [51/132] loss: 0.0007 psnr: 35.30 dB  msssim: 0.9806
epoch [210/1200] batch [101/132] loss: 0.0001 psnr: 35.51 dB  msssim: 0.9814
epoch [210/1200] batch [132/132] loss: 0.0005 psnr: 35.53 dB  msssim: 0.9813
======  Epoch 210 完成 ======LOSS: 0.0003 | PSNR: 35.53 dB | BEST: 35.53 dB | MSSSIM: 0.9813 | TIME: 60.62秒 | LR: 4.437e-03
epoch [211/1200] batch [1/132] loss: 0.0002 psnr: 37.71 dB  msssim: 0.9915
epoch [211/1200] batch [51/132] loss: 0.0003 psnr: 36.20 dB  msssim: 0.9840
epoch [211/1200] batch [101/132] loss: 0.0002 psnr: 36.10 dB  msssim: 0.9835
epoch [211/1200] batch [132/132] loss: 0.0006 psnr: 35.85 dB  msssim: 0.9824
======  Epoch 211 完成 ======LOSS: 0.0003 | PSNR: 35.85 dB | BEST: 35.85 dB | MSSSIM: 0.9824 | TIME: 60.52秒 | LR: 4.456e-03
epoch [212/1200] batch [1/132] loss: 0.0002 psnr: 37.49 dB  msssim: 0.9892
epoch [212/1200] batch [51/132] loss: 0.0004 psnr: 35.94 dB  msssim: 0.9836
epoch [212/1200] batch [101/132] loss: 0.0002 psnr: 35.95 dB  msssim: 0.9832
epoch [212/1200] batch [132/132] loss: 0.0005 psnr: 35.66 dB  msssim: 0.9819
======  Epoch 212 完成 ======LOSS: 0.0003 | PSNR: 35.66 dB | BEST: 35.85 dB | MSSSIM: 0.9819 | TIME: 60.47秒 | LR: 4.475e-03
epoch [213/1200] batch [1/132] loss: 0.0003 psnr: 35.02 dB  msssim: 0.9838
epoch [213/1200] batch [51/132] loss: 0.0005 psnr: 35.59 dB  msssim: 0.9827
epoch [213/1200] batch [101/132] loss: 0.0002 psnr: 35.57 dB  msssim: 0.9828
epoch [213/1200] batch [132/132] loss: 0.0002 psnr: 35.33 dB  msssim: 0.9817
======  Epoch 213 完成 ======LOSS: 0.0003 | PSNR: 35.33 dB | BEST: 35.85 dB | MSSSIM: 0.9817 | TIME: 60.58秒 | LR: 4.494e-03
epoch [214/1200] batch [1/132] loss: 0.0006 psnr: 32.52 dB  msssim: 0.9730
epoch [214/1200] batch [51/132] loss: 0.0003 psnr: 34.89 dB  msssim: 0.9796
epoch [214/1200] batch [101/132] loss: 0.0003 psnr: 35.29 dB  msssim: 0.9812
epoch [214/1200] batch [132/132] loss: 0.0004 psnr: 35.20 dB  msssim: 0.9808
======  Epoch 214 完成 ======LOSS: 0.0003 | PSNR: 35.20 dB | BEST: 35.85 dB | MSSSIM: 0.9808 | TIME: 60.61秒 | LR: 4.512e-03
epoch [215/1200] batch [1/132] loss: 0.0003 psnr: 35.61 dB  msssim: 0.9862
epoch [215/1200] batch [51/132] loss: 0.0002 psnr: 35.22 dB  msssim: 0.9811
epoch [215/1200] batch [101/132] loss: 0.0002 psnr: 35.10 dB  msssim: 0.9804
epoch [215/1200] batch [132/132] loss: 0.0002 psnr: 35.17 dB  msssim: 0.9806
======  Epoch 215 完成 ======LOSS: 0.0003 | PSNR: 35.17 dB | BEST: 35.85 dB | MSSSIM: 0.9806 | TIME: 60.51秒 | LR: 4.531e-03
epoch [216/1200] batch [1/132] loss: 0.0004 psnr: 34.42 dB  msssim: 0.9791
epoch [216/1200] batch [51/132] loss: 0.0002 psnr: 35.03 dB  msssim: 0.9811
epoch [216/1200] batch [101/132] loss: 0.0006 psnr: 34.99 dB  msssim: 0.9808
epoch [216/1200] batch [132/132] loss: 0.0005 psnr: 34.92 dB  msssim: 0.9801
======  Epoch 216 完成 ======LOSS: 0.0004 | PSNR: 34.92 dB | BEST: 35.85 dB | MSSSIM: 0.9801 | TIME: 60.45秒 | LR: 4.550e-03
epoch [217/1200] batch [1/132] loss: 0.0002 psnr: 36.51 dB  msssim: 0.9864
epoch [217/1200] batch [51/132] loss: 0.0004 psnr: 35.29 dB  msssim: 0.9810
epoch [217/1200] batch [101/132] loss: 0.0007 psnr: 35.20 dB  msssim: 0.9803
epoch [217/1200] batch [132/132] loss: 0.0002 psnr: 35.16 dB  msssim: 0.9804
======  Epoch 217 完成 ======LOSS: 0.0003 | PSNR: 35.16 dB | BEST: 35.85 dB | MSSSIM: 0.9804 | TIME: 60.56秒 | LR: 4.569e-03
epoch [218/1200] batch [1/132] loss: 0.0005 psnr: 32.69 dB  msssim: 0.9663
epoch [218/1200] batch [51/132] loss: 0.0002 psnr: 34.87 dB  msssim: 0.9794
epoch [218/1200] batch [101/132] loss: 0.0002 psnr: 35.08 dB  msssim: 0.9801
epoch [218/1200] batch [132/132] loss: 0.0003 psnr: 35.05 dB  msssim: 0.9799
======  Epoch 218 完成 ======LOSS: 0.0003 | PSNR: 35.05 dB | BEST: 35.85 dB | MSSSIM: 0.9799 | TIME: 60.52秒 | LR: 4.587e-03
epoch [219/1200] batch [1/132] loss: 0.0002 psnr: 37.66 dB  msssim: 0.9900
epoch [219/1200] batch [51/132] loss: 0.0006 psnr: 34.85 dB  msssim: 0.9802
epoch [219/1200] batch [101/132] loss: 0.0005 psnr: 34.77 dB  msssim: 0.9800
epoch [219/1200] batch [132/132] loss: 0.0003 psnr: 34.61 dB  msssim: 0.9791
======  Epoch 219 完成 ======LOSS: 0.0004 | PSNR: 34.61 dB | BEST: 35.85 dB | MSSSIM: 0.9791 | TIME: 60.58秒 | LR: 4.606e-03
epoch [220/1200] batch [1/132] loss: 0.0005 psnr: 32.65 dB  msssim: 0.9710
epoch [220/1200] batch [51/132] loss: 0.0003 psnr: 34.85 dB  msssim: 0.9800
epoch [220/1200] batch [101/132] loss: 0.0001 psnr: 35.13 dB  msssim: 0.9807
epoch [220/1200] batch [132/132] loss: 0.0003 psnr: 34.91 dB  msssim: 0.9798
======  Epoch 220 完成 ======LOSS: 0.0004 | PSNR: 34.91 dB | BEST: 35.85 dB | MSSSIM: 0.9798 | TIME: 60.79秒 | LR: 4.625e-03
epoch [221/1200] batch [1/132] loss: 0.0008 psnr: 30.96 dB  msssim: 0.9579
epoch [221/1200] batch [51/132] loss: 0.0004 psnr: 34.28 dB  msssim: 0.9774
epoch [221/1200] batch [101/132] loss: 0.0004 psnr: 34.38 dB  msssim: 0.9777
epoch [221/1200] batch [132/132] loss: 0.0002 psnr: 34.46 dB  msssim: 0.9783
======  Epoch 221 完成 ======LOSS: 0.0004 | PSNR: 34.46 dB | BEST: 35.85 dB | MSSSIM: 0.9783 | TIME: 60.68秒 | LR: 4.644e-03
epoch [222/1200] batch [1/132] loss: 0.0002 psnr: 36.33 dB  msssim: 0.9884
epoch [222/1200] batch [51/132] loss: 0.0005 psnr: 34.15 dB  msssim: 0.9765
epoch [222/1200] batch [101/132] loss: 0.0002 psnr: 34.18 dB  msssim: 0.9761
epoch [222/1200] batch [132/132] loss: 0.0007 psnr: 34.16 dB  msssim: 0.9761
======  Epoch 222 完成 ======LOSS: 0.0004 | PSNR: 34.16 dB | BEST: 35.85 dB | MSSSIM: 0.9761 | TIME: 60.49秒 | LR: 4.662e-03
epoch [223/1200] batch [1/132] loss: 0.0004 psnr: 34.03 dB  msssim: 0.9814
epoch [223/1200] batch [51/132] loss: 0.0003 psnr: 34.48 dB  msssim: 0.9781
epoch [223/1200] batch [101/132] loss: 0.0004 psnr: 34.20 dB  msssim: 0.9764
epoch [223/1200] batch [132/132] loss: 0.0002 psnr: 34.26 dB  msssim: 0.9766
======  Epoch 223 完成 ======LOSS: 0.0004 | PSNR: 34.26 dB | BEST: 35.85 dB | MSSSIM: 0.9766 | TIME: 60.51秒 | LR: 4.681e-03
epoch [224/1200] batch [1/132] loss: 0.0006 psnr: 31.92 dB  msssim: 0.9643
epoch [224/1200] batch [51/132] loss: 0.0006 psnr: 34.84 dB  msssim: 0.9790
epoch [224/1200] batch [101/132] loss: 0.0003 psnr: 34.74 dB  msssim: 0.9788
epoch [224/1200] batch [132/132] loss: 0.0005 psnr: 34.57 dB  msssim: 0.9779
======  Epoch 224 完成 ======LOSS: 0.0004 | PSNR: 34.57 dB | BEST: 35.85 dB | MSSSIM: 0.9779 | TIME: 60.53秒 | LR: 4.700e-03
epoch [225/1200] batch [1/132] loss: 0.0004 psnr: 34.10 dB  msssim: 0.9765
epoch [225/1200] batch [51/132] loss: 0.0002 psnr: 34.39 dB  msssim: 0.9777
epoch [225/1200] batch [101/132] loss: 0.0002 psnr: 34.79 dB  msssim: 0.9792
epoch [225/1200] batch [132/132] loss: 0.0004 psnr: 34.81 dB  msssim: 0.9790
======  Epoch 225 完成 ======LOSS: 0.0004 | PSNR: 34.81 dB | BEST: 35.85 dB | MSSSIM: 0.9790 | TIME: 60.61秒 | LR: 4.719e-03
epoch [226/1200] batch [1/132] loss: 0.0002 psnr: 37.64 dB  msssim: 0.9900
epoch [226/1200] batch [51/132] loss: 0.0002 psnr: 35.23 dB  msssim: 0.9801
epoch [226/1200] batch [101/132] loss: 0.0002 psnr: 35.56 dB  msssim: 0.9816
epoch [226/1200] batch [132/132] loss: 0.0002 psnr: 35.40 dB  msssim: 0.9809
======  Epoch 226 完成 ======LOSS: 0.0003 | PSNR: 35.40 dB | BEST: 35.85 dB | MSSSIM: 0.9809 | TIME: 60.57秒 | LR: 4.737e-03
epoch [227/1200] batch [1/132] loss: 0.0002 psnr: 37.29 dB  msssim: 0.9885
epoch [227/1200] batch [51/132] loss: 0.0003 psnr: 35.79 dB  msssim: 0.9831
epoch [227/1200] batch [101/132] loss: 0.0002 psnr: 35.37 dB  msssim: 0.9812
epoch [227/1200] batch [132/132] loss: 0.0003 psnr: 35.40 dB  msssim: 0.9813
======  Epoch 227 完成 ======LOSS: 0.0003 | PSNR: 35.40 dB | BEST: 35.85 dB | MSSSIM: 0.9813 | TIME: 60.52秒 | LR: 4.756e-03
epoch [228/1200] batch [1/132] loss: 0.0002 psnr: 36.17 dB  msssim: 0.9868
epoch [228/1200] batch [51/132] loss: 0.0006 psnr: 35.50 dB  msssim: 0.9817
epoch [228/1200] batch [101/132] loss: 0.0003 psnr: 35.45 dB  msssim: 0.9818
epoch [228/1200] batch [132/132] loss: 0.0002 psnr: 35.36 dB  msssim: 0.9812
======  Epoch 228 完成 ======LOSS: 0.0003 | PSNR: 35.36 dB | BEST: 35.85 dB | MSSSIM: 0.9812 | TIME: 60.47秒 | LR: 4.775e-03
epoch [229/1200] batch [1/132] loss: 0.0002 psnr: 38.14 dB  msssim: 0.9917
epoch [229/1200] batch [51/132] loss: 0.0001 psnr: 35.94 dB  msssim: 0.9835
epoch [229/1200] batch [101/132] loss: 0.0002 psnr: 35.97 dB  msssim: 0.9833
epoch [229/1200] batch [132/132] loss: 0.0005 psnr: 35.81 dB  msssim: 0.9824
======  Epoch 229 完成 ======LOSS: 0.0003 | PSNR: 35.81 dB | BEST: 35.85 dB | MSSSIM: 0.9824 | TIME: 60.45秒 | LR: 4.794e-03
epoch [230/1200] batch [1/132] loss: 0.0005 psnr: 32.84 dB  msssim: 0.9674
epoch [230/1200] batch [51/132] loss: 0.0002 psnr: 35.19 dB  msssim: 0.9810
epoch [230/1200] batch [101/132] loss: 0.0003 psnr: 35.31 dB  msssim: 0.9814
epoch [230/1200] batch [132/132] loss: 0.0002 psnr: 35.34 dB  msssim: 0.9815
======  Epoch 230 完成 ======LOSS: 0.0003 | PSNR: 35.34 dB | BEST: 35.85 dB | MSSSIM: 0.9815 | TIME: 60.54秒 | LR: 4.812e-03
epoch [231/1200] batch [1/132] loss: 0.0002 psnr: 37.59 dB  msssim: 0.9912
epoch [231/1200] batch [51/132] loss: 0.0003 psnr: 35.44 dB  msssim: 0.9821
epoch [231/1200] batch [101/132] loss: 0.0004 psnr: 35.35 dB  msssim: 0.9817
epoch [231/1200] batch [132/132] loss: 0.0002 psnr: 35.38 dB  msssim: 0.9819
======  Epoch 231 完成 ======LOSS: 0.0003 | PSNR: 35.38 dB | BEST: 35.85 dB | MSSSIM: 0.9819 | TIME: 60.48秒 | LR: 4.831e-03
epoch [232/1200] batch [1/132] loss: 0.0006 psnr: 32.28 dB  msssim: 0.9622
epoch [232/1200] batch [51/132] loss: 0.0005 psnr: 35.83 dB  msssim: 0.9831
epoch [232/1200] batch [101/132] loss: 0.0003 psnr: 35.41 dB  msssim: 0.9816
epoch [232/1200] batch [132/132] loss: 0.0002 psnr: 35.28 dB  msssim: 0.9814
======  Epoch 232 完成 ======LOSS: 0.0003 | PSNR: 35.28 dB | BEST: 35.85 dB | MSSSIM: 0.9814 | TIME: 60.45秒 | LR: 4.850e-03
epoch [233/1200] batch [1/132] loss: 0.0004 psnr: 33.77 dB  msssim: 0.9773
epoch [233/1200] batch [51/132] loss: 0.0002 psnr: 35.31 dB  msssim: 0.9823
epoch [233/1200] batch [101/132] loss: 0.0002 psnr: 35.15 dB  msssim: 0.9809
epoch [233/1200] batch [132/132] loss: 0.0004 psnr: 35.13 dB  msssim: 0.9807
======  Epoch 233 完成 ======LOSS: 0.0003 | PSNR: 35.13 dB | BEST: 35.85 dB | MSSSIM: 0.9807 | TIME: 60.43秒 | LR: 4.869e-03
epoch [234/1200] batch [1/132] loss: 0.0003 psnr: 35.23 dB  msssim: 0.9834
epoch [234/1200] batch [51/132] loss: 0.0008 psnr: 35.24 dB  msssim: 0.9811
epoch [234/1200] batch [101/132] loss: 0.0007 psnr: 35.09 dB  msssim: 0.9807
epoch [234/1200] batch [132/132] loss: 0.0004 psnr: 34.96 dB  msssim: 0.9801
======  Epoch 234 完成 ======LOSS: 0.0004 | PSNR: 34.96 dB | BEST: 35.85 dB | MSSSIM: 0.9801 | TIME: 60.54秒 | LR: 4.887e-03
epoch [235/1200] batch [1/132] loss: 0.0006 psnr: 32.40 dB  msssim: 0.9692
epoch [235/1200] batch [51/132] loss: 0.0003 psnr: 34.75 dB  msssim: 0.9803
epoch [235/1200] batch [101/132] loss: 0.0003 psnr: 34.40 dB  msssim: 0.9787
epoch [235/1200] batch [132/132] loss: 0.0009 psnr: 34.33 dB  msssim: 0.9783
======  Epoch 235 完成 ======LOSS: 0.0004 | PSNR: 34.33 dB | BEST: 35.85 dB | MSSSIM: 0.9783 | TIME: 60.61秒 | LR: 4.906e-03
epoch [236/1200] batch [1/132] loss: 0.0002 psnr: 36.28 dB  msssim: 0.9870
epoch [236/1200] batch [51/132] loss: 0.0005 psnr: 34.64 dB  msssim: 0.9795
epoch [236/1200] batch [101/132] loss: 0.0004 psnr: 34.81 dB  msssim: 0.9796
epoch [236/1200] batch [132/132] loss: 0.0003 psnr: 34.83 dB  msssim: 0.9793
======  Epoch 236 完成 ======LOSS: 0.0004 | PSNR: 34.83 dB | BEST: 35.85 dB | MSSSIM: 0.9793 | TIME: 60.63秒 | LR: 4.925e-03
epoch [237/1200] batch [1/132] loss: 0.0004 psnr: 34.30 dB  msssim: 0.9789
epoch [237/1200] batch [51/132] loss: 0.0002 psnr: 35.51 dB  msssim: 0.9815
epoch [237/1200] batch [101/132] loss: 0.0004 psnr: 35.37 dB  msssim: 0.9805
epoch [237/1200] batch [132/132] loss: 0.0002 psnr: 35.41 dB  msssim: 0.9809
======  Epoch 237 完成 ======LOSS: 0.0003 | PSNR: 35.41 dB | BEST: 35.85 dB | MSSSIM: 0.9809 | TIME: 60.62秒 | LR: 4.944e-03
epoch [238/1200] batch [1/132] loss: 0.0003 psnr: 35.19 dB  msssim: 0.9825
epoch [238/1200] batch [51/132] loss: 0.0006 psnr: 35.03 dB  msssim: 0.9808
epoch [238/1200] batch [101/132] loss: 0.0007 psnr: 35.11 dB  msssim: 0.9812
epoch [238/1200] batch [132/132] loss: 0.0004 psnr: 34.98 dB  msssim: 0.9805
======  Epoch 238 完成 ======LOSS: 0.0003 | PSNR: 34.98 dB | BEST: 35.85 dB | MSSSIM: 0.9805 | TIME: 60.63秒 | LR: 4.962e-03
epoch [239/1200] batch [1/132] loss: 0.0006 psnr: 32.12 dB  msssim: 0.9665
epoch [239/1200] batch [51/132] loss: 0.0005 psnr: 35.28 dB  msssim: 0.9820
epoch [239/1200] batch [101/132] loss: 0.0006 psnr: 35.06 dB  msssim: 0.9805
epoch [239/1200] batch [132/132] loss: 0.0004 psnr: 35.16 dB  msssim: 0.9807
======  Epoch 239 完成 ======LOSS: 0.0003 | PSNR: 35.16 dB | BEST: 35.85 dB | MSSSIM: 0.9807 | TIME: 60.63秒 | LR: 4.981e-03
epoch [240/1200] batch [1/132] loss: 0.0002 psnr: 37.59 dB  msssim: 0.9891
epoch [240/1200] batch [51/132] loss: 0.0002 psnr: 35.59 dB  msssim: 0.9822
epoch [240/1200] batch [101/132] loss: 0.0003 psnr: 35.24 dB  msssim: 0.9806
epoch [240/1200] batch [132/132] loss: 0.0002 psnr: 35.37 dB  msssim: 0.9813
======  Epoch 240 完成 ======LOSS: 0.0003 | PSNR: 35.37 dB | BEST: 35.85 dB | MSSSIM: 0.9813 | TIME: 60.66秒 | LR: 5.000e-03
epoch [241/1200] batch [1/132] loss: 0.0002 psnr: 36.85 dB  msssim: 0.9872
epoch [241/1200] batch [51/132] loss: 0.0007 psnr: 35.69 dB  msssim: 0.9820
epoch [241/1200] batch [101/132] loss: 0.0002 psnr: 35.38 dB  msssim: 0.9812
epoch [241/1200] batch [132/132] loss: 0.0003 psnr: 35.31 dB  msssim: 0.9812
======  Epoch 241 完成 ======LOSS: 0.0003 | PSNR: 35.31 dB | BEST: 35.85 dB | MSSSIM: 0.9812 | TIME: 60.42秒 | LR: 5.000e-03
epoch [242/1200] batch [1/132] loss: 0.0003 psnr: 35.97 dB  msssim: 0.9863
epoch [242/1200] batch [51/132] loss: 0.0004 psnr: 34.49 dB  msssim: 0.9795
epoch [242/1200] batch [101/132] loss: 0.0004 psnr: 34.73 dB  msssim: 0.9799
epoch [242/1200] batch [132/132] loss: 0.0002 psnr: 34.76 dB  msssim: 0.9796
======  Epoch 242 完成 ======LOSS: 0.0004 | PSNR: 34.76 dB | BEST: 35.85 dB | MSSSIM: 0.9796 | TIME: 60.40秒 | LR: 5.000e-03
epoch [243/1200] batch [1/132] loss: 0.0004 psnr: 33.96 dB  msssim: 0.9778
epoch [243/1200] batch [51/132] loss: 0.0006 psnr: 34.67 dB  msssim: 0.9793
epoch [243/1200] batch [101/132] loss: 0.0003 psnr: 34.83 dB  msssim: 0.9794
epoch [243/1200] batch [132/132] loss: 0.0002 psnr: 35.02 dB  msssim: 0.9800
======  Epoch 243 完成 ======LOSS: 0.0003 | PSNR: 35.02 dB | BEST: 35.85 dB | MSSSIM: 0.9800 | TIME: 60.49秒 | LR: 5.000e-03
epoch [244/1200] batch [1/132] loss: 0.0003 psnr: 35.78 dB  msssim: 0.9870
epoch [244/1200] batch [51/132] loss: 0.0004 psnr: 35.41 dB  msssim: 0.9817
epoch [244/1200] batch [101/132] loss: 0.0002 psnr: 35.38 dB  msssim: 0.9810
epoch [244/1200] batch [132/132] loss: 0.0004 psnr: 35.35 dB  msssim: 0.9808
======  Epoch 244 完成 ======LOSS: 0.0003 | PSNR: 35.35 dB | BEST: 35.85 dB | MSSSIM: 0.9808 | TIME: 60.40秒 | LR: 5.000e-03
epoch [245/1200] batch [1/132] loss: 0.0002 psnr: 37.74 dB  msssim: 0.9905
epoch [245/1200] batch [51/132] loss: 0.0005 psnr: 36.23 dB  msssim: 0.9843
epoch [245/1200] batch [101/132] loss: 0.0005 psnr: 35.86 dB  msssim: 0.9828
epoch [245/1200] batch [132/132] loss: 0.0002 psnr: 35.69 dB  msssim: 0.9821
======  Epoch 245 完成 ======LOSS: 0.0003 | PSNR: 35.69 dB | BEST: 35.85 dB | MSSSIM: 0.9821 | TIME: 60.54秒 | LR: 5.000e-03
epoch [246/1200] batch [1/132] loss: 0.0004 psnr: 33.76 dB  msssim: 0.9776
epoch [246/1200] batch [51/132] loss: 0.0002 psnr: 34.51 dB  msssim: 0.9799
epoch [246/1200] batch [101/132] loss: 0.0004 psnr: 34.91 dB  msssim: 0.9810
epoch [246/1200] batch [132/132] loss: 0.0007 psnr: 34.78 dB  msssim: 0.9798
======  Epoch 246 完成 ======LOSS: 0.0004 | PSNR: 34.78 dB | BEST: 35.85 dB | MSSSIM: 0.9798 | TIME: 60.50秒 | LR: 5.000e-03
epoch [247/1200] batch [1/132] loss: 0.0006 psnr: 32.05 dB  msssim: 0.9665
epoch [247/1200] batch [51/132] loss: 0.0003 psnr: 33.71 dB  msssim: 0.9750
epoch [247/1200] batch [101/132] loss: 0.0010 psnr: 32.66 dB  msssim: 0.9694
epoch [247/1200] batch [132/132] loss: 0.0006 psnr: 32.42 dB  msssim: 0.9683
======  Epoch 247 完成 ======LOSS: 0.0006 | PSNR: 32.42 dB | BEST: 35.85 dB | MSSSIM: 0.9683 | TIME: 60.57秒 | LR: 4.999e-03
epoch [248/1200] batch [1/132] loss: 0.0006 psnr: 32.28 dB  msssim: 0.9715
epoch [248/1200] batch [51/132] loss: 0.0025 psnr: 29.74 dB  msssim: 0.9522
epoch [248/1200] batch [101/132] loss: 0.0006 psnr: 30.42 dB  msssim: 0.9577
epoch [248/1200] batch [132/132] loss: 0.0009 psnr: 30.72 dB  msssim: 0.9575
======  Epoch 248 完成 ======LOSS: 0.0009 | PSNR: 30.72 dB | BEST: 35.85 dB | MSSSIM: 0.9575 | TIME: 60.50秒 | LR: 4.999e-03
epoch [249/1200] batch [1/132] loss: 0.0007 psnr: 31.51 dB  msssim: 0.9622
epoch [249/1200] batch [51/132] loss: 0.0007 psnr: 32.84 dB  msssim: 0.9675
epoch [249/1200] batch [101/132] loss: 0.0009 psnr: 33.16 dB  msssim: 0.9695
epoch [249/1200] batch [132/132] loss: 0.0002 psnr: 33.25 dB  msssim: 0.9698
======  Epoch 249 完成 ======LOSS: 0.0005 | PSNR: 33.25 dB | BEST: 35.85 dB | MSSSIM: 0.9698 | TIME: 60.56秒 | LR: 4.999e-03
epoch [250/1200] batch [1/132] loss: 0.0002 psnr: 36.31 dB  msssim: 0.9876
epoch [250/1200] batch [51/132] loss: 0.0006 psnr: 34.03 dB  msssim: 0.9745
epoch [250/1200] batch [101/132] loss: 0.0005 psnr: 34.04 dB  msssim: 0.9744
epoch [250/1200] batch [132/132] loss: 0.0002 psnr: 34.14 dB  msssim: 0.9748
======  Epoch 250 完成 ======LOSS: 0.0004 | PSNR: 34.14 dB | BEST: 35.85 dB | MSSSIM: 0.9748 | TIME: 60.68秒 | LR: 4.999e-03
Step [1/132] | Val PSNR: 34.01 dB | Val MSSSIM: 0.9761 | FPS: 91.05
Step [51/132] | Val PSNR: 32.38 dB | Val MSSSIM: 0.9647 | FPS: 217.39
Step [101/132] | Val PSNR: 33.85 dB | Val MSSSIM: 0.9734 | FPS: 218.34
Step [132/132] | Val PSNR: 34.38 dB | Val MSSSIM: 0.9766 | FPS: 217.57
== Epoch 250 测试完成 == PSNR: 34.38 dB | BEST: 35.85 dB | MSSSIM: 0.9766 | TIME: 18.87秒 | 
epoch [251/1200] batch [1/132] loss: 0.0004 psnr: 33.57 dB  msssim: 0.9739
epoch [251/1200] batch [51/132] loss: 0.0009 psnr: 34.13 dB  msssim: 0.9746
epoch [251/1200] batch [101/132] loss: 0.0004 psnr: 34.17 dB  msssim: 0.9753
epoch [251/1200] batch [132/132] loss: 0.0007 psnr: 34.28 dB  msssim: 0.9761
======  Epoch 251 完成 ======LOSS: 0.0004 | PSNR: 34.28 dB | BEST: 35.85 dB | MSSSIM: 0.9761 | TIME: 60.44秒 | LR: 4.998e-03
epoch [252/1200] batch [1/132] loss: 0.0002 psnr: 36.61 dB  msssim: 0.9891
epoch [252/1200] batch [51/132] loss: 0.0002 psnr: 34.28 dB  msssim: 0.9761
epoch [252/1200] batch [101/132] loss: 0.0002 psnr: 34.71 dB  msssim: 0.9776
epoch [252/1200] batch [132/132] loss: 0.0002 psnr: 34.71 dB  msssim: 0.9776
======  Epoch 252 完成 ======LOSS: 0.0004 | PSNR: 34.71 dB | BEST: 35.85 dB | MSSSIM: 0.9776 | TIME: 60.44秒 | LR: 4.998e-03
epoch [253/1200] batch [1/132] loss: 0.0007 psnr: 31.83 dB  msssim: 0.9567
epoch [253/1200] batch [51/132] loss: 0.0005 psnr: 35.02 dB  msssim: 0.9787
epoch [253/1200] batch [101/132] loss: 0.0002 psnr: 35.00 dB  msssim: 0.9786
epoch [253/1200] batch [132/132] loss: 0.0006 psnr: 35.00 dB  msssim: 0.9786
======  Epoch 253 完成 ======LOSS: 0.0004 | PSNR: 35.00 dB | BEST: 35.85 dB | MSSSIM: 0.9786 | TIME: 60.56秒 | LR: 4.998e-03
epoch [254/1200] batch [1/132] loss: 0.0002 psnr: 37.54 dB  msssim: 0.9897
epoch [254/1200] batch [51/132] loss: 0.0007 psnr: 35.12 dB  msssim: 0.9794
epoch [254/1200] batch [101/132] loss: 0.0005 psnr: 34.98 dB  msssim: 0.9784
epoch [254/1200] batch [132/132] loss: 0.0006 psnr: 35.06 dB  msssim: 0.9788
======  Epoch 254 完成 ======LOSS: 0.0004 | PSNR: 35.06 dB | BEST: 35.85 dB | MSSSIM: 0.9788 | TIME: 60.56秒 | LR: 4.997e-03
epoch [255/1200] batch [1/132] loss: 0.0002 psnr: 37.99 dB  msssim: 0.9906
epoch [255/1200] batch [51/132] loss: 0.0002 psnr: 35.02 dB  msssim: 0.9790
epoch [255/1200] batch [101/132] loss: 0.0002 psnr: 34.79 dB  msssim: 0.9784
epoch [255/1200] batch [132/132] loss: 0.0002 psnr: 34.68 dB  msssim: 0.9783
======  Epoch 255 完成 ======LOSS: 0.0004 | PSNR: 34.68 dB | BEST: 35.85 dB | MSSSIM: 0.9783 | TIME: 60.59秒 | LR: 4.997e-03
epoch [256/1200] batch [1/132] loss: 0.0002 psnr: 36.88 dB  msssim: 0.9892
epoch [256/1200] batch [51/132] loss: 0.0003 psnr: 34.75 dB  msssim: 0.9781
epoch [256/1200] batch [101/132] loss: 0.0002 psnr: 34.59 dB  msssim: 0.9776
epoch [256/1200] batch [132/132] loss: 0.0004 psnr: 34.52 dB  msssim: 0.9775
======  Epoch 256 完成 ======LOSS: 0.0004 | PSNR: 34.52 dB | BEST: 35.85 dB | MSSSIM: 0.9775 | TIME: 60.52秒 | LR: 4.997e-03
epoch [257/1200] batch [1/132] loss: 0.0003 psnr: 35.91 dB  msssim: 0.9880
epoch [257/1200] batch [51/132] loss: 0.0005 psnr: 33.91 dB  msssim: 0.9754
epoch [257/1200] batch [101/132] loss: 0.0003 psnr: 34.13 dB  msssim: 0.9766
epoch [257/1200] batch [132/132] loss: 0.0005 psnr: 34.07 dB  msssim: 0.9761
======  Epoch 257 完成 ======LOSS: 0.0004 | PSNR: 34.07 dB | BEST: 35.85 dB | MSSSIM: 0.9761 | TIME: 60.55秒 | LR: 4.996e-03
epoch [258/1200] batch [1/132] loss: 0.0006 psnr: 32.41 dB  msssim: 0.9657
epoch [258/1200] batch [51/132] loss: 0.0004 psnr: 34.80 dB  msssim: 0.9790
epoch [258/1200] batch [101/132] loss: 0.0002 psnr: 34.75 dB  msssim: 0.9783
epoch [258/1200] batch [132/132] loss: 0.0003 psnr: 34.72 dB  msssim: 0.9780
======  Epoch 258 完成 ======LOSS: 0.0004 | PSNR: 34.72 dB | BEST: 35.85 dB | MSSSIM: 0.9780 | TIME: 60.57秒 | LR: 4.996e-03
epoch [259/1200] batch [1/132] loss: 0.0002 psnr: 36.67 dB  msssim: 0.9894
epoch [259/1200] batch [51/132] loss: 0.0002 psnr: 34.70 dB  msssim: 0.9781
epoch [259/1200] batch [101/132] loss: 0.0002 psnr: 34.83 dB  msssim: 0.9789
epoch [259/1200] batch [132/132] loss: 0.0002 psnr: 34.69 dB  msssim: 0.9780
======  Epoch 259 完成 ======LOSS: 0.0004 | PSNR: 34.69 dB | BEST: 35.85 dB | MSSSIM: 0.9780 | TIME: 60.62秒 | LR: 4.995e-03
epoch [260/1200] batch [1/132] loss: 0.0007 psnr: 31.34 dB  msssim: 0.9545
epoch [260/1200] batch [51/132] loss: 0.0004 psnr: 35.09 dB  msssim: 0.9796
epoch [260/1200] batch [101/132] loss: 0.0002 psnr: 34.94 dB  msssim: 0.9790
epoch [260/1200] batch [132/132] loss: 0.0003 psnr: 34.82 dB  msssim: 0.9783
======  Epoch 260 完成 ======LOSS: 0.0004 | PSNR: 34.82 dB | BEST: 35.85 dB | MSSSIM: 0.9783 | TIME: 60.44秒 | LR: 4.995e-03
epoch [261/1200] batch [1/132] loss: 0.0002 psnr: 37.61 dB  msssim: 0.9903
epoch [261/1200] batch [51/132] loss: 0.0004 psnr: 34.81 dB  msssim: 0.9787
epoch [261/1200] batch [101/132] loss: 0.0007 psnr: 34.64 dB  msssim: 0.9776
epoch [261/1200] batch [132/132] loss: 0.0004 psnr: 34.78 dB  msssim: 0.9784
======  Epoch 261 完成 ======LOSS: 0.0004 | PSNR: 34.78 dB | BEST: 35.85 dB | MSSSIM: 0.9784 | TIME: 60.53秒 | LR: 4.994e-03
epoch [262/1200] batch [1/132] loss: 0.0003 psnr: 35.64 dB  msssim: 0.9851
epoch [262/1200] batch [51/132] loss: 0.0003 psnr: 34.95 dB  msssim: 0.9793
epoch [262/1200] batch [101/132] loss: 0.0004 psnr: 35.16 dB  msssim: 0.9801
epoch [262/1200] batch [132/132] loss: 0.0004 psnr: 34.98 dB  msssim: 0.9791
======  Epoch 262 完成 ======LOSS: 0.0004 | PSNR: 34.98 dB | BEST: 35.85 dB | MSSSIM: 0.9791 | TIME: 60.50秒 | LR: 4.994e-03
epoch [263/1200] batch [1/132] loss: 0.0002 psnr: 36.59 dB  msssim: 0.9890
epoch [263/1200] batch [51/132] loss: 0.0002 psnr: 35.13 dB  msssim: 0.9796
epoch [263/1200] batch [101/132] loss: 0.0002 psnr: 35.17 dB  msssim: 0.9797
epoch [263/1200] batch [132/132] loss: 0.0004 psnr: 35.13 dB  msssim: 0.9794
======  Epoch 263 完成 ======LOSS: 0.0003 | PSNR: 35.13 dB | BEST: 35.85 dB | MSSSIM: 0.9794 | TIME: 60.52秒 | LR: 4.993e-03
epoch [264/1200] batch [1/132] loss: 0.0002 psnr: 37.94 dB  msssim: 0.9908
epoch [264/1200] batch [51/132] loss: 0.0006 psnr: 35.06 dB  msssim: 0.9798
epoch [264/1200] batch [101/132] loss: 0.0002 psnr: 34.93 dB  msssim: 0.9788
epoch [264/1200] batch [132/132] loss: 0.0004 psnr: 35.05 dB  msssim: 0.9794
======  Epoch 264 完成 ======LOSS: 0.0004 | PSNR: 35.05 dB | BEST: 35.85 dB | MSSSIM: 0.9794 | TIME: 60.48秒 | LR: 4.992e-03
epoch [265/1200] batch [1/132] loss: 0.0007 psnr: 31.85 dB  msssim: 0.9596
epoch [265/1200] batch [51/132] loss: 0.0007 psnr: 34.00 dB  msssim: 0.9762
epoch [265/1200] batch [101/132] loss: 0.0003 psnr: 34.04 dB  msssim: 0.9768
epoch [265/1200] batch [132/132] loss: 0.0006 psnr: 34.22 dB  msssim: 0.9774
======  Epoch 265 完成 ======LOSS: 0.0004 | PSNR: 34.22 dB | BEST: 35.85 dB | MSSSIM: 0.9774 | TIME: 60.56秒 | LR: 4.992e-03
epoch [266/1200] batch [1/132] loss: 0.0002 psnr: 36.04 dB  msssim: 0.9880
epoch [266/1200] batch [51/132] loss: 0.0005 psnr: 34.10 dB  msssim: 0.9759
epoch [266/1200] batch [101/132] loss: 0.0003 psnr: 34.05 dB  msssim: 0.9755
epoch [266/1200] batch [132/132] loss: 0.0004 psnr: 34.07 dB  msssim: 0.9760
======  Epoch 266 完成 ======LOSS: 0.0004 | PSNR: 34.07 dB | BEST: 35.85 dB | MSSSIM: 0.9760 | TIME: 60.49秒 | LR: 4.991e-03
epoch [267/1200] batch [1/132] loss: 0.0002 psnr: 37.25 dB  msssim: 0.9901
epoch [267/1200] batch [51/132] loss: 0.0003 psnr: 34.24 dB  msssim: 0.9776
epoch [267/1200] batch [101/132] loss: 0.0004 psnr: 34.21 dB  msssim: 0.9772
epoch [267/1200] batch [132/132] loss: 0.0006 psnr: 34.01 dB  msssim: 0.9763
======  Epoch 267 完成 ======LOSS: 0.0004 | PSNR: 34.01 dB | BEST: 35.85 dB | MSSSIM: 0.9763 | TIME: 60.57秒 | LR: 4.990e-03
epoch [268/1200] batch [1/132] loss: 0.0003 psnr: 35.80 dB  msssim: 0.9877
epoch [268/1200] batch [51/132] loss: 0.0002 psnr: 33.79 dB  msssim: 0.9749
epoch [268/1200] batch [101/132] loss: 0.0005 psnr: 34.18 dB  msssim: 0.9760
epoch [268/1200] batch [132/132] loss: 0.0004 psnr: 34.40 dB  msssim: 0.9769
======  Epoch 268 完成 ======LOSS: 0.0004 | PSNR: 34.40 dB | BEST: 35.85 dB | MSSSIM: 0.9769 | TIME: 60.73秒 | LR: 4.990e-03
epoch [269/1200] batch [1/132] loss: 0.0002 psnr: 37.66 dB  msssim: 0.9905
epoch [269/1200] batch [51/132] loss: 0.0003 psnr: 35.10 dB  msssim: 0.9800
epoch [269/1200] batch [101/132] loss: 0.0007 psnr: 34.91 dB  msssim: 0.9788
epoch [269/1200] batch [132/132] loss: 0.0003 psnr: 34.92 dB  msssim: 0.9789
======  Epoch 269 完成 ======LOSS: 0.0004 | PSNR: 34.92 dB | BEST: 35.85 dB | MSSSIM: 0.9789 | TIME: 60.62秒 | LR: 4.989e-03
epoch [270/1200] batch [1/132] loss: 0.0005 psnr: 32.71 dB  msssim: 0.9671
epoch [270/1200] batch [51/132] loss: 0.0002 psnr: 35.50 dB  msssim: 0.9819
epoch [270/1200] batch [101/132] loss: 0.0003 psnr: 34.99 dB  msssim: 0.9790
epoch [270/1200] batch [132/132] loss: 0.0002 psnr: 35.06 dB  msssim: 0.9795
======  Epoch 270 完成 ======LOSS: 0.0003 | PSNR: 35.06 dB | BEST: 35.85 dB | MSSSIM: 0.9795 | TIME: 60.58秒 | LR: 4.988e-03
epoch [271/1200] batch [1/132] loss: 0.0002 psnr: 37.28 dB  msssim: 0.9903
epoch [271/1200] batch [51/132] loss: 0.0002 psnr: 35.47 dB  msssim: 0.9817
epoch [271/1200] batch [101/132] loss: 0.0005 psnr: 35.25 dB  msssim: 0.9809
epoch [271/1200] batch [132/132] loss: 0.0007 psnr: 34.88 dB  msssim: 0.9794
======  Epoch 271 完成 ======LOSS: 0.0004 | PSNR: 34.88 dB | BEST: 35.85 dB | MSSSIM: 0.9794 | TIME: 60.63秒 | LR: 4.987e-03
epoch [272/1200] batch [1/132] loss: 0.0004 psnr: 33.88 dB  msssim: 0.9790
epoch [272/1200] batch [51/132] loss: 0.0004 psnr: 34.44 dB  msssim: 0.9772
epoch [272/1200] batch [101/132] loss: 0.0002 psnr: 34.85 dB  msssim: 0.9788
epoch [272/1200] batch [132/132] loss: 0.0004 psnr: 34.90 dB  msssim: 0.9788
======  Epoch 272 完成 ======LOSS: 0.0004 | PSNR: 34.90 dB | BEST: 35.85 dB | MSSSIM: 0.9788 | TIME: 60.46秒 | LR: 4.986e-03
epoch [273/1200] batch [1/132] loss: 0.0003 psnr: 35.08 dB  msssim: 0.9816
epoch [273/1200] batch [51/132] loss: 0.0006 psnr: 35.21 dB  msssim: 0.9807
epoch [273/1200] batch [101/132] loss: 0.0001 psnr: 35.25 dB  msssim: 0.9801
epoch [273/1200] batch [132/132] loss: 0.0004 psnr: 35.29 dB  msssim: 0.9802
======  Epoch 273 完成 ======LOSS: 0.0003 | PSNR: 35.29 dB | BEST: 35.85 dB | MSSSIM: 0.9802 | TIME: 60.52秒 | LR: 4.985e-03
epoch [274/1200] batch [1/132] loss: 0.0002 psnr: 37.55 dB  msssim: 0.9915
epoch [274/1200] batch [51/132] loss: 0.0002 psnr: 35.43 dB  msssim: 0.9816
epoch [274/1200] batch [101/132] loss: 0.0002 psnr: 35.16 dB  msssim: 0.9800
epoch [274/1200] batch [132/132] loss: 0.0003 psnr: 35.08 dB  msssim: 0.9799
======  Epoch 274 完成 ======LOSS: 0.0003 | PSNR: 35.08 dB | BEST: 35.85 dB | MSSSIM: 0.9799 | TIME: 60.57秒 | LR: 4.985e-03
epoch [275/1200] batch [1/132] loss: 0.0002 psnr: 37.55 dB  msssim: 0.9911
epoch [275/1200] batch [51/132] loss: 0.0004 psnr: 34.71 dB  msssim: 0.9788
epoch [275/1200] batch [101/132] loss: 0.0002 psnr: 34.58 dB  msssim: 0.9777
epoch [275/1200] batch [132/132] loss: 0.0002 psnr: 34.72 dB  msssim: 0.9785
======  Epoch 275 完成 ======LOSS: 0.0004 | PSNR: 34.72 dB | BEST: 35.85 dB | MSSSIM: 0.9785 | TIME: 60.62秒 | LR: 4.984e-03
epoch [276/1200] batch [1/132] loss: 0.0002 psnr: 37.02 dB  msssim: 0.9894
epoch [276/1200] batch [51/132] loss: 0.0004 psnr: 34.69 dB  msssim: 0.9800
epoch [276/1200] batch [101/132] loss: 0.0009 psnr: 33.91 dB  msssim: 0.9768
epoch [276/1200] batch [132/132] loss: 0.0005 psnr: 33.68 dB  msssim: 0.9758
======  Epoch 276 完成 ======LOSS: 0.0005 | PSNR: 33.68 dB | BEST: 35.85 dB | MSSSIM: 0.9758 | TIME: 60.48秒 | LR: 4.983e-03
epoch [277/1200] batch [1/132] loss: 0.0009 psnr: 30.70 dB  msssim: 0.9464
epoch [277/1200] batch [51/132] loss: 0.0003 psnr: 32.98 dB  msssim: 0.9730
epoch [277/1200] batch [101/132] loss: 0.0002 psnr: 33.22 dB  msssim: 0.9731
epoch [277/1200] batch [132/132] loss: 0.0007 psnr: 33.46 dB  msssim: 0.9738
======  Epoch 277 完成 ======LOSS: 0.0005 | PSNR: 33.46 dB | BEST: 35.85 dB | MSSSIM: 0.9738 | TIME: 60.52秒 | LR: 4.982e-03
epoch [278/1200] batch [1/132] loss: 0.0005 psnr: 33.11 dB  msssim: 0.9710
epoch [278/1200] batch [51/132] loss: 0.0004 psnr: 34.11 dB  msssim: 0.9750
epoch [278/1200] batch [101/132] loss: 0.0003 psnr: 34.76 dB  msssim: 0.9784
epoch [278/1200] batch [132/132] loss: 0.0006 psnr: 34.84 dB  msssim: 0.9784
======  Epoch 278 完成 ======LOSS: 0.0004 | PSNR: 34.84 dB | BEST: 35.85 dB | MSSSIM: 0.9784 | TIME: 60.53秒 | LR: 4.981e-03
epoch [279/1200] batch [1/132] loss: 0.0002 psnr: 38.20 dB  msssim: 0.9912
epoch [279/1200] batch [51/132] loss: 0.0007 psnr: 35.24 dB  msssim: 0.9795
epoch [279/1200] batch [101/132] loss: 0.0002 psnr: 35.18 dB  msssim: 0.9796
epoch [279/1200] batch [132/132] loss: 0.0004 psnr: 35.10 dB  msssim: 0.9795
======  Epoch 279 完成 ======LOSS: 0.0004 | PSNR: 35.10 dB | BEST: 35.85 dB | MSSSIM: 0.9795 | TIME: 60.52秒 | LR: 4.980e-03
epoch [280/1200] batch [1/132] loss: 0.0002 psnr: 36.14 dB  msssim: 0.9875
epoch [280/1200] batch [51/132] loss: 0.0004 psnr: 35.18 dB  msssim: 0.9804
epoch [280/1200] batch [101/132] loss: 0.0007 psnr: 35.03 dB  msssim: 0.9795
epoch [280/1200] batch [132/132] loss: 0.0003 psnr: 35.16 dB  msssim: 0.9799
======  Epoch 280 完成 ======LOSS: 0.0003 | PSNR: 35.16 dB | BEST: 35.85 dB | MSSSIM: 0.9799 | TIME: 60.51秒 | LR: 4.979e-03
epoch [281/1200] batch [1/132] loss: 0.0006 psnr: 32.14 dB  msssim: 0.9642
epoch [281/1200] batch [51/132] loss: 0.0002 psnr: 35.40 dB  msssim: 0.9809
epoch [281/1200] batch [101/132] loss: 0.0007 psnr: 35.22 dB  msssim: 0.9799
epoch [281/1200] batch [132/132] loss: 0.0004 psnr: 35.09 dB  msssim: 0.9797
======  Epoch 281 完成 ======LOSS: 0.0003 | PSNR: 35.09 dB | BEST: 35.85 dB | MSSSIM: 0.9797 | TIME: 60.53秒 | LR: 4.978e-03
epoch [282/1200] batch [1/132] loss: 0.0006 psnr: 31.93 dB  msssim: 0.9615
epoch [282/1200] batch [51/132] loss: 0.0005 psnr: 34.60 dB  msssim: 0.9780
epoch [282/1200] batch [101/132] loss: 0.0002 psnr: 34.89 dB  msssim: 0.9792
epoch [282/1200] batch [132/132] loss: 0.0006 psnr: 34.91 dB  msssim: 0.9794
======  Epoch 282 完成 ======LOSS: 0.0004 | PSNR: 34.91 dB | BEST: 35.85 dB | MSSSIM: 0.9794 | TIME: 60.64秒 | LR: 4.976e-03
epoch [283/1200] batch [1/132] loss: 0.0004 psnr: 33.66 dB  msssim: 0.9755
epoch [283/1200] batch [51/132] loss: 0.0006 psnr: 35.19 dB  msssim: 0.9807
epoch [283/1200] batch [101/132] loss: 0.0003 psnr: 35.04 dB  msssim: 0.9800
epoch [283/1200] batch [132/132] loss: 0.0006 psnr: 35.13 dB  msssim: 0.9799
======  Epoch 283 完成 ======LOSS: 0.0003 | PSNR: 35.13 dB | BEST: 35.85 dB | MSSSIM: 0.9799 | TIME: 60.68秒 | LR: 4.975e-03
epoch [284/1200] batch [1/132] loss: 0.0002 psnr: 37.97 dB  msssim: 0.9911
epoch [284/1200] batch [51/132] loss: 0.0006 psnr: 35.29 dB  msssim: 0.9801
epoch [284/1200] batch [101/132] loss: 0.0002 psnr: 35.50 dB  msssim: 0.9812
epoch [284/1200] batch [132/132] loss: 0.0004 psnr: 35.46 dB  msssim: 0.9809
======  Epoch 284 完成 ======LOSS: 0.0003 | PSNR: 35.46 dB | BEST: 35.85 dB | MSSSIM: 0.9809 | TIME: 60.60秒 | LR: 4.974e-03
epoch [285/1200] batch [1/132] loss: 0.0003 psnr: 34.58 dB  msssim: 0.9810
epoch [285/1200] batch [51/132] loss: 0.0002 psnr: 35.51 dB  msssim: 0.9818
epoch [285/1200] batch [101/132] loss: 0.0002 psnr: 35.44 dB  msssim: 0.9814
epoch [285/1200] batch [132/132] loss: 0.0003 psnr: 35.27 dB  msssim: 0.9803
======  Epoch 285 完成 ======LOSS: 0.0003 | PSNR: 35.27 dB | BEST: 35.85 dB | MSSSIM: 0.9803 | TIME: 60.71秒 | LR: 4.973e-03
epoch [286/1200] batch [1/132] loss: 0.0003 psnr: 35.05 dB  msssim: 0.9813
epoch [286/1200] batch [51/132] loss: 0.0002 psnr: 34.85 dB  msssim: 0.9787
epoch [286/1200] batch [101/132] loss: 0.0005 psnr: 35.05 dB  msssim: 0.9798
epoch [286/1200] batch [132/132] loss: 0.0005 psnr: 35.06 dB  msssim: 0.9797
======  Epoch 286 完成 ======LOSS: 0.0004 | PSNR: 35.06 dB | BEST: 35.85 dB | MSSSIM: 0.9797 | TIME: 60.58秒 | LR: 4.972e-03
epoch [287/1200] batch [1/132] loss: 0.0002 psnr: 37.90 dB  msssim: 0.9909
epoch [287/1200] batch [51/132] loss: 0.0006 psnr: 35.21 dB  msssim: 0.9807
epoch [287/1200] batch [101/132] loss: 0.0006 psnr: 35.31 dB  msssim: 0.9809
epoch [287/1200] batch [132/132] loss: 0.0005 psnr: 35.16 dB  msssim: 0.9801
======  Epoch 287 完成 ======LOSS: 0.0003 | PSNR: 35.16 dB | BEST: 35.85 dB | MSSSIM: 0.9801 | TIME: 60.57秒 | LR: 4.970e-03
epoch [288/1200] batch [1/132] loss: 0.0003 psnr: 35.31 dB  msssim: 0.9831
epoch [288/1200] batch [51/132] loss: 0.0003 psnr: 34.40 dB  msssim: 0.9778
epoch [288/1200] batch [101/132] loss: 0.0003 psnr: 34.11 dB  msssim: 0.9775
epoch [288/1200] batch [132/132] loss: 0.0008 psnr: 33.84 dB  msssim: 0.9766
======  Epoch 288 完成 ======LOSS: 0.0005 | PSNR: 33.84 dB | BEST: 35.85 dB | MSSSIM: 0.9766 | TIME: 60.57秒 | LR: 4.969e-03
epoch [289/1200] batch [1/132] loss: 0.0005 psnr: 33.24 dB  msssim: 0.9763
epoch [289/1200] batch [51/132] loss: 0.0007 psnr: 33.39 dB  msssim: 0.9746
epoch [289/1200] batch [101/132] loss: 0.0002 psnr: 33.89 dB  msssim: 0.9756
epoch [289/1200] batch [132/132] loss: 0.0002 psnr: 34.17 dB  msssim: 0.9765
======  Epoch 289 完成 ======LOSS: 0.0004 | PSNR: 34.17 dB | BEST: 35.85 dB | MSSSIM: 0.9765 | TIME: 60.50秒 | LR: 4.968e-03
epoch [290/1200] batch [1/132] loss: 0.0002 psnr: 37.76 dB  msssim: 0.9904
epoch [290/1200] batch [51/132] loss: 0.0004 psnr: 35.30 dB  msssim: 0.9816
epoch [290/1200] batch [101/132] loss: 0.0002 psnr: 35.13 dB  msssim: 0.9801
epoch [290/1200] batch [132/132] loss: 0.0002 psnr: 35.08 dB  msssim: 0.9800
======  Epoch 290 完成 ======LOSS: 0.0003 | PSNR: 35.08 dB | BEST: 35.85 dB | MSSSIM: 0.9800 | TIME: 60.56秒 | LR: 4.967e-03
epoch [291/1200] batch [1/132] loss: 0.0003 psnr: 34.89 dB  msssim: 0.9790
epoch [291/1200] batch [51/132] loss: 0.0003 psnr: 35.47 dB  msssim: 0.9818
epoch [291/1200] batch [101/132] loss: 0.0004 psnr: 35.32 dB  msssim: 0.9813
epoch [291/1200] batch [132/132] loss: 0.0003 psnr: 35.15 dB  msssim: 0.9803
======  Epoch 291 完成 ======LOSS: 0.0003 | PSNR: 35.15 dB | BEST: 35.85 dB | MSSSIM: 0.9803 | TIME: 60.48秒 | LR: 4.965e-03
epoch [292/1200] batch [1/132] loss: 0.0004 psnr: 33.99 dB  msssim: 0.9776
epoch [292/1200] batch [51/132] loss: 0.0003 psnr: 35.37 dB  msssim: 0.9812
epoch [292/1200] batch [101/132] loss: 0.0004 psnr: 35.22 dB  msssim: 0.9802
epoch [292/1200] batch [132/132] loss: 0.0002 psnr: 35.31 dB  msssim: 0.9805
======  Epoch 292 完成 ======LOSS: 0.0003 | PSNR: 35.31 dB | BEST: 35.85 dB | MSSSIM: 0.9805 | TIME: 60.53秒 | LR: 4.964e-03
epoch [293/1200] batch [1/132] loss: 0.0002 psnr: 37.38 dB  msssim: 0.9896
epoch [293/1200] batch [51/132] loss: 0.0002 psnr: 35.40 dB  msssim: 0.9808
epoch [293/1200] batch [101/132] loss: 0.0002 psnr: 35.03 dB  msssim: 0.9802
epoch [293/1200] batch [132/132] loss: 0.0005 psnr: 34.94 dB  msssim: 0.9799
======  Epoch 293 完成 ======LOSS: 0.0004 | PSNR: 34.94 dB | BEST: 35.85 dB | MSSSIM: 0.9799 | TIME: 60.55秒 | LR: 4.963e-03
epoch [294/1200] batch [1/132] loss: 0.0002 psnr: 36.75 dB  msssim: 0.9903
epoch [294/1200] batch [51/132] loss: 0.0003 psnr: 34.86 dB  msssim: 0.9804
epoch [294/1200] batch [101/132] loss: 0.0002 psnr: 34.95 dB  msssim: 0.9799
epoch [294/1200] batch [132/132] loss: 0.0005 psnr: 34.98 dB  msssim: 0.9797
======  Epoch 294 完成 ======LOSS: 0.0004 | PSNR: 34.98 dB | BEST: 35.85 dB | MSSSIM: 0.9797 | TIME: 60.48秒 | LR: 4.961e-03
epoch [295/1200] batch [1/132] loss: 0.0002 psnr: 36.89 dB  msssim: 0.9883
epoch [295/1200] batch [51/132] loss: 0.0004 psnr: 35.46 dB  msssim: 0.9810
epoch [295/1200] batch [101/132] loss: 0.0002 psnr: 35.43 dB  msssim: 0.9808
epoch [295/1200] batch [132/132] loss: 0.0002 psnr: 35.32 dB  msssim: 0.9803
======  Epoch 295 完成 ======LOSS: 0.0003 | PSNR: 35.32 dB | BEST: 35.85 dB | MSSSIM: 0.9803 | TIME: 60.57秒 | LR: 4.960e-03
epoch [296/1200] batch [1/132] loss: 0.0006 psnr: 32.14 dB  msssim: 0.9634
epoch [296/1200] batch [51/132] loss: 0.0002 psnr: 35.53 dB  msssim: 0.9817
epoch [296/1200] batch [101/132] loss: 0.0002 psnr: 35.27 dB  msssim: 0.9808
epoch [296/1200] batch [132/132] loss: 0.0004 psnr: 35.10 dB  msssim: 0.9800
======  Epoch 296 完成 ======LOSS: 0.0003 | PSNR: 35.10 dB | BEST: 35.85 dB | MSSSIM: 0.9800 | TIME: 60.50秒 | LR: 4.958e-03
epoch [297/1200] batch [1/132] loss: 0.0002 psnr: 36.93 dB  msssim: 0.9886
epoch [297/1200] batch [51/132] loss: 0.0002 psnr: 34.47 dB  msssim: 0.9776
epoch [297/1200] batch [101/132] loss: 0.0002 psnr: 34.64 dB  msssim: 0.9778
epoch [297/1200] batch [132/132] loss: 0.0005 psnr: 34.94 dB  msssim: 0.9791
======  Epoch 297 完成 ======LOSS: 0.0004 | PSNR: 34.94 dB | BEST: 35.85 dB | MSSSIM: 0.9791 | TIME: 60.43秒 | LR: 4.957e-03
epoch [298/1200] batch [1/132] loss: 0.0004 psnr: 34.35 dB  msssim: 0.9792
epoch [298/1200] batch [51/132] loss: 0.0002 psnr: 35.63 dB  msssim: 0.9816
epoch [298/1200] batch [101/132] loss: 0.0004 psnr: 35.31 dB  msssim: 0.9801
epoch [298/1200] batch [132/132] loss: 0.0004 psnr: 35.39 dB  msssim: 0.9807
======  Epoch 298 完成 ======LOSS: 0.0003 | PSNR: 35.39 dB | BEST: 35.85 dB | MSSSIM: 0.9807 | TIME: 60.59秒 | LR: 4.955e-03
epoch [299/1200] batch [1/132] loss: 0.0002 psnr: 38.15 dB  msssim: 0.9913
epoch [299/1200] batch [51/132] loss: 0.0002 psnr: 35.40 dB  msssim: 0.9806
epoch [299/1200] batch [101/132] loss: 0.0002 psnr: 35.42 dB  msssim: 0.9810
epoch [299/1200] batch [132/132] loss: 0.0003 psnr: 35.37 dB  msssim: 0.9809
======  Epoch 299 完成 ======LOSS: 0.0003 | PSNR: 35.37 dB | BEST: 35.85 dB | MSSSIM: 0.9809 | TIME: 60.64秒 | LR: 4.954e-03
epoch [300/1200] batch [1/132] loss: 0.0006 psnr: 32.46 dB  msssim: 0.9627
epoch [300/1200] batch [51/132] loss: 0.0002 psnr: 35.33 dB  msssim: 0.9811
epoch [300/1200] batch [101/132] loss: 0.0002 psnr: 35.24 dB  msssim: 0.9806
epoch [300/1200] batch [132/132] loss: 0.0006 psnr: 35.16 dB  msssim: 0.9801
======  Epoch 300 完成 ======LOSS: 0.0003 | PSNR: 35.16 dB | BEST: 35.85 dB | MSSSIM: 0.9801 | TIME: 60.47秒 | LR: 4.952e-03
Step [1/132] | Val PSNR: 34.29 dB | Val MSSSIM: 0.9797 | FPS: 130.11
Step [51/132] | Val PSNR: 33.20 dB | Val MSSSIM: 0.9716 | FPS: 212.39
Step [101/132] | Val PSNR: 34.39 dB | Val MSSSIM: 0.9779 | FPS: 212.75
Step [132/132] | Val PSNR: 35.03 dB | Val MSSSIM: 0.9806 | FPS: 211.57
== Epoch 300 测试完成 == PSNR: 35.03 dB | BEST: 35.85 dB | MSSSIM: 0.9806 | TIME: 18.82秒 | 
epoch [301/1200] batch [1/132] loss: 0.0002 psnr: 37.17 dB  msssim: 0.9905
epoch [301/1200] batch [51/132] loss: 0.0003 psnr: 34.62 dB  msssim: 0.9780
epoch [301/1200] batch [101/132] loss: 0.0002 psnr: 35.02 dB  msssim: 0.9797
epoch [301/1200] batch [132/132] loss: 0.0002 psnr: 35.14 dB  msssim: 0.9800
======  Epoch 301 完成 ======LOSS: 0.0003 | PSNR: 35.14 dB | BEST: 35.85 dB | MSSSIM: 0.9800 | TIME: 60.43秒 | LR: 4.950e-03
epoch [302/1200] batch [1/132] loss: 0.0003 psnr: 35.44 dB  msssim: 0.9830
epoch [302/1200] batch [51/132] loss: 0.0004 psnr: 34.75 dB  msssim: 0.9791
epoch [302/1200] batch [101/132] loss: 0.0002 psnr: 35.06 dB  msssim: 0.9803
epoch [302/1200] batch [132/132] loss: 0.0007 psnr: 35.19 dB  msssim: 0.9805
======  Epoch 302 完成 ======LOSS: 0.0003 | PSNR: 35.19 dB | BEST: 35.85 dB | MSSSIM: 0.9805 | TIME: 60.49秒 | LR: 4.949e-03
epoch [303/1200] batch [1/132] loss: 0.0002 psnr: 38.11 dB  msssim: 0.9913
epoch [303/1200] batch [51/132] loss: 0.0002 psnr: 35.24 dB  msssim: 0.9804
epoch [303/1200] batch [101/132] loss: 0.0005 psnr: 35.25 dB  msssim: 0.9807
epoch [303/1200] batch [132/132] loss: 0.0006 psnr: 35.22 dB  msssim: 0.9806
======  Epoch 303 完成 ======LOSS: 0.0003 | PSNR: 35.22 dB | BEST: 35.85 dB | MSSSIM: 0.9806 | TIME: 60.45秒 | LR: 4.947e-03
epoch [304/1200] batch [1/132] loss: 0.0002 psnr: 37.64 dB  msssim: 0.9911
epoch [304/1200] batch [51/132] loss: 0.0002 psnr: 35.21 dB  msssim: 0.9816
epoch [304/1200] batch [101/132] loss: 0.0003 psnr: 34.39 dB  msssim: 0.9790
epoch [304/1200] batch [132/132] loss: 0.0004 psnr: 34.36 dB  msssim: 0.9784
======  Epoch 304 完成 ======LOSS: 0.0004 | PSNR: 34.36 dB | BEST: 35.85 dB | MSSSIM: 0.9784 | TIME: 60.41秒 | LR: 4.945e-03
epoch [305/1200] batch [1/132] loss: 0.0003 psnr: 35.53 dB  msssim: 0.9866
epoch [305/1200] batch [51/132] loss: 0.0004 psnr: 34.98 dB  msssim: 0.9800
epoch [305/1200] batch [101/132] loss: 0.0003 psnr: 35.15 dB  msssim: 0.9801
epoch [305/1200] batch [132/132] loss: 0.0004 psnr: 35.09 dB  msssim: 0.9800
======  Epoch 305 完成 ======LOSS: 0.0003 | PSNR: 35.09 dB | BEST: 35.85 dB | MSSSIM: 0.9800 | TIME: 60.50秒 | LR: 4.944e-03
epoch [306/1200] batch [1/132] loss: 0.0003 psnr: 35.28 dB  msssim: 0.9830
epoch [306/1200] batch [51/132] loss: 0.0004 psnr: 35.19 dB  msssim: 0.9809
epoch [306/1200] batch [101/132] loss: 0.0003 psnr: 35.02 dB  msssim: 0.9795
epoch [306/1200] batch [132/132] loss: 0.0002 psnr: 35.20 dB  msssim: 0.9803
======  Epoch 306 完成 ======LOSS: 0.0003 | PSNR: 35.20 dB | BEST: 35.85 dB | MSSSIM: 0.9803 | TIME: 60.57秒 | LR: 4.942e-03
epoch [307/1200] batch [1/132] loss: 0.0005 psnr: 32.63 dB  msssim: 0.9701
epoch [307/1200] batch [51/132] loss: 0.0002 psnr: 35.35 dB  msssim: 0.9800
epoch [307/1200] batch [101/132] loss: 0.0003 psnr: 35.30 dB  msssim: 0.9801
epoch [307/1200] batch [132/132] loss: 0.0002 psnr: 35.38 dB  msssim: 0.9805
======  Epoch 307 完成 ======LOSS: 0.0003 | PSNR: 35.38 dB | BEST: 35.85 dB | MSSSIM: 0.9805 | TIME: 60.53秒 | LR: 4.940e-03
epoch [308/1200] batch [1/132] loss: 0.0005 psnr: 32.82 dB  msssim: 0.9676
epoch [308/1200] batch [51/132] loss: 0.0007 psnr: 35.71 dB  msssim: 0.9825
epoch [308/1200] batch [101/132] loss: 0.0004 psnr: 35.25 dB  msssim: 0.9806
epoch [308/1200] batch [132/132] loss: 0.0006 psnr: 35.19 dB  msssim: 0.9802
======  Epoch 308 完成 ======LOSS: 0.0003 | PSNR: 35.19 dB | BEST: 35.85 dB | MSSSIM: 0.9802 | TIME: 60.53秒 | LR: 4.938e-03
epoch [309/1200] batch [1/132] loss: 0.0002 psnr: 37.59 dB  msssim: 0.9912
epoch [309/1200] batch [51/132] loss: 0.0002 psnr: 35.22 dB  msssim: 0.9810
epoch [309/1200] batch [101/132] loss: 0.0003 psnr: 35.09 dB  msssim: 0.9801
epoch [309/1200] batch [132/132] loss: 0.0002 psnr: 35.24 dB  msssim: 0.9805
======  Epoch 309 完成 ======LOSS: 0.0003 | PSNR: 35.24 dB | BEST: 35.85 dB | MSSSIM: 0.9805 | TIME: 60.60秒 | LR: 4.937e-03
epoch [310/1200] batch [1/132] loss: 0.0004 psnr: 34.43 dB  msssim: 0.9787
epoch [310/1200] batch [51/132] loss: 0.0003 psnr: 35.61 dB  msssim: 0.9821
epoch [310/1200] batch [101/132] loss: 0.0003 psnr: 35.48 dB  msssim: 0.9814
epoch [310/1200] batch [132/132] loss: 0.0005 psnr: 35.28 dB  msssim: 0.9807
======  Epoch 310 完成 ======LOSS: 0.0003 | PSNR: 35.28 dB | BEST: 35.85 dB | MSSSIM: 0.9807 | TIME: 60.49秒 | LR: 4.935e-03
epoch [311/1200] batch [1/132] loss: 0.0002 psnr: 36.22 dB  msssim: 0.9862
epoch [311/1200] batch [51/132] loss: 0.0005 psnr: 35.43 dB  msssim: 0.9811
epoch [311/1200] batch [101/132] loss: 0.0005 psnr: 35.35 dB  msssim: 0.9812
epoch [311/1200] batch [132/132] loss: 0.0003 psnr: 35.36 dB  msssim: 0.9811
======  Epoch 311 完成 ======LOSS: 0.0003 | PSNR: 35.36 dB | BEST: 35.85 dB | MSSSIM: 0.9811 | TIME: 60.55秒 | LR: 4.933e-03
epoch [312/1200] batch [1/132] loss: 0.0005 psnr: 33.46 dB  msssim: 0.9734
epoch [312/1200] batch [51/132] loss: 0.0001 psnr: 35.84 dB  msssim: 0.9835
epoch [312/1200] batch [101/132] loss: 0.0002 psnr: 35.49 dB  msssim: 0.9817
epoch [312/1200] batch [132/132] loss: 0.0003 psnr: 35.33 dB  msssim: 0.9810
======  Epoch 312 完成 ======LOSS: 0.0003 | PSNR: 35.33 dB | BEST: 35.85 dB | MSSSIM: 0.9810 | TIME: 60.69秒 | LR: 4.931e-03
epoch [313/1200] batch [1/132] loss: 0.0007 psnr: 31.44 dB  msssim: 0.9604
epoch [313/1200] batch [51/132] loss: 0.0003 psnr: 35.45 dB  msssim: 0.9817
epoch [313/1200] batch [101/132] loss: 0.0003 psnr: 35.27 dB  msssim: 0.9809
epoch [313/1200] batch [132/132] loss: 0.0004 psnr: 35.13 dB  msssim: 0.9803
======  Epoch 313 完成 ======LOSS: 0.0003 | PSNR: 35.13 dB | BEST: 35.85 dB | MSSSIM: 0.9803 | TIME: 60.51秒 | LR: 4.929e-03
epoch [314/1200] batch [1/132] loss: 0.0002 psnr: 36.79 dB  msssim: 0.9877
epoch [314/1200] batch [51/132] loss: 0.0002 psnr: 35.68 dB  msssim: 0.9830
epoch [314/1200] batch [101/132] loss: 0.0003 psnr: 35.35 dB  msssim: 0.9812
epoch [314/1200] batch [132/132] loss: 0.0003 psnr: 35.10 dB  msssim: 0.9803
======  Epoch 314 完成 ======LOSS: 0.0003 | PSNR: 35.10 dB | BEST: 35.85 dB | MSSSIM: 0.9803 | TIME: 60.49秒 | LR: 4.927e-03
epoch [315/1200] batch [1/132] loss: 0.0004 psnr: 33.81 dB  msssim: 0.9777
epoch [315/1200] batch [51/132] loss: 0.0005 psnr: 35.32 dB  msssim: 0.9813
epoch [315/1200] batch [101/132] loss: 0.0006 psnr: 35.26 dB  msssim: 0.9805
epoch [315/1200] batch [132/132] loss: 0.0002 psnr: 35.21 dB  msssim: 0.9803
======  Epoch 315 完成 ======LOSS: 0.0003 | PSNR: 35.21 dB | BEST: 35.85 dB | MSSSIM: 0.9803 | TIME: 60.53秒 | LR: 4.925e-03
epoch [316/1200] batch [1/132] loss: 0.0002 psnr: 36.92 dB  msssim: 0.9886
epoch [316/1200] batch [51/132] loss: 0.0002 psnr: 35.21 dB  msssim: 0.9808
epoch [316/1200] batch [101/132] loss: 0.0004 psnr: 34.96 dB  msssim: 0.9803
epoch [316/1200] batch [132/132] loss: 0.0006 psnr: 35.00 dB  msssim: 0.9805
======  Epoch 316 完成 ======LOSS: 0.0004 | PSNR: 35.00 dB | BEST: 35.85 dB | MSSSIM: 0.9805 | TIME: 60.69秒 | LR: 4.923e-03
epoch [317/1200] batch [1/132] loss: 0.0004 psnr: 34.42 dB  msssim: 0.9798
epoch [317/1200] batch [51/132] loss: 0.0002 psnr: 34.85 dB  msssim: 0.9800
epoch [317/1200] batch [101/132] loss: 0.0002 psnr: 35.16 dB  msssim: 0.9807
epoch [317/1200] batch [132/132] loss: 0.0002 psnr: 35.11 dB  msssim: 0.9804
======  Epoch 317 完成 ======LOSS: 0.0003 | PSNR: 35.11 dB | BEST: 35.85 dB | MSSSIM: 0.9804 | TIME: 60.77秒 | LR: 4.921e-03
epoch [318/1200] batch [1/132] loss: 0.0005 psnr: 33.16 dB  msssim: 0.9704
epoch [318/1200] batch [51/132] loss: 0.0004 psnr: 35.94 dB  msssim: 0.9833
epoch [318/1200] batch [101/132] loss: 0.0001 psnr: 35.47 dB  msssim: 0.9812
epoch [318/1200] batch [132/132] loss: 0.0006 psnr: 35.48 dB  msssim: 0.9813
======  Epoch 318 完成 ======LOSS: 0.0003 | PSNR: 35.48 dB | BEST: 35.85 dB | MSSSIM: 0.9813 | TIME: 60.54秒 | LR: 4.919e-03
epoch [319/1200] batch [1/132] loss: 0.0004 psnr: 34.20 dB  msssim: 0.9797
epoch [319/1200] batch [51/132] loss: 0.0002 psnr: 35.11 dB  msssim: 0.9797
epoch [319/1200] batch [101/132] loss: 0.0004 psnr: 35.24 dB  msssim: 0.9807
epoch [319/1200] batch [132/132] loss: 0.0002 psnr: 35.38 dB  msssim: 0.9811
======  Epoch 319 完成 ======LOSS: 0.0003 | PSNR: 35.38 dB | BEST: 35.85 dB | MSSSIM: 0.9811 | TIME: 60.68秒 | LR: 4.917e-03
epoch [320/1200] batch [1/132] loss: 0.0006 psnr: 32.38 dB  msssim: 0.9662
epoch [320/1200] batch [51/132] loss: 0.0002 psnr: 35.24 dB  msssim: 0.9818
epoch [320/1200] batch [101/132] loss: 0.0005 psnr: 34.96 dB  msssim: 0.9808
epoch [320/1200] batch [132/132] loss: 0.0002 psnr: 34.93 dB  msssim: 0.9802
======  Epoch 320 完成 ======LOSS: 0.0004 | PSNR: 34.93 dB | BEST: 35.85 dB | MSSSIM: 0.9802 | TIME: 60.73秒 | LR: 4.915e-03
epoch [321/1200] batch [1/132] loss: 0.0005 psnr: 32.84 dB  msssim: 0.9732
epoch [321/1200] batch [51/132] loss: 0.0003 psnr: 34.31 dB  msssim: 0.9779
epoch [321/1200] batch [101/132] loss: 0.0008 psnr: 34.45 dB  msssim: 0.9790
epoch [321/1200] batch [132/132] loss: 0.0010 psnr: 34.20 dB  msssim: 0.9785
======  Epoch 321 完成 ======LOSS: 0.0004 | PSNR: 34.20 dB | BEST: 35.85 dB | MSSSIM: 0.9785 | TIME: 60.68秒 | LR: 4.913e-03
epoch [322/1200] batch [1/132] loss: 0.0004 psnr: 33.88 dB  msssim: 0.9812
epoch [322/1200] batch [51/132] loss: 0.0003 psnr: 33.48 dB  msssim: 0.9750
epoch [322/1200] batch [101/132] loss: 0.0004 psnr: 34.25 dB  msssim: 0.9776
epoch [322/1200] batch [132/132] loss: 0.0003 psnr: 34.53 dB  msssim: 0.9786
======  Epoch 322 完成 ======LOSS: 0.0004 | PSNR: 34.53 dB | BEST: 35.85 dB | MSSSIM: 0.9786 | TIME: 60.70秒 | LR: 4.911e-03
epoch [323/1200] batch [1/132] loss: 0.0003 psnr: 35.28 dB  msssim: 0.9827
epoch [323/1200] batch [51/132] loss: 0.0002 psnr: 35.78 dB  msssim: 0.9828
epoch [323/1200] batch [101/132] loss: 0.0006 psnr: 35.76 dB  msssim: 0.9821
epoch [323/1200] batch [132/132] loss: 0.0002 psnr: 35.60 dB  msssim: 0.9816
======  Epoch 323 完成 ======LOSS: 0.0003 | PSNR: 35.60 dB | BEST: 35.85 dB | MSSSIM: 0.9816 | TIME: 60.71秒 | LR: 4.908e-03
epoch [324/1200] batch [1/132] loss: 0.0001 psnr: 38.39 dB  msssim: 0.9917
epoch [324/1200] batch [51/132] loss: 0.0002 psnr: 35.91 dB  msssim: 0.9828
epoch [324/1200] batch [101/132] loss: 0.0001 psnr: 35.70 dB  msssim: 0.9821
epoch [324/1200] batch [132/132] loss: 0.0005 psnr: 35.66 dB  msssim: 0.9817
======  Epoch 324 完成 ======LOSS: 0.0003 | PSNR: 35.66 dB | BEST: 35.85 dB | MSSSIM: 0.9817 | TIME: 60.61秒 | LR: 4.906e-03
epoch [325/1200] batch [1/132] loss: 0.0004 psnr: 33.60 dB  msssim: 0.9744
epoch [325/1200] batch [51/132] loss: 0.0003 psnr: 35.71 dB  msssim: 0.9817
epoch [325/1200] batch [101/132] loss: 0.0003 psnr: 35.70 dB  msssim: 0.9819
epoch [325/1200] batch [132/132] loss: 0.0006 psnr: 35.60 dB  msssim: 0.9817
======  Epoch 325 完成 ======LOSS: 0.0003 | PSNR: 35.60 dB | BEST: 35.85 dB | MSSSIM: 0.9817 | TIME: 60.70秒 | LR: 4.904e-03
epoch [326/1200] batch [1/132] loss: 0.0005 psnr: 33.08 dB  msssim: 0.9683
epoch [326/1200] batch [51/132] loss: 0.0002 psnr: 35.50 dB  msssim: 0.9823
epoch [326/1200] batch [101/132] loss: 0.0005 psnr: 35.67 dB  msssim: 0.9822
epoch [326/1200] batch [132/132] loss: 0.0002 psnr: 35.58 dB  msssim: 0.9817
======  Epoch 326 完成 ======LOSS: 0.0003 | PSNR: 35.58 dB | BEST: 35.85 dB | MSSSIM: 0.9817 | TIME: 60.71秒 | LR: 4.902e-03
epoch [327/1200] batch [1/132] loss: 0.0004 psnr: 34.41 dB  msssim: 0.9813
epoch [327/1200] batch [51/132] loss: 0.0002 psnr: 35.02 dB  msssim: 0.9807
epoch [327/1200] batch [101/132] loss: 0.0006 psnr: 35.26 dB  msssim: 0.9812
epoch [327/1200] batch [132/132] loss: 0.0003 psnr: 35.25 dB  msssim: 0.9809
======  Epoch 327 完成 ======LOSS: 0.0003 | PSNR: 35.25 dB | BEST: 35.85 dB | MSSSIM: 0.9809 | TIME: 60.59秒 | LR: 4.899e-03
epoch [328/1200] batch [1/132] loss: 0.0003 psnr: 35.37 dB  msssim: 0.9830
epoch [328/1200] batch [51/132] loss: 0.0002 psnr: 35.40 dB  msssim: 0.9810
epoch [328/1200] batch [101/132] loss: 0.0004 psnr: 35.63 dB  msssim: 0.9816
epoch [328/1200] batch [132/132] loss: 0.0001 psnr: 35.63 dB  msssim: 0.9817
======  Epoch 328 完成 ======LOSS: 0.0003 | PSNR: 35.63 dB | BEST: 35.85 dB | MSSSIM: 0.9817 | TIME: 60.67秒 | LR: 4.897e-03
epoch [329/1200] batch [1/132] loss: 0.0005 psnr: 32.62 dB  msssim: 0.9676
epoch [329/1200] batch [51/132] loss: 0.0001 psnr: 35.77 dB  msssim: 0.9829
epoch [329/1200] batch [101/132] loss: 0.0002 psnr: 35.59 dB  msssim: 0.9820
epoch [329/1200] batch [132/132] loss: 0.0005 psnr: 35.53 dB  msssim: 0.9814
======  Epoch 329 完成 ======LOSS: 0.0003 | PSNR: 35.53 dB | BEST: 35.85 dB | MSSSIM: 0.9814 | TIME: 60.60秒 | LR: 4.895e-03
epoch [330/1200] batch [1/132] loss: 0.0002 psnr: 37.01 dB  msssim: 0.9897
epoch [330/1200] batch [51/132] loss: 0.0002 psnr: 36.09 dB  msssim: 0.9836
epoch [330/1200] batch [101/132] loss: 0.0002 psnr: 35.77 dB  msssim: 0.9824
epoch [330/1200] batch [132/132] loss: 0.0004 psnr: 35.65 dB  msssim: 0.9818
======  Epoch 330 完成 ======LOSS: 0.0003 | PSNR: 35.65 dB | BEST: 35.85 dB | MSSSIM: 0.9818 | TIME: 60.60秒 | LR: 4.892e-03
epoch [331/1200] batch [1/132] loss: 0.0002 psnr: 37.98 dB  msssim: 0.9909
epoch [331/1200] batch [51/132] loss: 0.0004 psnr: 35.69 dB  msssim: 0.9824
epoch [331/1200] batch [101/132] loss: 0.0003 psnr: 35.69 dB  msssim: 0.9819
epoch [331/1200] batch [132/132] loss: 0.0006 psnr: 35.65 dB  msssim: 0.9819
======  Epoch 331 完成 ======LOSS: 0.0003 | PSNR: 35.65 dB | BEST: 35.85 dB | MSSSIM: 0.9819 | TIME: 60.61秒 | LR: 4.890e-03
epoch [332/1200] batch [1/132] loss: 0.0005 psnr: 32.91 dB  msssim: 0.9681
epoch [332/1200] batch [51/132] loss: 0.0005 psnr: 35.33 dB  msssim: 0.9812
epoch [332/1200] batch [101/132] loss: 0.0002 psnr: 35.56 dB  msssim: 0.9819
epoch [332/1200] batch [132/132] loss: 0.0006 psnr: 35.53 dB  msssim: 0.9815
======  Epoch 332 完成 ======LOSS: 0.0003 | PSNR: 35.53 dB | BEST: 35.85 dB | MSSSIM: 0.9815 | TIME: 60.78秒 | LR: 4.888e-03
epoch [333/1200] batch [1/132] loss: 0.0002 psnr: 37.18 dB  msssim: 0.9900
epoch [333/1200] batch [51/132] loss: 0.0006 psnr: 35.19 dB  msssim: 0.9806
epoch [333/1200] batch [101/132] loss: 0.0006 psnr: 35.18 dB  msssim: 0.9809
epoch [333/1200] batch [132/132] loss: 0.0003 psnr: 35.07 dB  msssim: 0.9806
======  Epoch 333 完成 ======LOSS: 0.0003 | PSNR: 35.07 dB | BEST: 35.85 dB | MSSSIM: 0.9806 | TIME: 60.66秒 | LR: 4.885e-03
epoch [334/1200] batch [1/132] loss: 0.0002 psnr: 38.20 dB  msssim: 0.9917
epoch [334/1200] batch [51/132] loss: 0.0002 psnr: 35.29 dB  msssim: 0.9820
epoch [334/1200] batch [101/132] loss: 0.0002 psnr: 35.15 dB  msssim: 0.9812
epoch [334/1200] batch [132/132] loss: 0.0005 psnr: 35.12 dB  msssim: 0.9807
======  Epoch 334 完成 ======LOSS: 0.0003 | PSNR: 35.12 dB | BEST: 35.85 dB | MSSSIM: 0.9807 | TIME: 60.57秒 | LR: 4.883e-03
epoch [335/1200] batch [1/132] loss: 0.0002 psnr: 38.03 dB  msssim: 0.9904
epoch [335/1200] batch [51/132] loss: 0.0002 psnr: 35.49 dB  msssim: 0.9812
epoch [335/1200] batch [101/132] loss: 0.0002 psnr: 35.47 dB  msssim: 0.9815
epoch [335/1200] batch [132/132] loss: 0.0002 psnr: 35.45 dB  msssim: 0.9815
======  Epoch 335 完成 ======LOSS: 0.0003 | PSNR: 35.45 dB | BEST: 35.85 dB | MSSSIM: 0.9815 | TIME: 60.60秒 | LR: 4.880e-03
epoch [336/1200] batch [1/132] loss: 0.0003 psnr: 35.99 dB  msssim: 0.9849
epoch [336/1200] batch [51/132] loss: 0.0003 psnr: 35.42 dB  msssim: 0.9813
epoch [336/1200] batch [101/132] loss: 0.0004 psnr: 35.25 dB  msssim: 0.9807
epoch [336/1200] batch [132/132] loss: 0.0001 psnr: 35.37 dB  msssim: 0.9812
======  Epoch 336 完成 ======LOSS: 0.0003 | PSNR: 35.37 dB | BEST: 35.85 dB | MSSSIM: 0.9812 | TIME: 60.61秒 | LR: 4.878e-03
epoch [337/1200] batch [1/132] loss: 0.0003 psnr: 35.04 dB  msssim: 0.9808
epoch [337/1200] batch [51/132] loss: 0.0004 psnr: 35.70 dB  msssim: 0.9829
epoch [337/1200] batch [101/132] loss: 0.0006 psnr: 35.24 dB  msssim: 0.9806
epoch [337/1200] batch [132/132] loss: 0.0003 psnr: 35.31 dB  msssim: 0.9807
======  Epoch 337 完成 ======LOSS: 0.0003 | PSNR: 35.31 dB | BEST: 35.85 dB | MSSSIM: 0.9807 | TIME: 60.58秒 | LR: 4.875e-03
epoch [338/1200] batch [1/132] loss: 0.0002 psnr: 38.12 dB  msssim: 0.9913
epoch [338/1200] batch [51/132] loss: 0.0005 psnr: 35.11 dB  msssim: 0.9793
epoch [338/1200] batch [101/132] loss: 0.0002 psnr: 35.23 dB  msssim: 0.9802
epoch [338/1200] batch [132/132] loss: 0.0003 psnr: 35.48 dB  msssim: 0.9813
======  Epoch 338 完成 ======LOSS: 0.0003 | PSNR: 35.48 dB | BEST: 35.85 dB | MSSSIM: 0.9813 | TIME: 60.50秒 | LR: 4.873e-03
epoch [339/1200] batch [1/132] loss: 0.0003 psnr: 34.99 dB  msssim: 0.9829
epoch [339/1200] batch [51/132] loss: 0.0004 psnr: 35.18 dB  msssim: 0.9809
epoch [339/1200] batch [101/132] loss: 0.0005 psnr: 35.35 dB  msssim: 0.9812
epoch [339/1200] batch [132/132] loss: 0.0005 psnr: 35.38 dB  msssim: 0.9813
======  Epoch 339 完成 ======LOSS: 0.0003 | PSNR: 35.38 dB | BEST: 35.85 dB | MSSSIM: 0.9813 | TIME: 60.53秒 | LR: 4.870e-03
epoch [340/1200] batch [1/132] loss: 0.0002 psnr: 37.07 dB  msssim: 0.9889
epoch [340/1200] batch [51/132] loss: 0.0006 psnr: 34.82 dB  msssim: 0.9795
epoch [340/1200] batch [101/132] loss: 0.0005 psnr: 35.24 dB  msssim: 0.9810
epoch [340/1200] batch [132/132] loss: 0.0002 psnr: 35.20 dB  msssim: 0.9808
======  Epoch 340 完成 ======LOSS: 0.0003 | PSNR: 35.20 dB | BEST: 35.85 dB | MSSSIM: 0.9808 | TIME: 60.62秒 | LR: 4.867e-03
epoch [341/1200] batch [1/132] loss: 0.0004 psnr: 33.58 dB  msssim: 0.9777
epoch [341/1200] batch [51/132] loss: 0.0002 psnr: 34.63 dB  msssim: 0.9785
epoch [341/1200] batch [101/132] loss: 0.0004 psnr: 35.10 dB  msssim: 0.9801
epoch [341/1200] batch [132/132] loss: 0.0002 psnr: 35.42 dB  msssim: 0.9813
======  Epoch 341 完成 ======LOSS: 0.0003 | PSNR: 35.42 dB | BEST: 35.85 dB | MSSSIM: 0.9813 | TIME: 60.73秒 | LR: 4.865e-03
epoch [342/1200] batch [1/132] loss: 0.0003 psnr: 35.89 dB  msssim: 0.9845
epoch [342/1200] batch [51/132] loss: 0.0003 psnr: 35.75 dB  msssim: 0.9819
epoch [342/1200] batch [101/132] loss: 0.0003 psnr: 35.83 dB  msssim: 0.9825
epoch [342/1200] batch [132/132] loss: 0.0002 psnr: 35.84 dB  msssim: 0.9823
======  Epoch 342 完成 ======LOSS: 0.0003 | PSNR: 35.84 dB | BEST: 35.85 dB | MSSSIM: 0.9823 | TIME: 60.64秒 | LR: 4.862e-03
epoch [343/1200] batch [1/132] loss: 0.0003 psnr: 35.24 dB  msssim: 0.9820
epoch [343/1200] batch [51/132] loss: 0.0002 psnr: 36.08 dB  msssim: 0.9831
epoch [343/1200] batch [101/132] loss: 0.0002 psnr: 35.88 dB  msssim: 0.9826
epoch [343/1200] batch [132/132] loss: 0.0004 psnr: 35.87 dB  msssim: 0.9825
======  Epoch 343 完成 ======LOSS: 0.0003 | PSNR: 35.87 dB | BEST: 35.87 dB | MSSSIM: 0.9825 | TIME: 60.68秒 | LR: 4.859e-03
epoch [344/1200] batch [1/132] loss: 0.0001 psnr: 38.69 dB  msssim: 0.9922
epoch [344/1200] batch [51/132] loss: 0.0002 psnr: 35.69 dB  msssim: 0.9823
epoch [344/1200] batch [101/132] loss: 0.0001 psnr: 35.68 dB  msssim: 0.9822
epoch [344/1200] batch [132/132] loss: 0.0002 psnr: 35.58 dB  msssim: 0.9818
======  Epoch 344 完成 ======LOSS: 0.0003 | PSNR: 35.58 dB | BEST: 35.87 dB | MSSSIM: 0.9818 | TIME: 60.58秒 | LR: 4.857e-03
epoch [345/1200] batch [1/132] loss: 0.0002 psnr: 37.25 dB  msssim: 0.9888
epoch [345/1200] batch [51/132] loss: 0.0004 psnr: 35.63 dB  msssim: 0.9822
epoch [345/1200] batch [101/132] loss: 0.0002 psnr: 35.41 dB  msssim: 0.9816
epoch [345/1200] batch [132/132] loss: 0.0002 psnr: 35.25 dB  msssim: 0.9813
======  Epoch 345 完成 ======LOSS: 0.0003 | PSNR: 35.25 dB | BEST: 35.87 dB | MSSSIM: 0.9813 | TIME: 60.54秒 | LR: 4.854e-03
epoch [346/1200] batch [1/132] loss: 0.0007 psnr: 31.84 dB  msssim: 0.9611
epoch [346/1200] batch [51/132] loss: 0.0002 psnr: 34.62 dB  msssim: 0.9806
epoch [346/1200] batch [101/132] loss: 0.0004 psnr: 34.52 dB  msssim: 0.9798
epoch [346/1200] batch [132/132] loss: 0.0002 psnr: 34.61 dB  msssim: 0.9798
======  Epoch 346 完成 ======LOSS: 0.0004 | PSNR: 34.61 dB | BEST: 35.87 dB | MSSSIM: 0.9798 | TIME: 60.56秒 | LR: 4.851e-03
epoch [347/1200] batch [1/132] loss: 0.0004 psnr: 34.07 dB  msssim: 0.9779
epoch [347/1200] batch [51/132] loss: 0.0002 psnr: 35.40 dB  msssim: 0.9811
epoch [347/1200] batch [101/132] loss: 0.0004 psnr: 35.50 dB  msssim: 0.9815
epoch [347/1200] batch [132/132] loss: 0.0002 psnr: 35.46 dB  msssim: 0.9815
======  Epoch 347 完成 ======LOSS: 0.0003 | PSNR: 35.46 dB | BEST: 35.87 dB | MSSSIM: 0.9815 | TIME: 60.57秒 | LR: 4.848e-03
epoch [348/1200] batch [1/132] loss: 0.0005 psnr: 33.17 dB  msssim: 0.9724
epoch [348/1200] batch [51/132] loss: 0.0004 psnr: 34.94 dB  msssim: 0.9812
epoch [348/1200] batch [101/132] loss: 0.0004 psnr: 34.96 dB  msssim: 0.9808
epoch [348/1200] batch [132/132] loss: 0.0003 psnr: 34.92 dB  msssim: 0.9803
======  Epoch 348 完成 ======LOSS: 0.0004 | PSNR: 34.92 dB | BEST: 35.87 dB | MSSSIM: 0.9803 | TIME: 60.72秒 | LR: 4.845e-03
epoch [349/1200] batch [1/132] loss: 0.0002 psnr: 37.13 dB  msssim: 0.9890
epoch [349/1200] batch [51/132] loss: 0.0002 psnr: 35.00 dB  msssim: 0.9793
epoch [349/1200] batch [101/132] loss: 0.0003 psnr: 35.43 dB  msssim: 0.9811
epoch [349/1200] batch [132/132] loss: 0.0006 psnr: 35.53 dB  msssim: 0.9815
======  Epoch 349 完成 ======LOSS: 0.0003 | PSNR: 35.53 dB | BEST: 35.87 dB | MSSSIM: 0.9815 | TIME: 60.54秒 | LR: 4.843e-03
epoch [350/1200] batch [1/132] loss: 0.0003 psnr: 34.80 dB  msssim: 0.9805
epoch [350/1200] batch [51/132] loss: 0.0003 psnr: 35.70 dB  msssim: 0.9828
epoch [350/1200] batch [101/132] loss: 0.0005 psnr: 35.36 dB  msssim: 0.9816
epoch [350/1200] batch [132/132] loss: 0.0006 psnr: 35.47 dB  msssim: 0.9820
======  Epoch 350 完成 ======LOSS: 0.0003 | PSNR: 35.47 dB | BEST: 35.87 dB | MSSSIM: 0.9820 | TIME: 60.50秒 | LR: 4.840e-03
Step [1/132] | Val PSNR: 34.28 dB | Val MSSSIM: 0.9812 | FPS: 138.80
Step [51/132] | Val PSNR: 33.65 dB | Val MSSSIM: 0.9736 | FPS: 213.50
Step [101/132] | Val PSNR: 35.03 dB | Val MSSSIM: 0.9797 | FPS: 217.81
Step [132/132] | Val PSNR: 35.61 dB | Val MSSSIM: 0.9822 | FPS: 219.97
== Epoch 350 测试完成 == PSNR: 35.61 dB | BEST: 35.87 dB | MSSSIM: 0.9822 | TIME: 18.75秒 | 
epoch [351/1200] batch [1/132] loss: 0.0002 psnr: 37.50 dB  msssim: 0.9911
epoch [351/1200] batch [51/132] loss: 0.0003 psnr: 35.47 dB  msssim: 0.9819
epoch [351/1200] batch [101/132] loss: 0.0002 psnr: 35.49 dB  msssim: 0.9818
epoch [351/1200] batch [132/132] loss: 0.0006 psnr: 35.47 dB  msssim: 0.9818
======  Epoch 351 完成 ======LOSS: 0.0003 | PSNR: 35.47 dB | BEST: 35.87 dB | MSSSIM: 0.9818 | TIME: 60.54秒 | LR: 4.837e-03
epoch [352/1200] batch [1/132] loss: 0.0005 psnr: 32.76 dB  msssim: 0.9679
epoch [352/1200] batch [51/132] loss: 0.0006 psnr: 34.19 dB  msssim: 0.9775
epoch [352/1200] batch [101/132] loss: 0.0003 psnr: 34.54 dB  msssim: 0.9793
epoch [352/1200] batch [132/132] loss: 0.0006 psnr: 34.72 dB  msssim: 0.9800
======  Epoch 352 完成 ======LOSS: 0.0004 | PSNR: 34.72 dB | BEST: 35.87 dB | MSSSIM: 0.9800 | TIME: 60.50秒 | LR: 4.834e-03
epoch [353/1200] batch [1/132] loss: 0.0002 psnr: 37.02 dB  msssim: 0.9894
epoch [353/1200] batch [51/132] loss: 0.0006 psnr: 35.38 dB  msssim: 0.9818
epoch [353/1200] batch [101/132] loss: 0.0003 psnr: 35.40 dB  msssim: 0.9815
epoch [353/1200] batch [132/132] loss: 0.0005 psnr: 35.27 dB  msssim: 0.9813
======  Epoch 353 完成 ======LOSS: 0.0003 | PSNR: 35.27 dB | BEST: 35.87 dB | MSSSIM: 0.9813 | TIME: 60.55秒 | LR: 4.831e-03
epoch [354/1200] batch [1/132] loss: 0.0004 psnr: 33.88 dB  msssim: 0.9768
epoch [354/1200] batch [51/132] loss: 0.0003 psnr: 35.20 dB  msssim: 0.9807
epoch [354/1200] batch [101/132] loss: 0.0002 psnr: 35.76 dB  msssim: 0.9829
epoch [354/1200] batch [132/132] loss: 0.0004 psnr: 35.57 dB  msssim: 0.9821
======  Epoch 354 完成 ======LOSS: 0.0003 | PSNR: 35.57 dB | BEST: 35.87 dB | MSSSIM: 0.9821 | TIME: 60.55秒 | LR: 4.828e-03
epoch [355/1200] batch [1/132] loss: 0.0005 psnr: 33.10 dB  msssim: 0.9692
epoch [355/1200] batch [51/132] loss: 0.0001 psnr: 35.97 dB  msssim: 0.9832
epoch [355/1200] batch [101/132] loss: 0.0002 psnr: 36.06 dB  msssim: 0.9832
epoch [355/1200] batch [132/132] loss: 0.0001 psnr: 35.91 dB  msssim: 0.9827
======  Epoch 355 完成 ======LOSS: 0.0003 | PSNR: 35.91 dB | BEST: 35.91 dB | MSSSIM: 0.9827 | TIME: 60.71秒 | LR: 4.825e-03
epoch [356/1200] batch [1/132] loss: 0.0002 psnr: 37.52 dB  msssim: 0.9900
epoch [356/1200] batch [51/132] loss: 0.0001 psnr: 36.27 dB  msssim: 0.9842
epoch [356/1200] batch [101/132] loss: 0.0004 psnr: 35.59 dB  msssim: 0.9828
epoch [356/1200] batch [132/132] loss: 0.0005 psnr: 35.42 dB  msssim: 0.9821
======  Epoch 356 完成 ======LOSS: 0.0003 | PSNR: 35.42 dB | BEST: 35.91 dB | MSSSIM: 0.9821 | TIME: 60.66秒 | LR: 4.822e-03
epoch [357/1200] batch [1/132] loss: 0.0005 psnr: 33.08 dB  msssim: 0.9681
epoch [357/1200] batch [51/132] loss: 0.0002 psnr: 35.07 dB  msssim: 0.9806
epoch [357/1200] batch [101/132] loss: 0.0003 psnr: 35.39 dB  msssim: 0.9820
epoch [357/1200] batch [132/132] loss: 0.0002 psnr: 35.23 dB  msssim: 0.9816
======  Epoch 357 完成 ======LOSS: 0.0003 | PSNR: 35.23 dB | BEST: 35.91 dB | MSSSIM: 0.9816 | TIME: 60.60秒 | LR: 4.819e-03
epoch [358/1200] batch [1/132] loss: 0.0004 psnr: 33.88 dB  msssim: 0.9823
epoch [358/1200] batch [51/132] loss: 0.0006 psnr: 35.42 dB  msssim: 0.9820
epoch [358/1200] batch [101/132] loss: 0.0003 psnr: 35.57 dB  msssim: 0.9823
epoch [358/1200] batch [132/132] loss: 0.0002 psnr: 35.48 dB  msssim: 0.9816
======  Epoch 358 完成 ======LOSS: 0.0003 | PSNR: 35.48 dB | BEST: 35.91 dB | MSSSIM: 0.9816 | TIME: 60.72秒 | LR: 4.816e-03
epoch [359/1200] batch [1/132] loss: 0.0005 psnr: 33.05 dB  msssim: 0.9746
epoch [359/1200] batch [51/132] loss: 0.0002 psnr: 35.53 dB  msssim: 0.9815
epoch [359/1200] batch [101/132] loss: 0.0002 psnr: 35.61 dB  msssim: 0.9816
epoch [359/1200] batch [132/132] loss: 0.0005 psnr: 35.70 dB  msssim: 0.9819
======  Epoch 359 完成 ======LOSS: 0.0003 | PSNR: 35.70 dB | BEST: 35.91 dB | MSSSIM: 0.9819 | TIME: 60.73秒 | LR: 4.813e-03
epoch [360/1200] batch [1/132] loss: 0.0003 psnr: 35.73 dB  msssim: 0.9841
epoch [360/1200] batch [51/132] loss: 0.0004 psnr: 35.83 dB  msssim: 0.9827
epoch [360/1200] batch [101/132] loss: 0.0003 psnr: 35.85 dB  msssim: 0.9826
epoch [360/1200] batch [132/132] loss: 0.0002 psnr: 35.82 dB  msssim: 0.9823
======  Epoch 360 完成 ======LOSS: 0.0003 | PSNR: 35.82 dB | BEST: 35.91 dB | MSSSIM: 0.9823 | TIME: 60.69秒 | LR: 4.810e-03
epoch [361/1200] batch [1/132] loss: 0.0002 psnr: 36.84 dB  msssim: 0.9889
epoch [361/1200] batch [51/132] loss: 0.0001 psnr: 35.79 dB  msssim: 0.9823
epoch [361/1200] batch [101/132] loss: 0.0002 psnr: 35.67 dB  msssim: 0.9817
epoch [361/1200] batch [132/132] loss: 0.0001 psnr: 35.74 dB  msssim: 0.9820
======  Epoch 361 完成 ======LOSS: 0.0003 | PSNR: 35.74 dB | BEST: 35.91 dB | MSSSIM: 0.9820 | TIME: 60.69秒 | LR: 4.807e-03
epoch [362/1200] batch [1/132] loss: 0.0004 psnr: 33.87 dB  msssim: 0.9779
epoch [362/1200] batch [51/132] loss: 0.0001 psnr: 35.89 dB  msssim: 0.9826
epoch [362/1200] batch [101/132] loss: 0.0006 psnr: 35.72 dB  msssim: 0.9822
epoch [362/1200] batch [132/132] loss: 0.0004 psnr: 35.73 dB  msssim: 0.9823
======  Epoch 362 完成 ======LOSS: 0.0003 | PSNR: 35.73 dB | BEST: 35.91 dB | MSSSIM: 0.9823 | TIME: 60.53秒 | LR: 4.803e-03
epoch [363/1200] batch [1/132] loss: 0.0002 psnr: 36.45 dB  msssim: 0.9865
epoch [363/1200] batch [51/132] loss: 0.0003 psnr: 35.37 dB  msssim: 0.9807
epoch [363/1200] batch [101/132] loss: 0.0004 psnr: 35.66 dB  msssim: 0.9820
epoch [363/1200] batch [132/132] loss: 0.0003 psnr: 35.73 dB  msssim: 0.9824
======  Epoch 363 完成 ======LOSS: 0.0003 | PSNR: 35.73 dB | BEST: 35.91 dB | MSSSIM: 0.9824 | TIME: 60.61秒 | LR: 4.800e-03
epoch [364/1200] batch [1/132] loss: 0.0003 psnr: 35.44 dB  msssim: 0.9829
epoch [364/1200] batch [51/132] loss: 0.0001 psnr: 35.82 dB  msssim: 0.9828
epoch [364/1200] batch [101/132] loss: 0.0003 psnr: 35.83 dB  msssim: 0.9829
epoch [364/1200] batch [132/132] loss: 0.0005 psnr: 35.72 dB  msssim: 0.9825
======  Epoch 364 完成 ======LOSS: 0.0003 | PSNR: 35.72 dB | BEST: 35.91 dB | MSSSIM: 0.9825 | TIME: 60.48秒 | LR: 4.797e-03
epoch [365/1200] batch [1/132] loss: 0.0004 psnr: 33.77 dB  msssim: 0.9780
epoch [365/1200] batch [51/132] loss: 0.0002 psnr: 35.05 dB  msssim: 0.9813
epoch [365/1200] batch [101/132] loss: 0.0003 psnr: 35.14 dB  msssim: 0.9812
epoch [365/1200] batch [132/132] loss: 0.0002 psnr: 35.13 dB  msssim: 0.9809
======  Epoch 365 完成 ======LOSS: 0.0003 | PSNR: 35.13 dB | BEST: 35.91 dB | MSSSIM: 0.9809 | TIME: 60.50秒 | LR: 4.794e-03
epoch [366/1200] batch [1/132] loss: 0.0006 psnr: 32.56 dB  msssim: 0.9641
epoch [366/1200] batch [51/132] loss: 0.0002 psnr: 35.53 dB  msssim: 0.9818
epoch [366/1200] batch [101/132] loss: 0.0002 psnr: 35.60 dB  msssim: 0.9823
epoch [366/1200] batch [132/132] loss: 0.0002 psnr: 35.56 dB  msssim: 0.9821
======  Epoch 366 完成 ======LOSS: 0.0003 | PSNR: 35.56 dB | BEST: 35.91 dB | MSSSIM: 0.9821 | TIME: 60.47秒 | LR: 4.790e-03
epoch [367/1200] batch [1/132] loss: 0.0004 psnr: 34.43 dB  msssim: 0.9781
epoch [367/1200] batch [51/132] loss: 0.0005 psnr: 35.55 dB  msssim: 0.9825
epoch [367/1200] batch [101/132] loss: 0.0004 psnr: 35.48 dB  msssim: 0.9817
epoch [367/1200] batch [132/132] loss: 0.0002 psnr: 35.60 dB  msssim: 0.9820
======  Epoch 367 完成 ======LOSS: 0.0003 | PSNR: 35.60 dB | BEST: 35.91 dB | MSSSIM: 0.9820 | TIME: 60.43秒 | LR: 4.787e-03
epoch [368/1200] batch [1/132] loss: 0.0004 psnr: 34.53 dB  msssim: 0.9796
epoch [368/1200] batch [51/132] loss: 0.0005 psnr: 35.89 dB  msssim: 0.9825
epoch [368/1200] batch [101/132] loss: 0.0001 psnr: 35.79 dB  msssim: 0.9821
epoch [368/1200] batch [132/132] loss: 0.0004 psnr: 35.98 dB  msssim: 0.9829
======  Epoch 368 完成 ======LOSS: 0.0003 | PSNR: 35.98 dB | BEST: 35.98 dB | MSSSIM: 0.9829 | TIME: 60.46秒 | LR: 4.784e-03
epoch [369/1200] batch [1/132] loss: 0.0005 psnr: 33.26 dB  msssim: 0.9693
epoch [369/1200] batch [51/132] loss: 0.0001 psnr: 35.91 dB  msssim: 0.9829
epoch [369/1200] batch [101/132] loss: 0.0001 psnr: 35.93 dB  msssim: 0.9830
epoch [369/1200] batch [132/132] loss: 0.0001 psnr: 35.91 dB  msssim: 0.9828
======  Epoch 369 完成 ======LOSS: 0.0003 | PSNR: 35.91 dB | BEST: 35.98 dB | MSSSIM: 0.9828 | TIME: 60.55秒 | LR: 4.781e-03
epoch [370/1200] batch [1/132] loss: 0.0001 psnr: 39.23 dB  msssim: 0.9928
epoch [370/1200] batch [51/132] loss: 0.0005 psnr: 35.74 dB  msssim: 0.9823
epoch [370/1200] batch [101/132] loss: 0.0006 psnr: 35.77 dB  msssim: 0.9826
epoch [370/1200] batch [132/132] loss: 0.0006 psnr: 35.72 dB  msssim: 0.9823
======  Epoch 370 完成 ======LOSS: 0.0003 | PSNR: 35.72 dB | BEST: 35.98 dB | MSSSIM: 0.9823 | TIME: 60.51秒 | LR: 4.777e-03
epoch [371/1200] batch [1/132] loss: 0.0002 psnr: 38.17 dB  msssim: 0.9913
epoch [371/1200] batch [51/132] loss: 0.0002 psnr: 35.68 dB  msssim: 0.9822
epoch [371/1200] batch [101/132] loss: 0.0002 psnr: 35.78 dB  msssim: 0.9825
epoch [371/1200] batch [132/132] loss: 0.0001 psnr: 35.66 dB  msssim: 0.9820
======  Epoch 371 完成 ======LOSS: 0.0003 | PSNR: 35.66 dB | BEST: 35.98 dB | MSSSIM: 0.9820 | TIME: 60.57秒 | LR: 4.774e-03
epoch [372/1200] batch [1/132] loss: 0.0002 psnr: 36.83 dB  msssim: 0.9893
epoch [372/1200] batch [51/132] loss: 0.0003 psnr: 35.87 dB  msssim: 0.9831
epoch [372/1200] batch [101/132] loss: 0.0004 psnr: 35.67 dB  msssim: 0.9817
epoch [372/1200] batch [132/132] loss: 0.0002 psnr: 35.53 dB  msssim: 0.9814
======  Epoch 372 完成 ======LOSS: 0.0003 | PSNR: 35.53 dB | BEST: 35.98 dB | MSSSIM: 0.9814 | TIME: 60.49秒 | LR: 4.770e-03
epoch [373/1200] batch [1/132] loss: 0.0002 psnr: 36.29 dB  msssim: 0.9857
epoch [373/1200] batch [51/132] loss: 0.0003 psnr: 34.41 dB  msssim: 0.9774
epoch [373/1200] batch [101/132] loss: 0.0002 psnr: 34.50 dB  msssim: 0.9774
epoch [373/1200] batch [132/132] loss: 0.0004 psnr: 34.49 dB  msssim: 0.9775
======  Epoch 373 完成 ======LOSS: 0.0004 | PSNR: 34.49 dB | BEST: 35.98 dB | MSSSIM: 0.9775 | TIME: 60.60秒 | LR: 4.767e-03
epoch [374/1200] batch [1/132] loss: 0.0006 psnr: 32.54 dB  msssim: 0.9674
epoch [374/1200] batch [51/132] loss: 0.0002 psnr: 34.81 dB  msssim: 0.9793
epoch [374/1200] batch [101/132] loss: 0.0003 psnr: 34.88 dB  msssim: 0.9792
epoch [374/1200] batch [132/132] loss: 0.0002 psnr: 34.90 dB  msssim: 0.9792
======  Epoch 374 完成 ======LOSS: 0.0004 | PSNR: 34.90 dB | BEST: 35.98 dB | MSSSIM: 0.9792 | TIME: 60.56秒 | LR: 4.763e-03
epoch [375/1200] batch [1/132] loss: 0.0003 psnr: 35.46 dB  msssim: 0.9834
epoch [375/1200] batch [51/132] loss: 0.0002 psnr: 35.18 dB  msssim: 0.9809
epoch [375/1200] batch [101/132] loss: 0.0005 psnr: 34.98 dB  msssim: 0.9795
epoch [375/1200] batch [132/132] loss: 0.0002 psnr: 34.93 dB  msssim: 0.9793
======  Epoch 375 完成 ======LOSS: 0.0004 | PSNR: 34.93 dB | BEST: 35.98 dB | MSSSIM: 0.9793 | TIME: 60.45秒 | LR: 4.760e-03
epoch [376/1200] batch [1/132] loss: 0.0002 psnr: 37.14 dB  msssim: 0.9901
epoch [376/1200] batch [51/132] loss: 0.0004 psnr: 35.11 dB  msssim: 0.9803
epoch [376/1200] batch [101/132] loss: 0.0005 psnr: 35.27 dB  msssim: 0.9804
epoch [376/1200] batch [132/132] loss: 0.0002 psnr: 35.39 dB  msssim: 0.9808
======  Epoch 376 完成 ======LOSS: 0.0003 | PSNR: 35.39 dB | BEST: 35.98 dB | MSSSIM: 0.9808 | TIME: 60.50秒 | LR: 4.756e-03
epoch [377/1200] batch [1/132] loss: 0.0002 psnr: 37.62 dB  msssim: 0.9914
epoch [377/1200] batch [51/132] loss: 0.0005 psnr: 35.72 dB  msssim: 0.9819
epoch [377/1200] batch [101/132] loss: 0.0001 psnr: 35.93 dB  msssim: 0.9830
epoch [377/1200] batch [132/132] loss: 0.0001 psnr: 35.96 dB  msssim: 0.9830
======  Epoch 377 完成 ======LOSS: 0.0003 | PSNR: 35.96 dB | BEST: 35.98 dB | MSSSIM: 0.9830 | TIME: 60.44秒 | LR: 4.753e-03
epoch [378/1200] batch [1/132] loss: 0.0005 psnr: 32.69 dB  msssim: 0.9697
epoch [378/1200] batch [51/132] loss: 0.0003 psnr: 35.72 dB  msssim: 0.9823
epoch [378/1200] batch [101/132] loss: 0.0002 psnr: 35.99 dB  msssim: 0.9831
epoch [378/1200] batch [132/132] loss: 0.0002 psnr: 36.06 dB  msssim: 0.9833
======  Epoch 378 完成 ======LOSS: 0.0003 | PSNR: 36.06 dB | BEST: 36.06 dB | MSSSIM: 0.9833 | TIME: 60.52秒 | LR: 4.749e-03
epoch [379/1200] batch [1/132] loss: 0.0001 psnr: 38.84 dB  msssim: 0.9926
epoch [379/1200] batch [51/132] loss: 0.0002 psnr: 36.47 dB  msssim: 0.9851
epoch [379/1200] batch [101/132] loss: 0.0002 psnr: 36.09 dB  msssim: 0.9834
epoch [379/1200] batch [132/132] loss: 0.0005 psnr: 36.01 dB  msssim: 0.9831
======  Epoch 379 完成 ======LOSS: 0.0003 | PSNR: 36.01 dB | BEST: 36.06 dB | MSSSIM: 0.9831 | TIME: 60.65秒 | LR: 4.746e-03
epoch [380/1200] batch [1/132] loss: 0.0002 psnr: 36.86 dB  msssim: 0.9875
epoch [380/1200] batch [51/132] loss: 0.0002 psnr: 36.40 dB  msssim: 0.9847
epoch [380/1200] batch [101/132] loss: 0.0005 psnr: 36.17 dB  msssim: 0.9835
epoch [380/1200] batch [132/132] loss: 0.0003 psnr: 36.09 dB  msssim: 0.9833
======  Epoch 380 完成 ======LOSS: 0.0003 | PSNR: 36.09 dB | BEST: 36.09 dB | MSSSIM: 0.9833 | TIME: 60.46秒 | LR: 4.742e-03
epoch [381/1200] batch [1/132] loss: 0.0005 psnr: 33.35 dB  msssim: 0.9710
epoch [381/1200] batch [51/132] loss: 0.0001 psnr: 35.84 dB  msssim: 0.9820
epoch [381/1200] batch [101/132] loss: 0.0003 psnr: 36.11 dB  msssim: 0.9834
epoch [381/1200] batch [132/132] loss: 0.0001 psnr: 36.13 dB  msssim: 0.9835
======  Epoch 381 完成 ======LOSS: 0.0003 | PSNR: 36.13 dB | BEST: 36.13 dB | MSSSIM: 0.9835 | TIME: 60.52秒 | LR: 4.739e-03
epoch [382/1200] batch [1/132] loss: 0.0001 psnr: 39.01 dB  msssim: 0.9925
epoch [382/1200] batch [51/132] loss: 0.0002 psnr: 36.22 dB  msssim: 0.9836
epoch [382/1200] batch [101/132] loss: 0.0003 psnr: 35.96 dB  msssim: 0.9830
epoch [382/1200] batch [132/132] loss: 0.0003 psnr: 35.93 dB  msssim: 0.9832
======  Epoch 382 完成 ======LOSS: 0.0003 | PSNR: 35.93 dB | BEST: 36.13 dB | MSSSIM: 0.9832 | TIME: 60.47秒 | LR: 4.735e-03
epoch [383/1200] batch [1/132] loss: 0.0002 psnr: 37.39 dB  msssim: 0.9907
epoch [383/1200] batch [51/132] loss: 0.0002 psnr: 35.44 dB  msssim: 0.9816
epoch [383/1200] batch [101/132] loss: 0.0003 psnr: 35.66 dB  msssim: 0.9822
epoch [383/1200] batch [132/132] loss: 0.0003 psnr: 35.75 dB  msssim: 0.9825
======  Epoch 383 完成 ======LOSS: 0.0003 | PSNR: 35.75 dB | BEST: 36.13 dB | MSSSIM: 0.9825 | TIME: 60.42秒 | LR: 4.731e-03
epoch [384/1200] batch [1/132] loss: 0.0005 psnr: 33.17 dB  msssim: 0.9725
epoch [384/1200] batch [51/132] loss: 0.0002 psnr: 35.96 dB  msssim: 0.9835
epoch [384/1200] batch [101/132] loss: 0.0005 psnr: 35.92 dB  msssim: 0.9831
epoch [384/1200] batch [132/132] loss: 0.0006 psnr: 35.61 dB  msssim: 0.9824
======  Epoch 384 完成 ======LOSS: 0.0003 | PSNR: 35.61 dB | BEST: 36.13 dB | MSSSIM: 0.9824 | TIME: 60.45秒 | LR: 4.728e-03
epoch [385/1200] batch [1/132] loss: 0.0005 psnr: 32.74 dB  msssim: 0.9775
epoch [385/1200] batch [51/132] loss: 0.0006 psnr: 32.86 dB  msssim: 0.9738
epoch [385/1200] batch [101/132] loss: 0.0004 psnr: 32.77 dB  msssim: 0.9734
epoch [385/1200] batch [132/132] loss: 0.0004 psnr: 33.08 dB  msssim: 0.9744
======  Epoch 385 完成 ======LOSS: 0.0006 | PSNR: 33.08 dB | BEST: 36.13 dB | MSSSIM: 0.9744 | TIME: 60.56秒 | LR: 4.724e-03
epoch [386/1200] batch [1/132] loss: 0.0006 psnr: 32.51 dB  msssim: 0.9650
epoch [386/1200] batch [51/132] loss: 0.0002 psnr: 35.51 dB  msssim: 0.9821
epoch [386/1200] batch [101/132] loss: 0.0005 psnr: 35.33 dB  msssim: 0.9811
epoch [386/1200] batch [132/132] loss: 0.0002 psnr: 35.42 dB  msssim: 0.9813
======  Epoch 386 完成 ======LOSS: 0.0003 | PSNR: 35.42 dB | BEST: 36.13 dB | MSSSIM: 0.9813 | TIME: 60.48秒 | LR: 4.720e-03
epoch [387/1200] batch [1/132] loss: 0.0002 psnr: 37.07 dB  msssim: 0.9889
epoch [387/1200] batch [51/132] loss: 0.0005 psnr: 35.31 dB  msssim: 0.9810
epoch [387/1200] batch [101/132] loss: 0.0002 psnr: 35.83 dB  msssim: 0.9828
epoch [387/1200] batch [132/132] loss: 0.0002 psnr: 35.85 dB  msssim: 0.9827
======  Epoch 387 完成 ======LOSS: 0.0003 | PSNR: 35.85 dB | BEST: 36.13 dB | MSSSIM: 0.9827 | TIME: 60.63秒 | LR: 4.716e-03
epoch [388/1200] batch [1/132] loss: 0.0002 psnr: 37.51 dB  msssim: 0.9913
epoch [388/1200] batch [51/132] loss: 0.0002 psnr: 35.75 dB  msssim: 0.9825
epoch [388/1200] batch [101/132] loss: 0.0005 psnr: 36.04 dB  msssim: 0.9833
epoch [388/1200] batch [132/132] loss: 0.0004 psnr: 35.95 dB  msssim: 0.9829
======  Epoch 388 完成 ======LOSS: 0.0003 | PSNR: 35.95 dB | BEST: 36.13 dB | MSSSIM: 0.9829 | TIME: 60.46秒 | LR: 4.712e-03
epoch [389/1200] batch [1/132] loss: 0.0002 psnr: 37.57 dB  msssim: 0.9895
epoch [389/1200] batch [51/132] loss: 0.0002 psnr: 35.95 dB  msssim: 0.9826
epoch [389/1200] batch [101/132] loss: 0.0001 psnr: 36.16 dB  msssim: 0.9835
epoch [389/1200] batch [132/132] loss: 0.0005 psnr: 36.19 dB  msssim: 0.9836
======  Epoch 389 完成 ======LOSS: 0.0003 | PSNR: 36.19 dB | BEST: 36.19 dB | MSSSIM: 0.9836 | TIME: 60.55秒 | LR: 4.709e-03
epoch [390/1200] batch [1/132] loss: 0.0003 psnr: 34.79 dB  msssim: 0.9798
epoch [390/1200] batch [51/132] loss: 0.0005 psnr: 35.83 dB  msssim: 0.9820
epoch [390/1200] batch [101/132] loss: 0.0003 psnr: 36.18 dB  msssim: 0.9834
epoch [390/1200] batch [132/132] loss: 0.0002 psnr: 36.26 dB  msssim: 0.9837
======  Epoch 390 完成 ======LOSS: 0.0003 | PSNR: 36.26 dB | BEST: 36.26 dB | MSSSIM: 0.9837 | TIME: 60.54秒 | LR: 4.705e-03
epoch [391/1200] batch [1/132] loss: 0.0001 psnr: 39.36 dB  msssim: 0.9929
epoch [391/1200] batch [51/132] loss: 0.0001 psnr: 36.27 dB  msssim: 0.9844
epoch [391/1200] batch [101/132] loss: 0.0002 psnr: 36.21 dB  msssim: 0.9836
epoch [391/1200] batch [132/132] loss: 0.0002 psnr: 36.16 dB  msssim: 0.9834
======  Epoch 391 完成 ======LOSS: 0.0003 | PSNR: 36.16 dB | BEST: 36.26 dB | MSSSIM: 0.9834 | TIME: 60.45秒 | LR: 4.701e-03
epoch [392/1200] batch [1/132] loss: 0.0002 psnr: 38.07 dB  msssim: 0.9912
epoch [392/1200] batch [51/132] loss: 0.0002 psnr: 36.05 dB  msssim: 0.9832
epoch [392/1200] batch [101/132] loss: 0.0001 psnr: 36.09 dB  msssim: 0.9833
epoch [392/1200] batch [132/132] loss: 0.0003 psnr: 36.08 dB  msssim: 0.9833
======  Epoch 392 完成 ======LOSS: 0.0003 | PSNR: 36.08 dB | BEST: 36.26 dB | MSSSIM: 0.9833 | TIME: 60.42秒 | LR: 4.697e-03
epoch [393/1200] batch [1/132] loss: 0.0002 psnr: 38.15 dB  msssim: 0.9911
epoch [393/1200] batch [51/132] loss: 0.0002 psnr: 36.33 dB  msssim: 0.9844
epoch [393/1200] batch [101/132] loss: 0.0003 psnr: 35.99 dB  msssim: 0.9828
epoch [393/1200] batch [132/132] loss: 0.0005 psnr: 35.97 dB  msssim: 0.9829
======  Epoch 393 完成 ======LOSS: 0.0003 | PSNR: 35.97 dB | BEST: 36.26 dB | MSSSIM: 0.9829 | TIME: 60.52秒 | LR: 4.693e-03
epoch [394/1200] batch [1/132] loss: 0.0002 psnr: 37.63 dB  msssim: 0.9899
epoch [394/1200] batch [51/132] loss: 0.0003 psnr: 36.18 dB  msssim: 0.9840
epoch [394/1200] batch [101/132] loss: 0.0002 psnr: 35.84 dB  msssim: 0.9827
epoch [394/1200] batch [132/132] loss: 0.0004 psnr: 35.86 dB  msssim: 0.9828
======  Epoch 394 完成 ======LOSS: 0.0003 | PSNR: 35.86 dB | BEST: 36.26 dB | MSSSIM: 0.9828 | TIME: 60.54秒 | LR: 4.689e-03
epoch [395/1200] batch [1/132] loss: 0.0005 psnr: 33.13 dB  msssim: 0.9698
epoch [395/1200] batch [51/132] loss: 0.0002 psnr: 35.98 dB  msssim: 0.9839
epoch [395/1200] batch [101/132] loss: 0.0003 psnr: 36.02 dB  msssim: 0.9839
epoch [395/1200] batch [132/132] loss: 0.0005 psnr: 35.72 dB  msssim: 0.9826
======  Epoch 395 完成 ======LOSS: 0.0003 | PSNR: 35.72 dB | BEST: 36.26 dB | MSSSIM: 0.9826 | TIME: 60.41秒 | LR: 4.685e-03
epoch [396/1200] batch [1/132] loss: 0.0004 psnr: 33.88 dB  msssim: 0.9753
epoch [396/1200] batch [51/132] loss: 0.0003 psnr: 35.80 dB  msssim: 0.9827
epoch [396/1200] batch [101/132] loss: 0.0004 psnr: 35.71 dB  msssim: 0.9825
epoch [396/1200] batch [132/132] loss: 0.0002 psnr: 35.57 dB  msssim: 0.9820
======  Epoch 396 完成 ======LOSS: 0.0003 | PSNR: 35.57 dB | BEST: 36.26 dB | MSSSIM: 0.9820 | TIME: 60.55秒 | LR: 4.681e-03
epoch [397/1200] batch [1/132] loss: 0.0003 psnr: 34.69 dB  msssim: 0.9821
epoch [397/1200] batch [51/132] loss: 0.0004 psnr: 34.99 dB  msssim: 0.9802
epoch [397/1200] batch [101/132] loss: 0.0002 psnr: 35.14 dB  msssim: 0.9805
epoch [397/1200] batch [132/132] loss: 0.0003 psnr: 35.15 dB  msssim: 0.9806
======  Epoch 397 完成 ======LOSS: 0.0003 | PSNR: 35.15 dB | BEST: 36.26 dB | MSSSIM: 0.9806 | TIME: 60.71秒 | LR: 4.677e-03
epoch [398/1200] batch [1/132] loss: 0.0002 psnr: 37.10 dB  msssim: 0.9913
epoch [398/1200] batch [51/132] loss: 0.0006 psnr: 35.10 dB  msssim: 0.9803
epoch [398/1200] batch [101/132] loss: 0.0001 psnr: 35.54 dB  msssim: 0.9819
epoch [398/1200] batch [132/132] loss: 0.0002 psnr: 35.56 dB  msssim: 0.9820
======  Epoch 398 完成 ======LOSS: 0.0003 | PSNR: 35.56 dB | BEST: 36.26 dB | MSSSIM: 0.9820 | TIME: 60.57秒 | LR: 4.673e-03
epoch [399/1200] batch [1/132] loss: 0.0002 psnr: 36.74 dB  msssim: 0.9914
epoch [399/1200] batch [51/132] loss: 0.0002 psnr: 35.52 dB  msssim: 0.9822
epoch [399/1200] batch [101/132] loss: 0.0005 psnr: 35.64 dB  msssim: 0.9823
epoch [399/1200] batch [132/132] loss: 0.0003 psnr: 35.74 dB  msssim: 0.9825
======  Epoch 399 完成 ======LOSS: 0.0003 | PSNR: 35.74 dB | BEST: 36.26 dB | MSSSIM: 0.9825 | TIME: 60.47秒 | LR: 4.669e-03
epoch [400/1200] batch [1/132] loss: 0.0002 psnr: 38.03 dB  msssim: 0.9913
epoch [400/1200] batch [51/132] loss: 0.0003 psnr: 35.88 dB  msssim: 0.9827
epoch [400/1200] batch [101/132] loss: 0.0005 psnr: 35.85 dB  msssim: 0.9826
epoch [400/1200] batch [132/132] loss: 0.0002 psnr: 35.92 dB  msssim: 0.9829
======  Epoch 400 完成 ======LOSS: 0.0003 | PSNR: 35.92 dB | BEST: 36.26 dB | MSSSIM: 0.9829 | TIME: 60.48秒 | LR: 4.665e-03
Step [1/132] | Val PSNR: 35.45 dB | Val MSSSIM: 0.9827 | FPS: 140.19
Step [51/132] | Val PSNR: 33.98 dB | Val MSSSIM: 0.9750 | FPS: 227.76
Step [101/132] | Val PSNR: 35.48 dB | Val MSSSIM: 0.9810 | FPS: 214.36
Step [132/132] | Val PSNR: 36.08 dB | Val MSSSIM: 0.9834 | FPS: 216.06
== Epoch 400 测试完成 == PSNR: 36.08 dB | BEST: 36.26 dB | MSSSIM: 0.9834 | TIME: 18.75秒 | 
epoch [401/1200] batch [1/132] loss: 0.0002 psnr: 36.62 dB  msssim: 0.9868
epoch [401/1200] batch [51/132] loss: 0.0003 psnr: 35.81 dB  msssim: 0.9826
epoch [401/1200] batch [101/132] loss: 0.0001 psnr: 35.68 dB  msssim: 0.9821
epoch [401/1200] batch [132/132] loss: 0.0003 psnr: 35.87 dB  msssim: 0.9829
======  Epoch 401 完成 ======LOSS: 0.0003 | PSNR: 35.87 dB | BEST: 36.26 dB | MSSSIM: 0.9829 | TIME: 60.51秒 | LR: 4.661e-03
epoch [402/1200] batch [1/132] loss: 0.0002 psnr: 37.24 dB  msssim: 0.9892
epoch [402/1200] batch [51/132] loss: 0.0002 psnr: 36.31 dB  msssim: 0.9847
epoch [402/1200] batch [101/132] loss: 0.0001 psnr: 35.73 dB  msssim: 0.9829
epoch [402/1200] batch [132/132] loss: 0.0002 psnr: 35.73 dB  msssim: 0.9826
======  Epoch 402 完成 ======LOSS: 0.0003 | PSNR: 35.73 dB | BEST: 36.26 dB | MSSSIM: 0.9826 | TIME: 60.52秒 | LR: 4.657e-03
epoch [403/1200] batch [1/132] loss: 0.0001 psnr: 38.27 dB  msssim: 0.9919
epoch [403/1200] batch [51/132] loss: 0.0004 psnr: 35.78 dB  msssim: 0.9828
epoch [403/1200] batch [101/132] loss: 0.0004 psnr: 35.94 dB  msssim: 0.9832
epoch [403/1200] batch [132/132] loss: 0.0002 psnr: 35.88 dB  msssim: 0.9830
======  Epoch 403 完成 ======LOSS: 0.0003 | PSNR: 35.88 dB | BEST: 36.26 dB | MSSSIM: 0.9830 | TIME: 60.68秒 | LR: 4.653e-03
epoch [404/1200] batch [1/132] loss: 0.0002 psnr: 37.52 dB  msssim: 0.9901
epoch [404/1200] batch [51/132] loss: 0.0005 psnr: 35.84 dB  msssim: 0.9827
epoch [404/1200] batch [101/132] loss: 0.0005 psnr: 35.92 dB  msssim: 0.9829
epoch [404/1200] batch [132/132] loss: 0.0004 psnr: 35.94 dB  msssim: 0.9830
======  Epoch 404 完成 ======LOSS: 0.0003 | PSNR: 35.94 dB | BEST: 36.26 dB | MSSSIM: 0.9830 | TIME: 60.48秒 | LR: 4.649e-03
epoch [405/1200] batch [1/132] loss: 0.0003 psnr: 35.60 dB  msssim: 0.9834
epoch [405/1200] batch [51/132] loss: 0.0002 psnr: 36.19 dB  msssim: 0.9841
epoch [405/1200] batch [101/132] loss: 0.0001 psnr: 36.18 dB  msssim: 0.9837
epoch [405/1200] batch [132/132] loss: 0.0006 psnr: 36.21 dB  msssim: 0.9837
======  Epoch 405 完成 ======LOSS: 0.0003 | PSNR: 36.21 dB | BEST: 36.26 dB | MSSSIM: 0.9837 | TIME: 60.47秒 | LR: 4.644e-03
epoch [406/1200] batch [1/132] loss: 0.0001 psnr: 38.95 dB  msssim: 0.9924
epoch [406/1200] batch [51/132] loss: 0.0003 psnr: 36.07 dB  msssim: 0.9841
epoch [406/1200] batch [101/132] loss: 0.0007 psnr: 35.60 dB  msssim: 0.9825
epoch [406/1200] batch [132/132] loss: 0.0006 psnr: 35.55 dB  msssim: 0.9825
======  Epoch 406 完成 ======LOSS: 0.0003 | PSNR: 35.55 dB | BEST: 36.26 dB | MSSSIM: 0.9825 | TIME: 60.56秒 | LR: 4.640e-03
epoch [407/1200] batch [1/132] loss: 0.0002 psnr: 37.10 dB  msssim: 0.9895
epoch [407/1200] batch [51/132] loss: 0.0002 psnr: 34.77 dB  msssim: 0.9783
epoch [407/1200] batch [101/132] loss: 0.0001 psnr: 35.35 dB  msssim: 0.9807
epoch [407/1200] batch [132/132] loss: 0.0005 psnr: 35.67 dB  msssim: 0.9819
======  Epoch 407 完成 ======LOSS: 0.0003 | PSNR: 35.67 dB | BEST: 36.26 dB | MSSSIM: 0.9819 | TIME: 60.58秒 | LR: 4.636e-03
epoch [408/1200] batch [1/132] loss: 0.0003 psnr: 35.87 dB  msssim: 0.9833
epoch [408/1200] batch [51/132] loss: 0.0001 psnr: 35.95 dB  msssim: 0.9835
epoch [408/1200] batch [101/132] loss: 0.0002 psnr: 36.22 dB  msssim: 0.9841
epoch [408/1200] batch [132/132] loss: 0.0002 psnr: 36.11 dB  msssim: 0.9835
======  Epoch 408 完成 ======LOSS: 0.0003 | PSNR: 36.11 dB | BEST: 36.26 dB | MSSSIM: 0.9835 | TIME: 60.53秒 | LR: 4.632e-03
epoch [409/1200] batch [1/132] loss: 0.0002 psnr: 37.96 dB  msssim: 0.9901
epoch [409/1200] batch [51/132] loss: 0.0002 psnr: 36.01 dB  msssim: 0.9828
epoch [409/1200] batch [101/132] loss: 0.0002 psnr: 36.03 dB  msssim: 0.9833
epoch [409/1200] batch [132/132] loss: 0.0001 psnr: 36.03 dB  msssim: 0.9833
======  Epoch 409 完成 ======LOSS: 0.0003 | PSNR: 36.03 dB | BEST: 36.26 dB | MSSSIM: 0.9833 | TIME: 60.52秒 | LR: 4.627e-03
epoch [410/1200] batch [1/132] loss: 0.0003 psnr: 35.73 dB  msssim: 0.9849
epoch [410/1200] batch [51/132] loss: 0.0001 psnr: 36.47 dB  msssim: 0.9851
epoch [410/1200] batch [101/132] loss: 0.0005 psnr: 36.29 dB  msssim: 0.9843
epoch [410/1200] batch [132/132] loss: 0.0004 psnr: 36.05 dB  msssim: 0.9835
======  Epoch 410 完成 ======LOSS: 0.0003 | PSNR: 36.05 dB | BEST: 36.26 dB | MSSSIM: 0.9835 | TIME: 60.44秒 | LR: 4.623e-03
epoch [411/1200] batch [1/132] loss: 0.0006 psnr: 32.31 dB  msssim: 0.9686
epoch [411/1200] batch [51/132] loss: 0.0002 psnr: 36.08 dB  msssim: 0.9846
epoch [411/1200] batch [101/132] loss: 0.0005 psnr: 35.53 dB  msssim: 0.9822
epoch [411/1200] batch [132/132] loss: 0.0002 psnr: 35.55 dB  msssim: 0.9823
======  Epoch 411 完成 ======LOSS: 0.0003 | PSNR: 35.55 dB | BEST: 36.26 dB | MSSSIM: 0.9823 | TIME: 60.49秒 | LR: 4.619e-03
epoch [412/1200] batch [1/132] loss: 0.0005 psnr: 33.43 dB  msssim: 0.9750
epoch [412/1200] batch [51/132] loss: 0.0002 psnr: 36.11 dB  msssim: 0.9838
epoch [412/1200] batch [101/132] loss: 0.0004 psnr: 35.68 dB  msssim: 0.9823
epoch [412/1200] batch [132/132] loss: 0.0003 psnr: 35.66 dB  msssim: 0.9823
======  Epoch 412 完成 ======LOSS: 0.0003 | PSNR: 35.66 dB | BEST: 36.26 dB | MSSSIM: 0.9823 | TIME: 60.46秒 | LR: 4.614e-03
epoch [413/1200] batch [1/132] loss: 0.0005 psnr: 33.18 dB  msssim: 0.9716
epoch [413/1200] batch [51/132] loss: 0.0002 psnr: 35.20 dB  msssim: 0.9810
epoch [413/1200] batch [101/132] loss: 0.0005 psnr: 35.42 dB  msssim: 0.9816
epoch [413/1200] batch [132/132] loss: 0.0003 psnr: 35.53 dB  msssim: 0.9820
======  Epoch 413 完成 ======LOSS: 0.0003 | PSNR: 35.53 dB | BEST: 36.26 dB | MSSSIM: 0.9820 | TIME: 60.54秒 | LR: 4.610e-03
epoch [414/1200] batch [1/132] loss: 0.0001 psnr: 38.59 dB  msssim: 0.9920
epoch [414/1200] batch [51/132] loss: 0.0002 psnr: 35.77 dB  msssim: 0.9827
epoch [414/1200] batch [101/132] loss: 0.0002 psnr: 35.95 dB  msssim: 0.9831
epoch [414/1200] batch [132/132] loss: 0.0002 psnr: 35.91 dB  msssim: 0.9829
======  Epoch 414 完成 ======LOSS: 0.0003 | PSNR: 35.91 dB | BEST: 36.26 dB | MSSSIM: 0.9829 | TIME: 60.39秒 | LR: 4.606e-03
epoch [415/1200] batch [1/132] loss: 0.0003 psnr: 35.57 dB  msssim: 0.9843
epoch [415/1200] batch [51/132] loss: 0.0005 psnr: 35.17 dB  msssim: 0.9819
epoch [415/1200] batch [101/132] loss: 0.0003 psnr: 35.28 dB  msssim: 0.9822
epoch [415/1200] batch [132/132] loss: 0.0002 psnr: 35.41 dB  msssim: 0.9824
======  Epoch 415 完成 ======LOSS: 0.0003 | PSNR: 35.41 dB | BEST: 36.26 dB | MSSSIM: 0.9824 | TIME: 60.52秒 | LR: 4.601e-03
epoch [416/1200] batch [1/132] loss: 0.0005 psnr: 33.34 dB  msssim: 0.9724
epoch [416/1200] batch [51/132] loss: 0.0004 psnr: 36.05 dB  msssim: 0.9838
epoch [416/1200] batch [101/132] loss: 0.0001 psnr: 35.95 dB  msssim: 0.9834
epoch [416/1200] batch [132/132] loss: 0.0002 psnr: 35.80 dB  msssim: 0.9828
======  Epoch 416 完成 ======LOSS: 0.0003 | PSNR: 35.80 dB | BEST: 36.26 dB | MSSSIM: 0.9828 | TIME: 60.48秒 | LR: 4.597e-03
epoch [417/1200] batch [1/132] loss: 0.0001 psnr: 38.84 dB  msssim: 0.9922
epoch [417/1200] batch [51/132] loss: 0.0001 psnr: 36.26 dB  msssim: 0.9841
epoch [417/1200] batch [101/132] loss: 0.0004 psnr: 36.02 dB  msssim: 0.9830
epoch [417/1200] batch [132/132] loss: 0.0003 psnr: 36.05 dB  msssim: 0.9832
======  Epoch 417 完成 ======LOSS: 0.0003 | PSNR: 36.05 dB | BEST: 36.26 dB | MSSSIM: 0.9832 | TIME: 60.49秒 | LR: 4.592e-03
epoch [418/1200] batch [1/132] loss: 0.0005 psnr: 32.68 dB  msssim: 0.9701
epoch [418/1200] batch [51/132] loss: 0.0002 psnr: 36.46 dB  msssim: 0.9848
epoch [418/1200] batch [101/132] loss: 0.0002 psnr: 36.12 dB  msssim: 0.9836
epoch [418/1200] batch [132/132] loss: 0.0001 psnr: 35.99 dB  msssim: 0.9832
======  Epoch 418 完成 ======LOSS: 0.0003 | PSNR: 35.99 dB | BEST: 36.26 dB | MSSSIM: 0.9832 | TIME: 60.36秒 | LR: 4.588e-03
epoch [419/1200] batch [1/132] loss: 0.0002 psnr: 37.48 dB  msssim: 0.9895
epoch [419/1200] batch [51/132] loss: 0.0002 psnr: 35.71 dB  msssim: 0.9825
epoch [419/1200] batch [101/132] loss: 0.0002 psnr: 36.06 dB  msssim: 0.9837
epoch [419/1200] batch [132/132] loss: 0.0003 psnr: 35.99 dB  msssim: 0.9833
======  Epoch 419 完成 ======LOSS: 0.0003 | PSNR: 35.99 dB | BEST: 36.26 dB | MSSSIM: 0.9833 | TIME: 60.57秒 | LR: 4.583e-03
epoch [420/1200] batch [1/132] loss: 0.0004 psnr: 34.55 dB  msssim: 0.9798
epoch [420/1200] batch [51/132] loss: 0.0002 psnr: 36.10 dB  msssim: 0.9832
epoch [420/1200] batch [101/132] loss: 0.0003 psnr: 36.11 dB  msssim: 0.9834
epoch [420/1200] batch [132/132] loss: 0.0001 psnr: 36.14 dB  msssim: 0.9836
======  Epoch 420 完成 ======LOSS: 0.0003 | PSNR: 36.14 dB | BEST: 36.26 dB | MSSSIM: 0.9836 | TIME: 60.70秒 | LR: 4.579e-03
epoch [421/1200] batch [1/132] loss: 0.0001 psnr: 38.83 dB  msssim: 0.9927
epoch [421/1200] batch [51/132] loss: 0.0001 psnr: 36.17 dB  msssim: 0.9836
epoch [421/1200] batch [101/132] loss: 0.0001 psnr: 36.15 dB  msssim: 0.9833
epoch [421/1200] batch [132/132] loss: 0.0002 psnr: 36.28 dB  msssim: 0.9840
======  Epoch 421 完成 ======LOSS: 0.0003 | PSNR: 36.28 dB | BEST: 36.28 dB | MSSSIM: 0.9840 | TIME: 60.56秒 | LR: 4.574e-03
epoch [422/1200] batch [1/132] loss: 0.0001 psnr: 38.69 dB  msssim: 0.9925
epoch [422/1200] batch [51/132] loss: 0.0002 psnr: 36.60 dB  msssim: 0.9853
epoch [422/1200] batch [101/132] loss: 0.0005 psnr: 36.18 dB  msssim: 0.9839
epoch [422/1200] batch [132/132] loss: 0.0005 psnr: 36.10 dB  msssim: 0.9837
======  Epoch 422 完成 ======LOSS: 0.0003 | PSNR: 36.10 dB | BEST: 36.28 dB | MSSSIM: 0.9837 | TIME: 60.48秒 | LR: 4.570e-03
epoch [423/1200] batch [1/132] loss: 0.0003 psnr: 34.72 dB  msssim: 0.9794
epoch [423/1200] batch [51/132] loss: 0.0005 psnr: 35.86 dB  msssim: 0.9831
epoch [423/1200] batch [101/132] loss: 0.0005 psnr: 36.10 dB  msssim: 0.9839
epoch [423/1200] batch [132/132] loss: 0.0005 psnr: 35.98 dB  msssim: 0.9834
======  Epoch 423 完成 ======LOSS: 0.0003 | PSNR: 35.98 dB | BEST: 36.28 dB | MSSSIM: 0.9834 | TIME: 60.58秒 | LR: 4.565e-03
epoch [424/1200] batch [1/132] loss: 0.0002 psnr: 37.84 dB  msssim: 0.9911
epoch [424/1200] batch [51/132] loss: 0.0005 psnr: 35.71 dB  msssim: 0.9834
epoch [424/1200] batch [101/132] loss: 0.0002 psnr: 35.63 dB  msssim: 0.9827
epoch [424/1200] batch [132/132] loss: 0.0001 psnr: 35.61 dB  msssim: 0.9826
======  Epoch 424 完成 ======LOSS: 0.0003 | PSNR: 35.61 dB | BEST: 36.28 dB | MSSSIM: 0.9826 | TIME: 60.54秒 | LR: 4.560e-03
epoch [425/1200] batch [1/132] loss: 0.0003 psnr: 35.87 dB  msssim: 0.9844
epoch [425/1200] batch [51/132] loss: 0.0001 psnr: 36.01 dB  msssim: 0.9833
epoch [425/1200] batch [101/132] loss: 0.0003 psnr: 35.87 dB  msssim: 0.9828
epoch [425/1200] batch [132/132] loss: 0.0001 psnr: 35.94 dB  msssim: 0.9831
======  Epoch 425 完成 ======LOSS: 0.0003 | PSNR: 35.94 dB | BEST: 36.28 dB | MSSSIM: 0.9831 | TIME: 60.54秒 | LR: 4.556e-03
epoch [426/1200] batch [1/132] loss: 0.0002 psnr: 36.60 dB  msssim: 0.9870
epoch [426/1200] batch [51/132] loss: 0.0003 psnr: 36.49 dB  msssim: 0.9850
epoch [426/1200] batch [101/132] loss: 0.0001 psnr: 36.06 dB  msssim: 0.9833
epoch [426/1200] batch [132/132] loss: 0.0001 psnr: 36.11 dB  msssim: 0.9836
======  Epoch 426 完成 ======LOSS: 0.0003 | PSNR: 36.11 dB | BEST: 36.28 dB | MSSSIM: 0.9836 | TIME: 60.58秒 | LR: 4.551e-03
epoch [427/1200] batch [1/132] loss: 0.0005 psnr: 32.82 dB  msssim: 0.9672
epoch [427/1200] batch [51/132] loss: 0.0003 psnr: 36.09 dB  msssim: 0.9841
epoch [427/1200] batch [101/132] loss: 0.0003 psnr: 35.88 dB  msssim: 0.9831
epoch [427/1200] batch [132/132] loss: 0.0002 psnr: 35.86 dB  msssim: 0.9832
======  Epoch 427 完成 ======LOSS: 0.0003 | PSNR: 35.86 dB | BEST: 36.28 dB | MSSSIM: 0.9832 | TIME: 60.45秒 | LR: 4.546e-03
epoch [428/1200] batch [1/132] loss: 0.0006 psnr: 32.48 dB  msssim: 0.9657
epoch [428/1200] batch [51/132] loss: 0.0005 psnr: 35.38 dB  msssim: 0.9821
epoch [428/1200] batch [101/132] loss: 0.0002 psnr: 35.67 dB  msssim: 0.9830
epoch [428/1200] batch [132/132] loss: 0.0002 psnr: 35.72 dB  msssim: 0.9830
======  Epoch 428 完成 ======LOSS: 0.0003 | PSNR: 35.72 dB | BEST: 36.28 dB | MSSSIM: 0.9830 | TIME: 60.45秒 | LR: 4.542e-03
epoch [429/1200] batch [1/132] loss: 0.0005 psnr: 33.42 dB  msssim: 0.9713
epoch [429/1200] batch [51/132] loss: 0.0002 psnr: 35.67 dB  msssim: 0.9822
epoch [429/1200] batch [101/132] loss: 0.0002 psnr: 36.27 dB  msssim: 0.9842
epoch [429/1200] batch [132/132] loss: 0.0002 psnr: 36.09 dB  msssim: 0.9833
======  Epoch 429 完成 ======LOSS: 0.0003 | PSNR: 36.09 dB | BEST: 36.28 dB | MSSSIM: 0.9833 | TIME: 60.33秒 | LR: 4.537e-03
epoch [430/1200] batch [1/132] loss: 0.0003 psnr: 35.55 dB  msssim: 0.9843
epoch [430/1200] batch [51/132] loss: 0.0003 psnr: 35.35 dB  msssim: 0.9804
epoch [430/1200] batch [101/132] loss: 0.0004 psnr: 36.18 dB  msssim: 0.9837
epoch [430/1200] batch [132/132] loss: 0.0005 psnr: 36.22 dB  msssim: 0.9838
======  Epoch 430 完成 ======LOSS: 0.0003 | PSNR: 36.22 dB | BEST: 36.28 dB | MSSSIM: 0.9838 | TIME: 60.33秒 | LR: 4.532e-03
epoch [431/1200] batch [1/132] loss: 0.0001 psnr: 38.74 dB  msssim: 0.9928
epoch [431/1200] batch [51/132] loss: 0.0001 psnr: 36.38 dB  msssim: 0.9849
epoch [431/1200] batch [101/132] loss: 0.0002 psnr: 36.38 dB  msssim: 0.9847
epoch [431/1200] batch [132/132] loss: 0.0001 psnr: 36.24 dB  msssim: 0.9839
======  Epoch 431 完成 ======LOSS: 0.0003 | PSNR: 36.24 dB | BEST: 36.28 dB | MSSSIM: 0.9839 | TIME: 60.45秒 | LR: 4.527e-03
epoch [432/1200] batch [1/132] loss: 0.0002 psnr: 38.16 dB  msssim: 0.9913
epoch [432/1200] batch [51/132] loss: 0.0001 psnr: 36.08 dB  msssim: 0.9832
epoch [432/1200] batch [101/132] loss: 0.0002 psnr: 36.18 dB  msssim: 0.9837
epoch [432/1200] batch [132/132] loss: 0.0004 psnr: 36.06 dB  msssim: 0.9832
======  Epoch 432 完成 ======LOSS: 0.0003 | PSNR: 36.06 dB | BEST: 36.28 dB | MSSSIM: 0.9832 | TIME: 60.45秒 | LR: 4.523e-03
epoch [433/1200] batch [1/132] loss: 0.0002 psnr: 38.02 dB  msssim: 0.9903
epoch [433/1200] batch [51/132] loss: 0.0001 psnr: 36.37 dB  msssim: 0.9845
epoch [433/1200] batch [101/132] loss: 0.0006 psnr: 36.02 dB  msssim: 0.9835
epoch [433/1200] batch [132/132] loss: 0.0002 psnr: 35.96 dB  msssim: 0.9835
======  Epoch 433 完成 ======LOSS: 0.0003 | PSNR: 35.96 dB | BEST: 36.28 dB | MSSSIM: 0.9835 | TIME: 60.47秒 | LR: 4.518e-03
epoch [434/1200] batch [1/132] loss: 0.0005 psnr: 33.04 dB  msssim: 0.9697
epoch [434/1200] batch [51/132] loss: 0.0005 psnr: 35.27 dB  msssim: 0.9817
epoch [434/1200] batch [101/132] loss: 0.0002 psnr: 35.57 dB  msssim: 0.9825
epoch [434/1200] batch [132/132] loss: 0.0004 psnr: 35.49 dB  msssim: 0.9826
======  Epoch 434 完成 ======LOSS: 0.0003 | PSNR: 35.49 dB | BEST: 36.28 dB | MSSSIM: 0.9826 | TIME: 60.49秒 | LR: 4.513e-03
epoch [435/1200] batch [1/132] loss: 0.0003 psnr: 35.38 dB  msssim: 0.9833
epoch [435/1200] batch [51/132] loss: 0.0003 psnr: 35.50 dB  msssim: 0.9824
epoch [435/1200] batch [101/132] loss: 0.0006 psnr: 35.82 dB  msssim: 0.9831
epoch [435/1200] batch [132/132] loss: 0.0001 psnr: 35.76 dB  msssim: 0.9828
======  Epoch 435 完成 ======LOSS: 0.0003 | PSNR: 35.76 dB | BEST: 36.28 dB | MSSSIM: 0.9828 | TIME: 60.46秒 | LR: 4.508e-03
epoch [436/1200] batch [1/132] loss: 0.0002 psnr: 37.18 dB  msssim: 0.9890
epoch [436/1200] batch [51/132] loss: 0.0004 psnr: 35.98 dB  msssim: 0.9831
epoch [436/1200] batch [101/132] loss: 0.0002 psnr: 35.99 dB  msssim: 0.9832
epoch [436/1200] batch [132/132] loss: 0.0004 psnr: 35.83 dB  msssim: 0.9829
======  Epoch 436 完成 ======LOSS: 0.0003 | PSNR: 35.83 dB | BEST: 36.28 dB | MSSSIM: 0.9829 | TIME: 60.58秒 | LR: 4.503e-03
epoch [437/1200] batch [1/132] loss: 0.0002 psnr: 36.14 dB  msssim: 0.9860
epoch [437/1200] batch [51/132] loss: 0.0004 psnr: 35.85 dB  msssim: 0.9836
epoch [437/1200] batch [101/132] loss: 0.0001 psnr: 35.97 dB  msssim: 0.9836
epoch [437/1200] batch [132/132] loss: 0.0002 psnr: 35.93 dB  msssim: 0.9832
======  Epoch 437 完成 ======LOSS: 0.0003 | PSNR: 35.93 dB | BEST: 36.28 dB | MSSSIM: 0.9832 | TIME: 60.65秒 | LR: 4.498e-03
epoch [438/1200] batch [1/132] loss: 0.0001 psnr: 38.29 dB  msssim: 0.9918
epoch [438/1200] batch [51/132] loss: 0.0003 psnr: 36.89 dB  msssim: 0.9863
epoch [438/1200] batch [101/132] loss: 0.0001 psnr: 36.23 dB  msssim: 0.9839
epoch [438/1200] batch [132/132] loss: 0.0003 psnr: 36.25 dB  msssim: 0.9840
======  Epoch 438 完成 ======LOSS: 0.0003 | PSNR: 36.25 dB | BEST: 36.28 dB | MSSSIM: 0.9840 | TIME: 60.43秒 | LR: 4.493e-03
epoch [439/1200] batch [1/132] loss: 0.0004 psnr: 34.49 dB  msssim: 0.9794
epoch [439/1200] batch [51/132] loss: 0.0006 psnr: 36.17 dB  msssim: 0.9842
epoch [439/1200] batch [101/132] loss: 0.0002 psnr: 36.08 dB  msssim: 0.9838
epoch [439/1200] batch [132/132] loss: 0.0001 psnr: 35.98 dB  msssim: 0.9834
======  Epoch 439 完成 ======LOSS: 0.0003 | PSNR: 35.98 dB | BEST: 36.28 dB | MSSSIM: 0.9834 | TIME: 60.54秒 | LR: 4.488e-03
epoch [440/1200] batch [1/132] loss: 0.0005 psnr: 32.97 dB  msssim: 0.9701
epoch [440/1200] batch [51/132] loss: 0.0001 psnr: 35.95 dB  msssim: 0.9843
epoch [440/1200] batch [101/132] loss: 0.0001 psnr: 35.79 dB  msssim: 0.9832
epoch [440/1200] batch [132/132] loss: 0.0001 psnr: 35.86 dB  msssim: 0.9832
======  Epoch 440 完成 ======LOSS: 0.0003 | PSNR: 35.86 dB | BEST: 36.28 dB | MSSSIM: 0.9832 | TIME: 60.51秒 | LR: 4.483e-03
epoch [441/1200] batch [1/132] loss: 0.0002 psnr: 37.59 dB  msssim: 0.9895
epoch [441/1200] batch [51/132] loss: 0.0004 psnr: 36.16 dB  msssim: 0.9841
epoch [441/1200] batch [101/132] loss: 0.0002 psnr: 36.15 dB  msssim: 0.9838
epoch [441/1200] batch [132/132] loss: 0.0005 psnr: 36.13 dB  msssim: 0.9837
======  Epoch 441 完成 ======LOSS: 0.0003 | PSNR: 36.13 dB | BEST: 36.28 dB | MSSSIM: 0.9837 | TIME: 60.52秒 | LR: 4.478e-03
epoch [442/1200] batch [1/132] loss: 0.0003 psnr: 35.14 dB  msssim: 0.9821
epoch [442/1200] batch [51/132] loss: 0.0001 psnr: 36.09 dB  msssim: 0.9832
epoch [442/1200] batch [101/132] loss: 0.0001 psnr: 36.09 dB  msssim: 0.9834
epoch [442/1200] batch [132/132] loss: 0.0002 psnr: 36.11 dB  msssim: 0.9835
======  Epoch 442 完成 ======LOSS: 0.0003 | PSNR: 36.11 dB | BEST: 36.28 dB | MSSSIM: 0.9835 | TIME: 60.52秒 | LR: 4.473e-03
epoch [443/1200] batch [1/132] loss: 0.0002 psnr: 36.09 dB  msssim: 0.9859
epoch [443/1200] batch [51/132] loss: 0.0005 psnr: 36.33 dB  msssim: 0.9842
epoch [443/1200] batch [101/132] loss: 0.0002 psnr: 35.95 dB  msssim: 0.9831
epoch [443/1200] batch [132/132] loss: 0.0001 psnr: 36.00 dB  msssim: 0.9834
======  Epoch 443 完成 ======LOSS: 0.0003 | PSNR: 36.00 dB | BEST: 36.28 dB | MSSSIM: 0.9834 | TIME: 60.59秒 | LR: 4.468e-03
epoch [444/1200] batch [1/132] loss: 0.0003 psnr: 34.90 dB  msssim: 0.9812
epoch [444/1200] batch [51/132] loss: 0.0002 psnr: 36.20 dB  msssim: 0.9838
epoch [444/1200] batch [101/132] loss: 0.0002 psnr: 35.94 dB  msssim: 0.9834
epoch [444/1200] batch [132/132] loss: 0.0004 psnr: 35.77 dB  msssim: 0.9830
======  Epoch 444 完成 ======LOSS: 0.0003 | PSNR: 35.77 dB | BEST: 36.28 dB | MSSSIM: 0.9830 | TIME: 60.50秒 | LR: 4.463e-03
epoch [445/1200] batch [1/132] loss: 0.0003 psnr: 35.42 dB  msssim: 0.9909
epoch [445/1200] batch [51/132] loss: 0.0005 psnr: 36.00 dB  msssim: 0.9834
epoch [445/1200] batch [101/132] loss: 0.0002 psnr: 35.98 dB  msssim: 0.9835
epoch [445/1200] batch [132/132] loss: 0.0003 psnr: 36.03 dB  msssim: 0.9836
======  Epoch 445 完成 ======LOSS: 0.0003 | PSNR: 36.03 dB | BEST: 36.28 dB | MSSSIM: 0.9836 | TIME: 60.60秒 | LR: 4.458e-03
epoch [446/1200] batch [1/132] loss: 0.0003 psnr: 34.57 dB  msssim: 0.9793
epoch [446/1200] batch [51/132] loss: 0.0003 psnr: 36.42 dB  msssim: 0.9850
epoch [446/1200] batch [101/132] loss: 0.0005 psnr: 36.21 dB  msssim: 0.9843
epoch [446/1200] batch [132/132] loss: 0.0002 psnr: 36.17 dB  msssim: 0.9840
======  Epoch 446 完成 ======LOSS: 0.0003 | PSNR: 36.17 dB | BEST: 36.28 dB | MSSSIM: 0.9840 | TIME: 60.68秒 | LR: 4.453e-03
epoch [447/1200] batch [1/132] loss: 0.0001 psnr: 38.68 dB  msssim: 0.9929
epoch [447/1200] batch [51/132] loss: 0.0002 psnr: 36.73 dB  msssim: 0.9859
epoch [447/1200] batch [101/132] loss: 0.0004 psnr: 36.19 dB  msssim: 0.9841
epoch [447/1200] batch [132/132] loss: 0.0004 psnr: 36.04 dB  msssim: 0.9837
======  Epoch 447 完成 ======LOSS: 0.0003 | PSNR: 36.04 dB | BEST: 36.28 dB | MSSSIM: 0.9837 | TIME: 60.54秒 | LR: 4.448e-03
epoch [448/1200] batch [1/132] loss: 0.0001 psnr: 38.38 dB  msssim: 0.9924
epoch [448/1200] batch [51/132] loss: 0.0002 psnr: 35.90 dB  msssim: 0.9830
epoch [448/1200] batch [101/132] loss: 0.0002 psnr: 35.78 dB  msssim: 0.9828
epoch [448/1200] batch [132/132] loss: 0.0001 psnr: 35.91 dB  msssim: 0.9832
======  Epoch 448 完成 ======LOSS: 0.0003 | PSNR: 35.91 dB | BEST: 36.28 dB | MSSSIM: 0.9832 | TIME: 60.38秒 | LR: 4.443e-03
epoch [449/1200] batch [1/132] loss: 0.0001 psnr: 39.01 dB  msssim: 0.9930
epoch [449/1200] batch [51/132] loss: 0.0001 psnr: 36.42 dB  msssim: 0.9851
epoch [449/1200] batch [101/132] loss: 0.0003 psnr: 36.12 dB  msssim: 0.9841
epoch [449/1200] batch [132/132] loss: 0.0003 psnr: 36.01 dB  msssim: 0.9835
======  Epoch 449 完成 ======LOSS: 0.0003 | PSNR: 36.01 dB | BEST: 36.28 dB | MSSSIM: 0.9835 | TIME: 60.47秒 | LR: 4.438e-03
epoch [450/1200] batch [1/132] loss: 0.0004 psnr: 34.15 dB  msssim: 0.9776
epoch [450/1200] batch [51/132] loss: 0.0001 psnr: 36.32 dB  msssim: 0.9844
epoch [450/1200] batch [101/132] loss: 0.0002 psnr: 36.41 dB  msssim: 0.9847
epoch [450/1200] batch [132/132] loss: 0.0003 psnr: 36.10 dB  msssim: 0.9836
======  Epoch 450 完成 ======LOSS: 0.0003 | PSNR: 36.10 dB | BEST: 36.28 dB | MSSSIM: 0.9836 | TIME: 60.44秒 | LR: 4.433e-03
Step [1/132] | Val PSNR: 35.65 dB | Val MSSSIM: 0.9835 | FPS: 76.20
Step [51/132] | Val PSNR: 34.33 dB | Val MSSSIM: 0.9769 | FPS: 181.45
Step [101/132] | Val PSNR: 35.65 dB | Val MSSSIM: 0.9822 | FPS: 176.30
Step [132/132] | Val PSNR: 36.22 dB | Val MSSSIM: 0.9843 | FPS: 181.86
== Epoch 450 测试完成 == PSNR: 36.22 dB | BEST: 36.28 dB | MSSSIM: 0.9843 | TIME: 18.87秒 | 
epoch [451/1200] batch [1/132] loss: 0.0002 psnr: 37.15 dB  msssim: 0.9885
epoch [451/1200] batch [51/132] loss: 0.0005 psnr: 36.55 dB  msssim: 0.9857
epoch [451/1200] batch [101/132] loss: 0.0005 psnr: 36.41 dB  msssim: 0.9852
epoch [451/1200] batch [132/132] loss: 0.0003 psnr: 35.91 dB  msssim: 0.9834
======  Epoch 451 完成 ======LOSS: 0.0003 | PSNR: 35.91 dB | BEST: 36.28 dB | MSSSIM: 0.9834 | TIME: 60.40秒 | LR: 4.427e-03
epoch [452/1200] batch [1/132] loss: 0.0004 psnr: 33.82 dB  msssim: 0.9763
epoch [452/1200] batch [51/132] loss: 0.0003 psnr: 35.29 dB  msssim: 0.9825
epoch [452/1200] batch [101/132] loss: 0.0005 psnr: 35.70 dB  msssim: 0.9833
epoch [452/1200] batch [132/132] loss: 0.0002 psnr: 35.73 dB  msssim: 0.9831
======  Epoch 452 完成 ======LOSS: 0.0003 | PSNR: 35.73 dB | BEST: 36.28 dB | MSSSIM: 0.9831 | TIME: 60.46秒 | LR: 4.422e-03
epoch [453/1200] batch [1/132] loss: 0.0003 psnr: 34.87 dB  msssim: 0.9801
epoch [453/1200] batch [51/132] loss: 0.0002 psnr: 36.09 dB  msssim: 0.9842
epoch [453/1200] batch [101/132] loss: 0.0002 psnr: 36.25 dB  msssim: 0.9844
epoch [453/1200] batch [132/132] loss: 0.0005 psnr: 36.20 dB  msssim: 0.9840
======  Epoch 453 完成 ======LOSS: 0.0003 | PSNR: 36.20 dB | BEST: 36.28 dB | MSSSIM: 0.9840 | TIME: 60.40秒 | LR: 4.417e-03
epoch [454/1200] batch [1/132] loss: 0.0001 psnr: 38.92 dB  msssim: 0.9922
epoch [454/1200] batch [51/132] loss: 0.0001 psnr: 36.32 dB  msssim: 0.9843
epoch [454/1200] batch [101/132] loss: 0.0003 psnr: 36.47 dB  msssim: 0.9848
epoch [454/1200] batch [132/132] loss: 0.0002 psnr: 36.28 dB  msssim: 0.9841
======  Epoch 454 完成 ======LOSS: 0.0003 | PSNR: 36.28 dB | BEST: 36.28 dB | MSSSIM: 0.9841 | TIME: 60.40秒 | LR: 4.412e-03
epoch [455/1200] batch [1/132] loss: 0.0002 psnr: 38.03 dB  msssim: 0.9918
epoch [455/1200] batch [51/132] loss: 0.0001 psnr: 36.41 dB  msssim: 0.9847
epoch [455/1200] batch [101/132] loss: 0.0002 psnr: 36.40 dB  msssim: 0.9845
epoch [455/1200] batch [132/132] loss: 0.0001 psnr: 36.25 dB  msssim: 0.9841
======  Epoch 455 完成 ======LOSS: 0.0003 | PSNR: 36.25 dB | BEST: 36.28 dB | MSSSIM: 0.9841 | TIME: 60.45秒 | LR: 4.406e-03
epoch [456/1200] batch [1/132] loss: 0.0004 psnr: 34.36 dB  msssim: 0.9795
epoch [456/1200] batch [51/132] loss: 0.0003 psnr: 35.94 dB  msssim: 0.9835
epoch [456/1200] batch [101/132] loss: 0.0003 psnr: 36.13 dB  msssim: 0.9840
epoch [456/1200] batch [132/132] loss: 0.0002 psnr: 36.06 dB  msssim: 0.9837
======  Epoch 456 完成 ======LOSS: 0.0003 | PSNR: 36.06 dB | BEST: 36.28 dB | MSSSIM: 0.9837 | TIME: 60.45秒 | LR: 4.401e-03
epoch [457/1200] batch [1/132] loss: 0.0001 psnr: 39.42 dB  msssim: 0.9931
epoch [457/1200] batch [51/132] loss: 0.0005 psnr: 35.94 dB  msssim: 0.9831
epoch [457/1200] batch [101/132] loss: 0.0001 psnr: 36.09 dB  msssim: 0.9837
epoch [457/1200] batch [132/132] loss: 0.0003 psnr: 36.18 dB  msssim: 0.9839
======  Epoch 457 完成 ======LOSS: 0.0003 | PSNR: 36.18 dB | BEST: 36.28 dB | MSSSIM: 0.9839 | TIME: 60.42秒 | LR: 4.396e-03
epoch [458/1200] batch [1/132] loss: 0.0001 psnr: 38.34 dB  msssim: 0.9915
epoch [458/1200] batch [51/132] loss: 0.0004 psnr: 35.46 dB  msssim: 0.9822
epoch [458/1200] batch [101/132] loss: 0.0002 psnr: 35.64 dB  msssim: 0.9825
epoch [458/1200] batch [132/132] loss: 0.0001 psnr: 35.81 dB  msssim: 0.9830
======  Epoch 458 完成 ======LOSS: 0.0003 | PSNR: 35.81 dB | BEST: 36.28 dB | MSSSIM: 0.9830 | TIME: 60.42秒 | LR: 4.390e-03
epoch [459/1200] batch [1/132] loss: 0.0005 psnr: 33.35 dB  msssim: 0.9728
epoch [459/1200] batch [51/132] loss: 0.0005 psnr: 35.92 dB  msssim: 0.9831
epoch [459/1200] batch [101/132] loss: 0.0002 psnr: 35.90 dB  msssim: 0.9830
epoch [459/1200] batch [132/132] loss: 0.0001 psnr: 36.03 dB  msssim: 0.9835
======  Epoch 459 完成 ======LOSS: 0.0003 | PSNR: 36.03 dB | BEST: 36.28 dB | MSSSIM: 0.9835 | TIME: 60.51秒 | LR: 4.385e-03
epoch [460/1200] batch [1/132] loss: 0.0004 psnr: 33.83 dB  msssim: 0.9767
epoch [460/1200] batch [51/132] loss: 0.0003 psnr: 36.12 dB  msssim: 0.9841
epoch [460/1200] batch [101/132] loss: 0.0002 psnr: 36.01 dB  msssim: 0.9835
epoch [460/1200] batch [132/132] loss: 0.0003 psnr: 36.03 dB  msssim: 0.9836
======  Epoch 460 完成 ======LOSS: 0.0003 | PSNR: 36.03 dB | BEST: 36.28 dB | MSSSIM: 0.9836 | TIME: 60.56秒 | LR: 4.380e-03
epoch [461/1200] batch [1/132] loss: 0.0002 psnr: 37.79 dB  msssim: 0.9911
epoch [461/1200] batch [51/132] loss: 0.0005 psnr: 36.35 dB  msssim: 0.9849
epoch [461/1200] batch [101/132] loss: 0.0006 psnr: 36.03 dB  msssim: 0.9837
epoch [461/1200] batch [132/132] loss: 0.0004 psnr: 35.94 dB  msssim: 0.9835
======  Epoch 461 完成 ======LOSS: 0.0003 | PSNR: 35.94 dB | BEST: 36.28 dB | MSSSIM: 0.9835 | TIME: 60.80秒 | LR: 4.374e-03
epoch [462/1200] batch [1/132] loss: 0.0003 psnr: 35.27 dB  msssim: 0.9815
epoch [462/1200] batch [51/132] loss: 0.0001 psnr: 36.10 dB  msssim: 0.9852
epoch [462/1200] batch [101/132] loss: 0.0003 psnr: 35.28 dB  msssim: 0.9828
epoch [462/1200] batch [132/132] loss: 0.0004 psnr: 35.22 dB  msssim: 0.9824
======  Epoch 462 完成 ======LOSS: 0.0003 | PSNR: 35.22 dB | BEST: 36.28 dB | MSSSIM: 0.9824 | TIME: 60.89秒 | LR: 4.369e-03
epoch [463/1200] batch [1/132] loss: 0.0003 psnr: 34.69 dB  msssim: 0.9801
epoch [463/1200] batch [51/132] loss: 0.0002 psnr: 35.59 dB  msssim: 0.9823
epoch [463/1200] batch [101/132] loss: 0.0003 psnr: 35.88 dB  msssim: 0.9832
epoch [463/1200] batch [132/132] loss: 0.0001 psnr: 35.99 dB  msssim: 0.9836
======  Epoch 463 完成 ======LOSS: 0.0003 | PSNR: 35.99 dB | BEST: 36.28 dB | MSSSIM: 0.9836 | TIME: 60.75秒 | LR: 4.363e-03
epoch [464/1200] batch [1/132] loss: 0.0001 psnr: 38.30 dB  msssim: 0.9923
epoch [464/1200] batch [51/132] loss: 0.0005 psnr: 36.28 dB  msssim: 0.9848
epoch [464/1200] batch [101/132] loss: 0.0001 psnr: 36.32 dB  msssim: 0.9846
epoch [464/1200] batch [132/132] loss: 0.0003 psnr: 36.30 dB  msssim: 0.9843
======  Epoch 464 完成 ======LOSS: 0.0003 | PSNR: 36.30 dB | BEST: 36.30 dB | MSSSIM: 0.9843 | TIME: 60.68秒 | LR: 4.358e-03
epoch [465/1200] batch [1/132] loss: 0.0004 psnr: 33.67 dB  msssim: 0.9728
epoch [465/1200] batch [51/132] loss: 0.0002 psnr: 36.79 dB  msssim: 0.9857
epoch [465/1200] batch [101/132] loss: 0.0002 psnr: 36.43 dB  msssim: 0.9845
epoch [465/1200] batch [132/132] loss: 0.0004 psnr: 36.39 dB  msssim: 0.9844
======  Epoch 465 完成 ======LOSS: 0.0003 | PSNR: 36.39 dB | BEST: 36.39 dB | MSSSIM: 0.9844 | TIME: 60.74秒 | LR: 4.352e-03
epoch [466/1200] batch [1/132] loss: 0.0002 psnr: 36.96 dB  msssim: 0.9900
epoch [466/1200] batch [51/132] loss: 0.0002 psnr: 36.92 dB  msssim: 0.9865
epoch [466/1200] batch [101/132] loss: 0.0002 psnr: 36.61 dB  msssim: 0.9852
epoch [466/1200] batch [132/132] loss: 0.0003 psnr: 36.48 dB  msssim: 0.9847
======  Epoch 466 完成 ======LOSS: 0.0003 | PSNR: 36.48 dB | BEST: 36.48 dB | MSSSIM: 0.9847 | TIME: 60.85秒 | LR: 4.347e-03
epoch [467/1200] batch [1/132] loss: 0.0001 psnr: 39.52 dB  msssim: 0.9933
epoch [467/1200] batch [51/132] loss: 0.0002 psnr: 36.53 dB  msssim: 0.9849
epoch [467/1200] batch [101/132] loss: 0.0003 psnr: 36.35 dB  msssim: 0.9844
epoch [467/1200] batch [132/132] loss: 0.0004 psnr: 36.34 dB  msssim: 0.9843
======  Epoch 467 完成 ======LOSS: 0.0003 | PSNR: 36.34 dB | BEST: 36.48 dB | MSSSIM: 0.9843 | TIME: 60.77秒 | LR: 4.341e-03
epoch [468/1200] batch [1/132] loss: 0.0004 psnr: 33.63 dB  msssim: 0.9734
epoch [468/1200] batch [51/132] loss: 0.0001 psnr: 36.45 dB  msssim: 0.9846
epoch [468/1200] batch [101/132] loss: 0.0001 psnr: 36.48 dB  msssim: 0.9848
epoch [468/1200] batch [132/132] loss: 0.0001 psnr: 36.41 dB  msssim: 0.9845
======  Epoch 468 完成 ======LOSS: 0.0003 | PSNR: 36.41 dB | BEST: 36.48 dB | MSSSIM: 0.9845 | TIME: 60.74秒 | LR: 4.336e-03
epoch [469/1200] batch [1/132] loss: 0.0001 psnr: 38.81 dB  msssim: 0.9919
epoch [469/1200] batch [51/132] loss: 0.0003 psnr: 36.59 dB  msssim: 0.9851
epoch [469/1200] batch [101/132] loss: 0.0001 psnr: 36.36 dB  msssim: 0.9846
epoch [469/1200] batch [132/132] loss: 0.0003 psnr: 36.26 dB  msssim: 0.9843
======  Epoch 469 完成 ======LOSS: 0.0003 | PSNR: 36.26 dB | BEST: 36.48 dB | MSSSIM: 0.9843 | TIME: 60.75秒 | LR: 4.330e-03
epoch [470/1200] batch [1/132] loss: 0.0004 psnr: 34.29 dB  msssim: 0.9789
epoch [470/1200] batch [51/132] loss: 0.0001 psnr: 35.79 dB  msssim: 0.9830
epoch [470/1200] batch [101/132] loss: 0.0003 psnr: 36.00 dB  msssim: 0.9837
epoch [470/1200] batch [132/132] loss: 0.0002 psnr: 36.04 dB  msssim: 0.9838
======  Epoch 470 完成 ======LOSS: 0.0003 | PSNR: 36.04 dB | BEST: 36.48 dB | MSSSIM: 0.9838 | TIME: 60.88秒 | LR: 4.325e-03
epoch [471/1200] batch [1/132] loss: 0.0001 psnr: 38.90 dB  msssim: 0.9927
epoch [471/1200] batch [51/132] loss: 0.0001 psnr: 36.39 dB  msssim: 0.9850
epoch [471/1200] batch [101/132] loss: 0.0002 psnr: 36.38 dB  msssim: 0.9847
epoch [471/1200] batch [132/132] loss: 0.0002 psnr: 36.20 dB  msssim: 0.9839
======  Epoch 471 完成 ======LOSS: 0.0003 | PSNR: 36.20 dB | BEST: 36.48 dB | MSSSIM: 0.9839 | TIME: 60.81秒 | LR: 4.319e-03
epoch [472/1200] batch [1/132] loss: 0.0001 psnr: 38.79 dB  msssim: 0.9924
epoch [472/1200] batch [51/132] loss: 0.0002 psnr: 36.48 dB  msssim: 0.9845
epoch [472/1200] batch [101/132] loss: 0.0003 psnr: 36.17 dB  msssim: 0.9837
epoch [472/1200] batch [132/132] loss: 0.0001 psnr: 36.22 dB  msssim: 0.9838
======  Epoch 472 完成 ======LOSS: 0.0003 | PSNR: 36.22 dB | BEST: 36.48 dB | MSSSIM: 0.9838 | TIME: 60.70秒 | LR: 4.313e-03
epoch [473/1200] batch [1/132] loss: 0.0002 psnr: 37.03 dB  msssim: 0.9881
epoch [473/1200] batch [51/132] loss: 0.0003 psnr: 35.98 dB  msssim: 0.9830
epoch [473/1200] batch [101/132] loss: 0.0001 psnr: 36.14 dB  msssim: 0.9838
epoch [473/1200] batch [132/132] loss: 0.0002 psnr: 36.14 dB  msssim: 0.9839
======  Epoch 473 完成 ======LOSS: 0.0003 | PSNR: 36.14 dB | BEST: 36.48 dB | MSSSIM: 0.9839 | TIME: 60.84秒 | LR: 4.308e-03
epoch [474/1200] batch [1/132] loss: 0.0001 psnr: 38.80 dB  msssim: 0.9927
epoch [474/1200] batch [51/132] loss: 0.0004 psnr: 35.94 dB  msssim: 0.9833
epoch [474/1200] batch [101/132] loss: 0.0002 psnr: 36.04 dB  msssim: 0.9841
epoch [474/1200] batch [132/132] loss: 0.0002 psnr: 35.96 dB  msssim: 0.9838
======  Epoch 474 完成 ======LOSS: 0.0003 | PSNR: 35.96 dB | BEST: 36.48 dB | MSSSIM: 0.9838 | TIME: 60.86秒 | LR: 4.302e-03
epoch [475/1200] batch [1/132] loss: 0.0001 psnr: 38.33 dB  msssim: 0.9924
epoch [475/1200] batch [51/132] loss: 0.0002 psnr: 36.00 dB  msssim: 0.9836
epoch [475/1200] batch [101/132] loss: 0.0002 psnr: 35.95 dB  msssim: 0.9834
epoch [475/1200] batch [132/132] loss: 0.0002 psnr: 35.98 dB  msssim: 0.9834
======  Epoch 475 完成 ======LOSS: 0.0003 | PSNR: 35.98 dB | BEST: 36.48 dB | MSSSIM: 0.9834 | TIME: 60.85秒 | LR: 4.296e-03
epoch [476/1200] batch [1/132] loss: 0.0001 psnr: 38.34 dB  msssim: 0.9917
epoch [476/1200] batch [51/132] loss: 0.0001 psnr: 36.00 dB  msssim: 0.9834
epoch [476/1200] batch [101/132] loss: 0.0005 psnr: 35.71 dB  msssim: 0.9826
epoch [476/1200] batch [132/132] loss: 0.0001 psnr: 35.78 dB  msssim: 0.9828
======  Epoch 476 完成 ======LOSS: 0.0003 | PSNR: 35.78 dB | BEST: 36.48 dB | MSSSIM: 0.9828 | TIME: 60.70秒 | LR: 4.291e-03
epoch [477/1200] batch [1/132] loss: 0.0005 psnr: 33.07 dB  msssim: 0.9689
epoch [477/1200] batch [51/132] loss: 0.0001 psnr: 36.09 dB  msssim: 0.9835
epoch [477/1200] batch [101/132] loss: 0.0004 psnr: 36.35 dB  msssim: 0.9845
epoch [477/1200] batch [132/132] loss: 0.0004 psnr: 36.24 dB  msssim: 0.9841
======  Epoch 477 完成 ======LOSS: 0.0003 | PSNR: 36.24 dB | BEST: 36.48 dB | MSSSIM: 0.9841 | TIME: 60.79秒 | LR: 4.285e-03
epoch [478/1200] batch [1/132] loss: 0.0005 psnr: 33.07 dB  msssim: 0.9680
epoch [478/1200] batch [51/132] loss: 0.0003 psnr: 36.15 dB  msssim: 0.9838
epoch [478/1200] batch [101/132] loss: 0.0004 psnr: 36.27 dB  msssim: 0.9841
epoch [478/1200] batch [132/132] loss: 0.0002 psnr: 36.22 dB  msssim: 0.9841
======  Epoch 478 完成 ======LOSS: 0.0003 | PSNR: 36.22 dB | BEST: 36.48 dB | MSSSIM: 0.9841 | TIME: 60.87秒 | LR: 4.279e-03
epoch [479/1200] batch [1/132] loss: 0.0004 psnr: 34.05 dB  msssim: 0.9762
epoch [479/1200] batch [51/132] loss: 0.0005 psnr: 36.03 dB  msssim: 0.9839
epoch [479/1200] batch [101/132] loss: 0.0002 psnr: 36.06 dB  msssim: 0.9837
epoch [479/1200] batch [132/132] loss: 0.0003 psnr: 36.06 dB  msssim: 0.9837
======  Epoch 479 完成 ======LOSS: 0.0003 | PSNR: 36.06 dB | BEST: 36.48 dB | MSSSIM: 0.9837 | TIME: 60.80秒 | LR: 4.274e-03
epoch [480/1200] batch [1/132] loss: 0.0002 psnr: 37.11 dB  msssim: 0.9881
epoch [480/1200] batch [51/132] loss: 0.0004 psnr: 36.33 dB  msssim: 0.9845
epoch [480/1200] batch [101/132] loss: 0.0001 psnr: 36.28 dB  msssim: 0.9842
epoch [480/1200] batch [132/132] loss: 0.0001 psnr: 36.21 dB  msssim: 0.9840
======  Epoch 480 完成 ======LOSS: 0.0003 | PSNR: 36.21 dB | BEST: 36.48 dB | MSSSIM: 0.9840 | TIME: 60.85秒 | LR: 4.268e-03
epoch [481/1200] batch [1/132] loss: 0.0003 psnr: 35.54 dB  msssim: 0.9828
epoch [481/1200] batch [51/132] loss: 0.0002 psnr: 36.69 dB  msssim: 0.9857
epoch [481/1200] batch [101/132] loss: 0.0002 psnr: 36.58 dB  msssim: 0.9853
epoch [481/1200] batch [132/132] loss: 0.0005 psnr: 36.32 dB  msssim: 0.9845
======  Epoch 481 完成 ======LOSS: 0.0003 | PSNR: 36.32 dB | BEST: 36.48 dB | MSSSIM: 0.9845 | TIME: 60.92秒 | LR: 4.262e-03
epoch [482/1200] batch [1/132] loss: 0.0002 psnr: 37.46 dB  msssim: 0.9924
epoch [482/1200] batch [51/132] loss: 0.0003 psnr: 35.83 dB  msssim: 0.9838
epoch [482/1200] batch [101/132] loss: 0.0002 psnr: 35.90 dB  msssim: 0.9835
epoch [482/1200] batch [132/132] loss: 0.0002 psnr: 36.01 dB  msssim: 0.9837
======  Epoch 482 完成 ======LOSS: 0.0003 | PSNR: 36.01 dB | BEST: 36.48 dB | MSSSIM: 0.9837 | TIME: 60.83秒 | LR: 4.256e-03
epoch [483/1200] batch [1/132] loss: 0.0004 psnr: 34.23 dB  msssim: 0.9768
epoch [483/1200] batch [51/132] loss: 0.0003 psnr: 36.47 dB  msssim: 0.9851
epoch [483/1200] batch [101/132] loss: 0.0005 psnr: 36.50 dB  msssim: 0.9851
epoch [483/1200] batch [132/132] loss: 0.0003 psnr: 36.42 dB  msssim: 0.9846
======  Epoch 483 完成 ======LOSS: 0.0003 | PSNR: 36.42 dB | BEST: 36.48 dB | MSSSIM: 0.9846 | TIME: 60.78秒 | LR: 4.250e-03
epoch [484/1200] batch [1/132] loss: 0.0001 psnr: 38.90 dB  msssim: 0.9931
epoch [484/1200] batch [51/132] loss: 0.0003 psnr: 36.64 dB  msssim: 0.9858
epoch [484/1200] batch [101/132] loss: 0.0001 psnr: 36.58 dB  msssim: 0.9853
epoch [484/1200] batch [132/132] loss: 0.0002 psnr: 36.37 dB  msssim: 0.9845
======  Epoch 484 完成 ======LOSS: 0.0003 | PSNR: 36.37 dB | BEST: 36.48 dB | MSSSIM: 0.9845 | TIME: 60.81秒 | LR: 4.245e-03
epoch [485/1200] batch [1/132] loss: 0.0001 psnr: 38.83 dB  msssim: 0.9918
epoch [485/1200] batch [51/132] loss: 0.0005 psnr: 36.47 dB  msssim: 0.9847
epoch [485/1200] batch [101/132] loss: 0.0001 psnr: 36.04 dB  msssim: 0.9836
epoch [485/1200] batch [132/132] loss: 0.0002 psnr: 36.17 dB  msssim: 0.9840
======  Epoch 485 完成 ======LOSS: 0.0003 | PSNR: 36.17 dB | BEST: 36.48 dB | MSSSIM: 0.9840 | TIME: 60.84秒 | LR: 4.239e-03
epoch [486/1200] batch [1/132] loss: 0.0001 psnr: 38.32 dB  msssim: 0.9923
epoch [486/1200] batch [51/132] loss: 0.0001 psnr: 36.06 dB  msssim: 0.9835
epoch [486/1200] batch [101/132] loss: 0.0001 psnr: 36.38 dB  msssim: 0.9843
epoch [486/1200] batch [132/132] loss: 0.0005 psnr: 36.37 dB  msssim: 0.9844
======  Epoch 486 完成 ======LOSS: 0.0003 | PSNR: 36.37 dB | BEST: 36.48 dB | MSSSIM: 0.9844 | TIME: 60.87秒 | LR: 4.233e-03
epoch [487/1200] batch [1/132] loss: 0.0002 psnr: 36.05 dB  msssim: 0.9850
epoch [487/1200] batch [51/132] loss: 0.0002 psnr: 36.11 dB  msssim: 0.9833
epoch [487/1200] batch [101/132] loss: 0.0003 psnr: 36.17 dB  msssim: 0.9837
epoch [487/1200] batch [132/132] loss: 0.0004 psnr: 36.37 dB  msssim: 0.9843
======  Epoch 487 完成 ======LOSS: 0.0003 | PSNR: 36.37 dB | BEST: 36.48 dB | MSSSIM: 0.9843 | TIME: 60.85秒 | LR: 4.227e-03
epoch [488/1200] batch [1/132] loss: 0.0004 psnr: 34.39 dB  msssim: 0.9779
epoch [488/1200] batch [51/132] loss: 0.0004 psnr: 36.54 dB  msssim: 0.9852
epoch [488/1200] batch [101/132] loss: 0.0003 psnr: 36.10 dB  msssim: 0.9841
epoch [488/1200] batch [132/132] loss: 0.0003 psnr: 36.18 dB  msssim: 0.9843
======  Epoch 488 完成 ======LOSS: 0.0003 | PSNR: 36.18 dB | BEST: 36.48 dB | MSSSIM: 0.9843 | TIME: 60.72秒 | LR: 4.221e-03
epoch [489/1200] batch [1/132] loss: 0.0002 psnr: 36.43 dB  msssim: 0.9867
epoch [489/1200] batch [51/132] loss: 0.0001 psnr: 36.14 dB  msssim: 0.9836
epoch [489/1200] batch [101/132] loss: 0.0004 psnr: 36.43 dB  msssim: 0.9848
epoch [489/1200] batch [132/132] loss: 0.0003 psnr: 36.37 dB  msssim: 0.9845
======  Epoch 489 完成 ======LOSS: 0.0003 | PSNR: 36.37 dB | BEST: 36.48 dB | MSSSIM: 0.9845 | TIME: 60.88秒 | LR: 4.215e-03
epoch [490/1200] batch [1/132] loss: 0.0001 psnr: 38.99 dB  msssim: 0.9931
epoch [490/1200] batch [51/132] loss: 0.0001 psnr: 36.75 dB  msssim: 0.9861
epoch [490/1200] batch [101/132] loss: 0.0003 psnr: 36.38 dB  msssim: 0.9847
epoch [490/1200] batch [132/132] loss: 0.0005 psnr: 36.31 dB  msssim: 0.9844
======  Epoch 490 完成 ======LOSS: 0.0003 | PSNR: 36.31 dB | BEST: 36.48 dB | MSSSIM: 0.9844 | TIME: 60.85秒 | LR: 4.209e-03
epoch [491/1200] batch [1/132] loss: 0.0005 psnr: 33.39 dB  msssim: 0.9710
epoch [491/1200] batch [51/132] loss: 0.0003 psnr: 35.45 dB  msssim: 0.9833
epoch [491/1200] batch [101/132] loss: 0.0003 psnr: 35.62 dB  msssim: 0.9832
epoch [491/1200] batch [132/132] loss: 0.0001 psnr: 35.85 dB  msssim: 0.9836
======  Epoch 491 完成 ======LOSS: 0.0003 | PSNR: 35.85 dB | BEST: 36.48 dB | MSSSIM: 0.9836 | TIME: 60.87秒 | LR: 4.203e-03
epoch [492/1200] batch [1/132] loss: 0.0001 psnr: 38.55 dB  msssim: 0.9915
epoch [492/1200] batch [51/132] loss: 0.0002 psnr: 36.87 dB  msssim: 0.9865
epoch [492/1200] batch [101/132] loss: 0.0001 psnr: 36.48 dB  msssim: 0.9850
epoch [492/1200] batch [132/132] loss: 0.0004 psnr: 36.40 dB  msssim: 0.9846
======  Epoch 492 完成 ======LOSS: 0.0003 | PSNR: 36.40 dB | BEST: 36.48 dB | MSSSIM: 0.9846 | TIME: 60.86秒 | LR: 4.197e-03
epoch [493/1200] batch [1/132] loss: 0.0003 psnr: 35.08 dB  msssim: 0.9823
epoch [493/1200] batch [51/132] loss: 0.0001 psnr: 36.00 dB  msssim: 0.9832
epoch [493/1200] batch [101/132] loss: 0.0001 psnr: 36.25 dB  msssim: 0.9841
epoch [493/1200] batch [132/132] loss: 0.0002 psnr: 36.27 dB  msssim: 0.9841
======  Epoch 493 完成 ======LOSS: 0.0003 | PSNR: 36.27 dB | BEST: 36.48 dB | MSSSIM: 0.9841 | TIME: 60.87秒 | LR: 4.191e-03
epoch [494/1200] batch [1/132] loss: 0.0003 psnr: 35.64 dB  msssim: 0.9835
epoch [494/1200] batch [51/132] loss: 0.0002 psnr: 36.45 dB  msssim: 0.9855
epoch [494/1200] batch [101/132] loss: 0.0002 psnr: 36.20 dB  msssim: 0.9843
epoch [494/1200] batch [132/132] loss: 0.0001 psnr: 36.26 dB  msssim: 0.9845
======  Epoch 494 完成 ======LOSS: 0.0003 | PSNR: 36.26 dB | BEST: 36.48 dB | MSSSIM: 0.9845 | TIME: 60.83秒 | LR: 4.185e-03
epoch [495/1200] batch [1/132] loss: 0.0005 psnr: 32.95 dB  msssim: 0.9712
epoch [495/1200] batch [51/132] loss: 0.0003 psnr: 36.66 dB  msssim: 0.9856
epoch [495/1200] batch [101/132] loss: 0.0005 psnr: 36.52 dB  msssim: 0.9851
epoch [495/1200] batch [132/132] loss: 0.0005 psnr: 36.46 dB  msssim: 0.9847
======  Epoch 495 完成 ======LOSS: 0.0003 | PSNR: 36.46 dB | BEST: 36.48 dB | MSSSIM: 0.9847 | TIME: 60.80秒 | LR: 4.179e-03
epoch [496/1200] batch [1/132] loss: 0.0002 psnr: 38.10 dB  msssim: 0.9908
epoch [496/1200] batch [51/132] loss: 0.0002 psnr: 36.54 dB  msssim: 0.9849
epoch [496/1200] batch [101/132] loss: 0.0002 psnr: 36.43 dB  msssim: 0.9845
epoch [496/1200] batch [132/132] loss: 0.0002 psnr: 36.44 dB  msssim: 0.9846
======  Epoch 496 完成 ======LOSS: 0.0003 | PSNR: 36.44 dB | BEST: 36.48 dB | MSSSIM: 0.9846 | TIME: 60.81秒 | LR: 4.173e-03
epoch [497/1200] batch [1/132] loss: 0.0001 psnr: 39.16 dB  msssim: 0.9930
epoch [497/1200] batch [51/132] loss: 0.0001 psnr: 36.45 dB  msssim: 0.9845
epoch [497/1200] batch [101/132] loss: 0.0005 psnr: 36.29 dB  msssim: 0.9841
epoch [497/1200] batch [132/132] loss: 0.0003 psnr: 36.33 dB  msssim: 0.9845
======  Epoch 497 完成 ======LOSS: 0.0003 | PSNR: 36.33 dB | BEST: 36.48 dB | MSSSIM: 0.9845 | TIME: 60.84秒 | LR: 4.167e-03
epoch [498/1200] batch [1/132] loss: 0.0002 psnr: 37.29 dB  msssim: 0.9894
epoch [498/1200] batch [51/132] loss: 0.0001 psnr: 36.45 dB  msssim: 0.9855
epoch [498/1200] batch [101/132] loss: 0.0004 psnr: 36.10 dB  msssim: 0.9842
epoch [498/1200] batch [132/132] loss: 0.0002 psnr: 36.07 dB  msssim: 0.9841
======  Epoch 498 完成 ======LOSS: 0.0003 | PSNR: 36.07 dB | BEST: 36.48 dB | MSSSIM: 0.9841 | TIME: 60.91秒 | LR: 4.161e-03
epoch [499/1200] batch [1/132] loss: 0.0002 psnr: 37.21 dB  msssim: 0.9897
epoch [499/1200] batch [51/132] loss: 0.0001 psnr: 36.44 dB  msssim: 0.9850
epoch [499/1200] batch [101/132] loss: 0.0002 psnr: 36.37 dB  msssim: 0.9845
epoch [499/1200] batch [132/132] loss: 0.0004 psnr: 36.38 dB  msssim: 0.9844
======  Epoch 499 完成 ======LOSS: 0.0003 | PSNR: 36.38 dB | BEST: 36.48 dB | MSSSIM: 0.9844 | TIME: 60.88秒 | LR: 4.155e-03
epoch [500/1200] batch [1/132] loss: 0.0002 psnr: 37.36 dB  msssim: 0.9889
epoch [500/1200] batch [51/132] loss: 0.0001 psnr: 36.06 dB  msssim: 0.9834
epoch [500/1200] batch [101/132] loss: 0.0002 psnr: 36.20 dB  msssim: 0.9840
epoch [500/1200] batch [132/132] loss: 0.0002 psnr: 36.26 dB  msssim: 0.9843
======  Epoch 500 完成 ======LOSS: 0.0003 | PSNR: 36.26 dB | BEST: 36.48 dB | MSSSIM: 0.9843 | TIME: 60.79秒 | LR: 4.148e-03
Step [1/132] | Val PSNR: 35.24 dB | Val MSSSIM: 0.9834 | FPS: 49.50
Step [51/132] | Val PSNR: 34.24 dB | Val MSSSIM: 0.9768 | FPS: 197.59
Step [101/132] | Val PSNR: 35.66 dB | Val MSSSIM: 0.9822 | FPS: 206.94
Step [132/132] | Val PSNR: 36.29 dB | Val MSSSIM: 0.9844 | FPS: 205.38
== Epoch 500 测试完成 == PSNR: 36.29 dB | BEST: 36.48 dB | MSSSIM: 0.9844 | TIME: 18.96秒 | 
epoch [501/1200] batch [1/132] loss: 0.0001 psnr: 38.50 dB  msssim: 0.9918
epoch [501/1200] batch [51/132] loss: 0.0004 psnr: 36.29 dB  msssim: 0.9841
epoch [501/1200] batch [101/132] loss: 0.0002 psnr: 36.12 dB  msssim: 0.9842
epoch [501/1200] batch [132/132] loss: 0.0004 psnr: 35.90 dB  msssim: 0.9838
======  Epoch 501 完成 ======LOSS: 0.0003 | PSNR: 35.90 dB | BEST: 36.48 dB | MSSSIM: 0.9838 | TIME: 60.87秒 | LR: 4.142e-03
epoch [502/1200] batch [1/132] loss: 0.0002 psnr: 37.40 dB  msssim: 0.9920
epoch [502/1200] batch [51/132] loss: 0.0003 psnr: 34.96 dB  msssim: 0.9819
epoch [502/1200] batch [101/132] loss: 0.0002 psnr: 35.50 dB  msssim: 0.9828
epoch [502/1200] batch [132/132] loss: 0.0003 psnr: 35.71 dB  msssim: 0.9834
======  Epoch 502 完成 ======LOSS: 0.0003 | PSNR: 35.71 dB | BEST: 36.48 dB | MSSSIM: 0.9834 | TIME: 60.92秒 | LR: 4.136e-03
epoch [503/1200] batch [1/132] loss: 0.0003 psnr: 35.10 dB  msssim: 0.9814
epoch [503/1200] batch [51/132] loss: 0.0002 psnr: 36.00 dB  msssim: 0.9845
epoch [503/1200] batch [101/132] loss: 0.0005 psnr: 35.44 dB  msssim: 0.9834
epoch [503/1200] batch [132/132] loss: 0.0006 psnr: 35.34 dB  msssim: 0.9829
======  Epoch 503 完成 ======LOSS: 0.0003 | PSNR: 35.34 dB | BEST: 36.48 dB | MSSSIM: 0.9829 | TIME: 60.94秒 | LR: 4.130e-03
epoch [504/1200] batch [1/132] loss: 0.0003 psnr: 35.37 dB  msssim: 0.9838
epoch [504/1200] batch [51/132] loss: 0.0002 psnr: 35.44 dB  msssim: 0.9836
epoch [504/1200] batch [101/132] loss: 0.0003 psnr: 35.57 dB  msssim: 0.9833
epoch [504/1200] batch [132/132] loss: 0.0005 psnr: 35.63 dB  msssim: 0.9831
======  Epoch 504 完成 ======LOSS: 0.0003 | PSNR: 35.63 dB | BEST: 36.48 dB | MSSSIM: 0.9831 | TIME: 60.98秒 | LR: 4.124e-03
epoch [505/1200] batch [1/132] loss: 0.0002 psnr: 38.01 dB  msssim: 0.9922
epoch [505/1200] batch [51/132] loss: 0.0003 psnr: 36.11 dB  msssim: 0.9846
epoch [505/1200] batch [101/132] loss: 0.0002 psnr: 36.11 dB  msssim: 0.9842
epoch [505/1200] batch [132/132] loss: 0.0003 psnr: 36.24 dB  msssim: 0.9845
======  Epoch 505 完成 ======LOSS: 0.0003 | PSNR: 36.24 dB | BEST: 36.48 dB | MSSSIM: 0.9845 | TIME: 60.82秒 | LR: 4.117e-03
epoch [506/1200] batch [1/132] loss: 0.0004 psnr: 33.95 dB  msssim: 0.9743
epoch [506/1200] batch [51/132] loss: 0.0004 psnr: 36.38 dB  msssim: 0.9846
epoch [506/1200] batch [101/132] loss: 0.0004 psnr: 36.48 dB  msssim: 0.9850
epoch [506/1200] batch [132/132] loss: 0.0001 psnr: 36.53 dB  msssim: 0.9850
======  Epoch 506 完成 ======LOSS: 0.0002 | PSNR: 36.53 dB | BEST: 36.53 dB | MSSSIM: 0.9850 | TIME: 60.98秒 | LR: 4.111e-03
epoch [507/1200] batch [1/132] loss: 0.0004 psnr: 33.62 dB  msssim: 0.9732
epoch [507/1200] batch [51/132] loss: 0.0003 psnr: 36.78 dB  msssim: 0.9856
epoch [507/1200] batch [101/132] loss: 0.0003 psnr: 36.74 dB  msssim: 0.9855
epoch [507/1200] batch [132/132] loss: 0.0003 psnr: 36.69 dB  msssim: 0.9852
======  Epoch 507 完成 ======LOSS: 0.0002 | PSNR: 36.69 dB | BEST: 36.69 dB | MSSSIM: 0.9852 | TIME: 61.12秒 | LR: 4.105e-03
epoch [508/1200] batch [1/132] loss: 0.0001 psnr: 39.12 dB  msssim: 0.9932
epoch [508/1200] batch [51/132] loss: 0.0004 psnr: 36.86 dB  msssim: 0.9858
epoch [508/1200] batch [101/132] loss: 0.0004 psnr: 37.03 dB  msssim: 0.9865
epoch [508/1200] batch [132/132] loss: 0.0001 psnr: 36.74 dB  msssim: 0.9854
======  Epoch 508 完成 ======LOSS: 0.0002 | PSNR: 36.74 dB | BEST: 36.74 dB | MSSSIM: 0.9854 | TIME: 60.93秒 | LR: 4.099e-03
epoch [509/1200] batch [1/132] loss: 0.0004 psnr: 34.04 dB  msssim: 0.9756
epoch [509/1200] batch [51/132] loss: 0.0003 psnr: 36.49 dB  msssim: 0.9845
epoch [509/1200] batch [101/132] loss: 0.0001 psnr: 36.57 dB  msssim: 0.9848
epoch [509/1200] batch [132/132] loss: 0.0001 psnr: 36.73 dB  msssim: 0.9854
======  Epoch 509 完成 ======LOSS: 0.0002 | PSNR: 36.73 dB | BEST: 36.74 dB | MSSSIM: 0.9854 | TIME: 60.95秒 | LR: 4.092e-03
epoch [510/1200] batch [1/132] loss: 0.0001 psnr: 39.38 dB  msssim: 0.9931
epoch [510/1200] batch [51/132] loss: 0.0003 psnr: 36.73 dB  msssim: 0.9856
epoch [510/1200] batch [101/132] loss: 0.0001 psnr: 36.73 dB  msssim: 0.9856
epoch [510/1200] batch [132/132] loss: 0.0004 psnr: 36.60 dB  msssim: 0.9851
======  Epoch 510 完成 ======LOSS: 0.0002 | PSNR: 36.60 dB | BEST: 36.74 dB | MSSSIM: 0.9851 | TIME: 60.96秒 | LR: 4.086e-03
epoch [511/1200] batch [1/132] loss: 0.0001 psnr: 38.78 dB  msssim: 0.9916
epoch [511/1200] batch [51/132] loss: 0.0002 psnr: 36.34 dB  msssim: 0.9839
epoch [511/1200] batch [101/132] loss: 0.0002 psnr: 36.49 dB  msssim: 0.9847
epoch [511/1200] batch [132/132] loss: 0.0003 psnr: 36.51 dB  msssim: 0.9848
======  Epoch 511 完成 ======LOSS: 0.0003 | PSNR: 36.51 dB | BEST: 36.74 dB | MSSSIM: 0.9848 | TIME: 60.92秒 | LR: 4.080e-03
epoch [512/1200] batch [1/132] loss: 0.0002 psnr: 36.68 dB  msssim: 0.9872
epoch [512/1200] batch [51/132] loss: 0.0004 psnr: 36.42 dB  msssim: 0.9848
epoch [512/1200] batch [101/132] loss: 0.0002 psnr: 36.09 dB  msssim: 0.9836
epoch [512/1200] batch [132/132] loss: 0.0005 psnr: 36.20 dB  msssim: 0.9839
======  Epoch 512 完成 ======LOSS: 0.0003 | PSNR: 36.20 dB | BEST: 36.74 dB | MSSSIM: 0.9839 | TIME: 60.96秒 | LR: 4.073e-03
epoch [513/1200] batch [1/132] loss: 0.0004 psnr: 33.61 dB  msssim: 0.9735
epoch [513/1200] batch [51/132] loss: 0.0002 psnr: 36.37 dB  msssim: 0.9847
epoch [513/1200] batch [101/132] loss: 0.0003 psnr: 36.26 dB  msssim: 0.9844
epoch [513/1200] batch [132/132] loss: 0.0001 psnr: 36.21 dB  msssim: 0.9842
======  Epoch 513 完成 ======LOSS: 0.0003 | PSNR: 36.21 dB | BEST: 36.74 dB | MSSSIM: 0.9842 | TIME: 60.99秒 | LR: 4.067e-03
epoch [514/1200] batch [1/132] loss: 0.0004 psnr: 33.57 dB  msssim: 0.9748
epoch [514/1200] batch [51/132] loss: 0.0005 psnr: 36.37 dB  msssim: 0.9850
epoch [514/1200] batch [101/132] loss: 0.0001 psnr: 36.09 dB  msssim: 0.9842
epoch [514/1200] batch [132/132] loss: 0.0005 psnr: 36.17 dB  msssim: 0.9844
======  Epoch 514 完成 ======LOSS: 0.0003 | PSNR: 36.17 dB | BEST: 36.74 dB | MSSSIM: 0.9844 | TIME: 61.21秒 | LR: 4.061e-03
epoch [515/1200] batch [1/132] loss: 0.0002 psnr: 36.86 dB  msssim: 0.9886
epoch [515/1200] batch [51/132] loss: 0.0004 psnr: 36.43 dB  msssim: 0.9851
epoch [515/1200] batch [101/132] loss: 0.0001 psnr: 36.32 dB  msssim: 0.9846
epoch [515/1200] batch [132/132] loss: 0.0005 psnr: 36.13 dB  msssim: 0.9844
======  Epoch 515 完成 ======LOSS: 0.0003 | PSNR: 36.13 dB | BEST: 36.74 dB | MSSSIM: 0.9844 | TIME: 61.13秒 | LR: 4.054e-03
epoch [516/1200] batch [1/132] loss: 0.0004 psnr: 34.32 dB  msssim: 0.9790
epoch [516/1200] batch [51/132] loss: 0.0003 psnr: 35.83 dB  msssim: 0.9839
epoch [516/1200] batch [101/132] loss: 0.0003 psnr: 35.43 dB  msssim: 0.9830
epoch [516/1200] batch [132/132] loss: 0.0003 psnr: 35.61 dB  msssim: 0.9833
======  Epoch 516 完成 ======LOSS: 0.0003 | PSNR: 35.61 dB | BEST: 36.74 dB | MSSSIM: 0.9833 | TIME: 60.93秒 | LR: 4.048e-03
epoch [517/1200] batch [1/132] loss: 0.0002 psnr: 37.80 dB  msssim: 0.9914
epoch [517/1200] batch [51/132] loss: 0.0001 psnr: 35.86 dB  msssim: 0.9838
epoch [517/1200] batch [101/132] loss: 0.0001 psnr: 36.23 dB  msssim: 0.9844
epoch [517/1200] batch [132/132] loss: 0.0003 psnr: 36.25 dB  msssim: 0.9844
======  Epoch 517 完成 ======LOSS: 0.0003 | PSNR: 36.25 dB | BEST: 36.74 dB | MSSSIM: 0.9844 | TIME: 61.21秒 | LR: 4.041e-03
epoch [518/1200] batch [1/132] loss: 0.0003 psnr: 34.95 dB  msssim: 0.9806
epoch [518/1200] batch [51/132] loss: 0.0003 psnr: 36.34 dB  msssim: 0.9847
epoch [518/1200] batch [101/132] loss: 0.0002 psnr: 36.60 dB  msssim: 0.9852
epoch [518/1200] batch [132/132] loss: 0.0003 psnr: 36.61 dB  msssim: 0.9851
======  Epoch 518 完成 ======LOSS: 0.0002 | PSNR: 36.61 dB | BEST: 36.74 dB | MSSSIM: 0.9851 | TIME: 61.03秒 | LR: 4.035e-03
epoch [519/1200] batch [1/132] loss: 0.0004 psnr: 33.77 dB  msssim: 0.9733
epoch [519/1200] batch [51/132] loss: 0.0003 psnr: 36.62 dB  msssim: 0.9856
epoch [519/1200] batch [101/132] loss: 0.0003 psnr: 36.69 dB  msssim: 0.9856
epoch [519/1200] batch [132/132] loss: 0.0004 psnr: 36.56 dB  msssim: 0.9851
======  Epoch 519 完成 ======LOSS: 0.0002 | PSNR: 36.56 dB | BEST: 36.74 dB | MSSSIM: 0.9851 | TIME: 61.00秒 | LR: 4.028e-03
epoch [520/1200] batch [1/132] loss: 0.0001 psnr: 39.00 dB  msssim: 0.9930
epoch [520/1200] batch [51/132] loss: 0.0001 psnr: 36.43 dB  msssim: 0.9848
epoch [520/1200] batch [101/132] loss: 0.0001 psnr: 36.80 dB  msssim: 0.9858
epoch [520/1200] batch [132/132] loss: 0.0002 psnr: 36.67 dB  msssim: 0.9853
======  Epoch 520 完成 ======LOSS: 0.0002 | PSNR: 36.67 dB | BEST: 36.74 dB | MSSSIM: 0.9853 | TIME: 60.97秒 | LR: 4.022e-03
epoch [521/1200] batch [1/132] loss: 0.0001 psnr: 38.50 dB  msssim: 0.9913
epoch [521/1200] batch [51/132] loss: 0.0004 psnr: 36.53 dB  msssim: 0.9845
epoch [521/1200] batch [101/132] loss: 0.0003 psnr: 36.60 dB  msssim: 0.9850
epoch [521/1200] batch [132/132] loss: 0.0004 psnr: 36.66 dB  msssim: 0.9852
======  Epoch 521 完成 ======LOSS: 0.0002 | PSNR: 36.66 dB | BEST: 36.74 dB | MSSSIM: 0.9852 | TIME: 61.00秒 | LR: 4.015e-03
epoch [522/1200] batch [1/132] loss: 0.0001 psnr: 39.79 dB  msssim: 0.9935
epoch [522/1200] batch [51/132] loss: 0.0002 psnr: 37.02 dB  msssim: 0.9868
epoch [522/1200] batch [101/132] loss: 0.0003 psnr: 36.57 dB  msssim: 0.9851
epoch [522/1200] batch [132/132] loss: 0.0002 psnr: 36.48 dB  msssim: 0.9852
======  Epoch 522 完成 ======LOSS: 0.0003 | PSNR: 36.48 dB | BEST: 36.74 dB | MSSSIM: 0.9852 | TIME: 61.01秒 | LR: 4.009e-03
epoch [523/1200] batch [1/132] loss: 0.0002 psnr: 36.29 dB  msssim: 0.9903
epoch [523/1200] batch [51/132] loss: 0.0002 psnr: 35.66 dB  msssim: 0.9836
epoch [523/1200] batch [101/132] loss: 0.0001 psnr: 35.91 dB  msssim: 0.9837
epoch [523/1200] batch [132/132] loss: 0.0001 psnr: 36.11 dB  msssim: 0.9842
======  Epoch 523 完成 ======LOSS: 0.0003 | PSNR: 36.11 dB | BEST: 36.74 dB | MSSSIM: 0.9842 | TIME: 60.95秒 | LR: 4.002e-03
epoch [524/1200] batch [1/132] loss: 0.0001 psnr: 38.53 dB  msssim: 0.9923
epoch [524/1200] batch [51/132] loss: 0.0003 psnr: 36.59 dB  msssim: 0.9853
epoch [524/1200] batch [101/132] loss: 0.0001 psnr: 36.65 dB  msssim: 0.9854
epoch [524/1200] batch [132/132] loss: 0.0003 psnr: 36.53 dB  msssim: 0.9849
======  Epoch 524 完成 ======LOSS: 0.0003 | PSNR: 36.53 dB | BEST: 36.74 dB | MSSSIM: 0.9849 | TIME: 60.88秒 | LR: 3.996e-03
epoch [525/1200] batch [1/132] loss: 0.0004 psnr: 34.36 dB  msssim: 0.9771
epoch [525/1200] batch [51/132] loss: 0.0005 psnr: 36.75 dB  msssim: 0.9853
epoch [525/1200] batch [101/132] loss: 0.0005 psnr: 36.62 dB  msssim: 0.9850
epoch [525/1200] batch [132/132] loss: 0.0001 psnr: 36.60 dB  msssim: 0.9850
======  Epoch 525 完成 ======LOSS: 0.0002 | PSNR: 36.60 dB | BEST: 36.74 dB | MSSSIM: 0.9850 | TIME: 60.96秒 | LR: 3.989e-03
epoch [526/1200] batch [1/132] loss: 0.0003 psnr: 35.18 dB  msssim: 0.9819
epoch [526/1200] batch [51/132] loss: 0.0005 psnr: 36.26 dB  msssim: 0.9841
epoch [526/1200] batch [101/132] loss: 0.0003 psnr: 36.41 dB  msssim: 0.9847
epoch [526/1200] batch [132/132] loss: 0.0003 psnr: 36.31 dB  msssim: 0.9846
======  Epoch 526 完成 ======LOSS: 0.0003 | PSNR: 36.31 dB | BEST: 36.74 dB | MSSSIM: 0.9846 | TIME: 60.86秒 | LR: 3.983e-03
epoch [527/1200] batch [1/132] loss: 0.0001 psnr: 38.55 dB  msssim: 0.9930
epoch [527/1200] batch [51/132] loss: 0.0005 psnr: 36.08 dB  msssim: 0.9844
epoch [527/1200] batch [101/132] loss: 0.0001 psnr: 36.05 dB  msssim: 0.9840
epoch [527/1200] batch [132/132] loss: 0.0003 psnr: 36.00 dB  msssim: 0.9839
======  Epoch 527 完成 ======LOSS: 0.0003 | PSNR: 36.00 dB | BEST: 36.74 dB | MSSSIM: 0.9839 | TIME: 60.95秒 | LR: 3.976e-03
epoch [528/1200] batch [1/132] loss: 0.0004 psnr: 33.56 dB  msssim: 0.9740
epoch [528/1200] batch [51/132] loss: 0.0001 psnr: 36.02 dB  msssim: 0.9840
epoch [528/1200] batch [101/132] loss: 0.0001 psnr: 36.23 dB  msssim: 0.9844
epoch [528/1200] batch [132/132] loss: 0.0003 psnr: 36.19 dB  msssim: 0.9840
======  Epoch 528 完成 ======LOSS: 0.0003 | PSNR: 36.19 dB | BEST: 36.74 dB | MSSSIM: 0.9840 | TIME: 60.92秒 | LR: 3.970e-03
epoch [529/1200] batch [1/132] loss: 0.0001 psnr: 38.38 dB  msssim: 0.9916
epoch [529/1200] batch [51/132] loss: 0.0004 psnr: 36.09 dB  msssim: 0.9836
epoch [529/1200] batch [101/132] loss: 0.0002 psnr: 36.28 dB  msssim: 0.9841
epoch [529/1200] batch [132/132] loss: 0.0003 psnr: 36.46 dB  msssim: 0.9847
======  Epoch 529 完成 ======LOSS: 0.0003 | PSNR: 36.46 dB | BEST: 36.74 dB | MSSSIM: 0.9847 | TIME: 60.92秒 | LR: 3.963e-03
epoch [530/1200] batch [1/132] loss: 0.0002 psnr: 36.79 dB  msssim: 0.9875
epoch [530/1200] batch [51/132] loss: 0.0004 psnr: 36.23 dB  msssim: 0.9840
epoch [530/1200] batch [101/132] loss: 0.0001 psnr: 36.64 dB  msssim: 0.9853
epoch [530/1200] batch [132/132] loss: 0.0004 psnr: 36.62 dB  msssim: 0.9851
======  Epoch 530 完成 ======LOSS: 0.0002 | PSNR: 36.62 dB | BEST: 36.74 dB | MSSSIM: 0.9851 | TIME: 60.97秒 | LR: 3.956e-03
epoch [531/1200] batch [1/132] loss: 0.0003 psnr: 35.80 dB  msssim: 0.9844
epoch [531/1200] batch [51/132] loss: 0.0004 psnr: 36.10 dB  msssim: 0.9839
epoch [531/1200] batch [101/132] loss: 0.0003 psnr: 36.35 dB  msssim: 0.9844
epoch [531/1200] batch [132/132] loss: 0.0002 psnr: 36.56 dB  msssim: 0.9851
======  Epoch 531 完成 ======LOSS: 0.0002 | PSNR: 36.56 dB | BEST: 36.74 dB | MSSSIM: 0.9851 | TIME: 60.95秒 | LR: 3.950e-03
epoch [532/1200] batch [1/132] loss: 0.0003 psnr: 34.58 dB  msssim: 0.9786
epoch [532/1200] batch [51/132] loss: 0.0001 psnr: 37.13 dB  msssim: 0.9863
epoch [532/1200] batch [101/132] loss: 0.0001 psnr: 36.97 dB  msssim: 0.9862
epoch [532/1200] batch [132/132] loss: 0.0001 psnr: 36.74 dB  msssim: 0.9854
======  Epoch 532 完成 ======LOSS: 0.0002 | PSNR: 36.74 dB | BEST: 36.74 dB | MSSSIM: 0.9854 | TIME: 60.91秒 | LR: 3.943e-03
epoch [533/1200] batch [1/132] loss: 0.0003 psnr: 35.50 dB  msssim: 0.9840
epoch [533/1200] batch [51/132] loss: 0.0001 psnr: 36.69 dB  msssim: 0.9853
epoch [533/1200] batch [101/132] loss: 0.0005 psnr: 36.72 dB  msssim: 0.9856
epoch [533/1200] batch [132/132] loss: 0.0004 psnr: 36.65 dB  msssim: 0.9852
======  Epoch 533 完成 ======LOSS: 0.0002 | PSNR: 36.65 dB | BEST: 36.74 dB | MSSSIM: 0.9852 | TIME: 61.16秒 | LR: 3.936e-03
epoch [534/1200] batch [1/132] loss: 0.0001 psnr: 38.56 dB  msssim: 0.9913
epoch [534/1200] batch [51/132] loss: 0.0001 psnr: 36.90 dB  msssim: 0.9860
epoch [534/1200] batch [101/132] loss: 0.0003 psnr: 36.83 dB  msssim: 0.9861
epoch [534/1200] batch [132/132] loss: 0.0005 psnr: 36.60 dB  msssim: 0.9851
======  Epoch 534 完成 ======LOSS: 0.0002 | PSNR: 36.60 dB | BEST: 36.74 dB | MSSSIM: 0.9851 | TIME: 61.37秒 | LR: 3.930e-03
epoch [535/1200] batch [1/132] loss: 0.0005 psnr: 33.42 dB  msssim: 0.9715
epoch [535/1200] batch [51/132] loss: 0.0002 psnr: 36.34 dB  msssim: 0.9846
epoch [535/1200] batch [101/132] loss: 0.0003 psnr: 36.46 dB  msssim: 0.9849
epoch [535/1200] batch [132/132] loss: 0.0003 psnr: 36.37 dB  msssim: 0.9846
======  Epoch 535 完成 ======LOSS: 0.0003 | PSNR: 36.37 dB | BEST: 36.74 dB | MSSSIM: 0.9846 | TIME: 61.72秒 | LR: 3.923e-03
epoch [536/1200] batch [1/132] loss: 0.0002 psnr: 36.10 dB  msssim: 0.9862
epoch [536/1200] batch [51/132] loss: 0.0001 psnr: 36.20 dB  msssim: 0.9852
epoch [536/1200] batch [101/132] loss: 0.0003 psnr: 36.14 dB  msssim: 0.9848
epoch [536/1200] batch [132/132] loss: 0.0004 psnr: 36.06 dB  msssim: 0.9842
======  Epoch 536 完成 ======LOSS: 0.0003 | PSNR: 36.06 dB | BEST: 36.74 dB | MSSSIM: 0.9842 | TIME: 61.06秒 | LR: 3.916e-03
epoch [537/1200] batch [1/132] loss: 0.0001 psnr: 38.99 dB  msssim: 0.9925
epoch [537/1200] batch [51/132] loss: 0.0002 psnr: 36.54 dB  msssim: 0.9853
epoch [537/1200] batch [101/132] loss: 0.0002 psnr: 36.58 dB  msssim: 0.9853
epoch [537/1200] batch [132/132] loss: 0.0004 psnr: 36.50 dB  msssim: 0.9850
======  Epoch 537 完成 ======LOSS: 0.0003 | PSNR: 36.50 dB | BEST: 36.74 dB | MSSSIM: 0.9850 | TIME: 60.85秒 | LR: 3.909e-03
epoch [538/1200] batch [1/132] loss: 0.0002 psnr: 38.14 dB  msssim: 0.9913
epoch [538/1200] batch [51/132] loss: 0.0003 psnr: 36.37 dB  msssim: 0.9849
epoch [538/1200] batch [101/132] loss: 0.0001 psnr: 36.36 dB  msssim: 0.9846
epoch [538/1200] batch [132/132] loss: 0.0004 psnr: 36.48 dB  msssim: 0.9849
======  Epoch 538 完成 ======LOSS: 0.0003 | PSNR: 36.48 dB | BEST: 36.74 dB | MSSSIM: 0.9849 | TIME: 61.03秒 | LR: 3.903e-03
epoch [539/1200] batch [1/132] loss: 0.0001 psnr: 38.56 dB  msssim: 0.9922
epoch [539/1200] batch [51/132] loss: 0.0003 psnr: 36.46 dB  msssim: 0.9845
epoch [539/1200] batch [101/132] loss: 0.0001 psnr: 36.75 dB  msssim: 0.9857
epoch [539/1200] batch [132/132] loss: 0.0005 psnr: 36.57 dB  msssim: 0.9850
======  Epoch 539 完成 ======LOSS: 0.0002 | PSNR: 36.57 dB | BEST: 36.74 dB | MSSSIM: 0.9850 | TIME: 60.98秒 | LR: 3.896e-03
epoch [540/1200] batch [1/132] loss: 0.0001 psnr: 38.64 dB  msssim: 0.9915
epoch [540/1200] batch [51/132] loss: 0.0001 psnr: 36.67 dB  msssim: 0.9853
epoch [540/1200] batch [101/132] loss: 0.0001 psnr: 36.61 dB  msssim: 0.9852
epoch [540/1200] batch [132/132] loss: 0.0003 psnr: 36.63 dB  msssim: 0.9852
======  Epoch 540 完成 ======LOSS: 0.0002 | PSNR: 36.63 dB | BEST: 36.74 dB | MSSSIM: 0.9852 | TIME: 61.10秒 | LR: 3.889e-03
epoch [541/1200] batch [1/132] loss: 0.0004 psnr: 33.95 dB  msssim: 0.9733
epoch [541/1200] batch [51/132] loss: 0.0003 psnr: 36.20 dB  msssim: 0.9839
epoch [541/1200] batch [101/132] loss: 0.0004 psnr: 36.35 dB  msssim: 0.9845
epoch [541/1200] batch [132/132] loss: 0.0002 psnr: 36.50 dB  msssim: 0.9850
======  Epoch 541 完成 ======LOSS: 0.0003 | PSNR: 36.50 dB | BEST: 36.74 dB | MSSSIM: 0.9850 | TIME: 61.05秒 | LR: 3.882e-03
epoch [542/1200] batch [1/132] loss: 0.0001 psnr: 39.16 dB  msssim: 0.9927
epoch [542/1200] batch [51/132] loss: 0.0001 psnr: 37.07 dB  msssim: 0.9866
epoch [542/1200] batch [101/132] loss: 0.0003 psnr: 36.75 dB  msssim: 0.9857
epoch [542/1200] batch [132/132] loss: 0.0004 psnr: 36.65 dB  msssim: 0.9853
======  Epoch 542 完成 ======LOSS: 0.0002 | PSNR: 36.65 dB | BEST: 36.74 dB | MSSSIM: 0.9853 | TIME: 61.12秒 | LR: 3.875e-03
epoch [543/1200] batch [1/132] loss: 0.0004 psnr: 34.29 dB  msssim: 0.9767
epoch [543/1200] batch [51/132] loss: 0.0001 psnr: 36.67 dB  msssim: 0.9856
epoch [543/1200] batch [101/132] loss: 0.0002 psnr: 36.61 dB  msssim: 0.9852
epoch [543/1200] batch [132/132] loss: 0.0002 psnr: 36.65 dB  msssim: 0.9852
======  Epoch 543 完成 ======LOSS: 0.0002 | PSNR: 36.65 dB | BEST: 36.74 dB | MSSSIM: 0.9852 | TIME: 62.19秒 | LR: 3.869e-03
epoch [544/1200] batch [1/132] loss: 0.0002 psnr: 37.99 dB  msssim: 0.9905
epoch [544/1200] batch [51/132] loss: 0.0003 psnr: 36.56 dB  msssim: 0.9853
epoch [544/1200] batch [101/132] loss: 0.0004 psnr: 36.54 dB  msssim: 0.9850
epoch [544/1200] batch [132/132] loss: 0.0001 psnr: 36.60 dB  msssim: 0.9852
======  Epoch 544 完成 ======LOSS: 0.0002 | PSNR: 36.60 dB | BEST: 36.74 dB | MSSSIM: 0.9852 | TIME: 61.02秒 | LR: 3.862e-03
epoch [545/1200] batch [1/132] loss: 0.0004 psnr: 34.03 dB  msssim: 0.9755
epoch [545/1200] batch [51/132] loss: 0.0001 psnr: 36.82 dB  msssim: 0.9860
epoch [545/1200] batch [101/132] loss: 0.0001 psnr: 36.53 dB  msssim: 0.9854
epoch [545/1200] batch [132/132] loss: 0.0001 psnr: 36.30 dB  msssim: 0.9847
======  Epoch 545 完成 ======LOSS: 0.0003 | PSNR: 36.30 dB | BEST: 36.74 dB | MSSSIM: 0.9847 | TIME: 61.02秒 | LR: 3.855e-03
epoch [546/1200] batch [1/132] loss: 0.0004 psnr: 33.67 dB  msssim: 0.9741
epoch [546/1200] batch [51/132] loss: 0.0004 psnr: 34.72 dB  msssim: 0.9822
epoch [546/1200] batch [101/132] loss: 0.0002 psnr: 34.98 dB  msssim: 0.9814
epoch [546/1200] batch [132/132] loss: 0.0005 psnr: 35.33 dB  msssim: 0.9825
======  Epoch 546 完成 ======LOSS: 0.0003 | PSNR: 35.33 dB | BEST: 36.74 dB | MSSSIM: 0.9825 | TIME: 60.91秒 | LR: 3.848e-03
epoch [547/1200] batch [1/132] loss: 0.0002 psnr: 37.75 dB  msssim: 0.9914
epoch [547/1200] batch [51/132] loss: 0.0005 psnr: 36.16 dB  msssim: 0.9845
epoch [547/1200] batch [101/132] loss: 0.0003 psnr: 35.95 dB  msssim: 0.9840
epoch [547/1200] batch [132/132] loss: 0.0003 psnr: 36.10 dB  msssim: 0.9842
======  Epoch 547 完成 ======LOSS: 0.0003 | PSNR: 36.10 dB | BEST: 36.74 dB | MSSSIM: 0.9842 | TIME: 60.98秒 | LR: 3.841e-03
epoch [548/1200] batch [1/132] loss: 0.0003 psnr: 34.60 dB  msssim: 0.9796
epoch [548/1200] batch [51/132] loss: 0.0001 psnr: 36.47 dB  msssim: 0.9847
epoch [548/1200] batch [101/132] loss: 0.0005 psnr: 36.30 dB  msssim: 0.9846
epoch [548/1200] batch [132/132] loss: 0.0002 psnr: 36.25 dB  msssim: 0.9846
======  Epoch 548 完成 ======LOSS: 0.0003 | PSNR: 36.25 dB | BEST: 36.74 dB | MSSSIM: 0.9846 | TIME: 60.98秒 | LR: 3.834e-03
epoch [549/1200] batch [1/132] loss: 0.0001 psnr: 39.30 dB  msssim: 0.9932
epoch [549/1200] batch [51/132] loss: 0.0002 psnr: 36.47 dB  msssim: 0.9847
epoch [549/1200] batch [101/132] loss: 0.0001 psnr: 36.74 dB  msssim: 0.9856
epoch [549/1200] batch [132/132] loss: 0.0002 psnr: 36.54 dB  msssim: 0.9851
======  Epoch 549 完成 ======LOSS: 0.0002 | PSNR: 36.54 dB | BEST: 36.74 dB | MSSSIM: 0.9851 | TIME: 60.98秒 | LR: 3.827e-03
epoch [550/1200] batch [1/132] loss: 0.0005 psnr: 33.29 dB  msssim: 0.9709
epoch [550/1200] batch [51/132] loss: 0.0002 psnr: 35.84 dB  msssim: 0.9838
epoch [550/1200] batch [101/132] loss: 0.0002 psnr: 35.87 dB  msssim: 0.9837
epoch [550/1200] batch [132/132] loss: 0.0001 psnr: 36.08 dB  msssim: 0.9843
======  Epoch 550 完成 ======LOSS: 0.0003 | PSNR: 36.08 dB | BEST: 36.74 dB | MSSSIM: 0.9843 | TIME: 60.97秒 | LR: 3.820e-03
Step [1/132] | Val PSNR: 35.63 dB | Val MSSSIM: 0.9842 | FPS: 81.34
Step [51/132] | Val PSNR: 34.55 dB | Val MSSSIM: 0.9779 | FPS: 193.98
Step [101/132] | Val PSNR: 35.95 dB | Val MSSSIM: 0.9831 | FPS: 201.13
Step [132/132] | Val PSNR: 36.61 dB | Val MSSSIM: 0.9853 | FPS: 206.17
== Epoch 550 测试完成 == PSNR: 36.61 dB | BEST: 36.74 dB | MSSSIM: 0.9853 | TIME: 19.01秒 | 
epoch [551/1200] batch [1/132] loss: 0.0003 psnr: 35.83 dB  msssim: 0.9839
epoch [551/1200] batch [51/132] loss: 0.0001 psnr: 36.76 dB  msssim: 0.9859
epoch [551/1200] batch [101/132] loss: 0.0001 psnr: 36.62 dB  msssim: 0.9855
epoch [551/1200] batch [132/132] loss: 0.0001 psnr: 36.58 dB  msssim: 0.9853
======  Epoch 551 完成 ======LOSS: 0.0002 | PSNR: 36.58 dB | BEST: 36.74 dB | MSSSIM: 0.9853 | TIME: 60.92秒 | LR: 3.813e-03
epoch [552/1200] batch [1/132] loss: 0.0002 psnr: 37.68 dB  msssim: 0.9895
epoch [552/1200] batch [51/132] loss: 0.0004 psnr: 37.06 dB  msssim: 0.9868
epoch [552/1200] batch [101/132] loss: 0.0002 psnr: 36.73 dB  msssim: 0.9856
epoch [552/1200] batch [132/132] loss: 0.0003 psnr: 36.67 dB  msssim: 0.9854
======  Epoch 552 完成 ======LOSS: 0.0002 | PSNR: 36.67 dB | BEST: 36.74 dB | MSSSIM: 0.9854 | TIME: 61.02秒 | LR: 3.806e-03
epoch [553/1200] batch [1/132] loss: 0.0002 psnr: 37.59 dB  msssim: 0.9893
epoch [553/1200] batch [51/132] loss: 0.0002 psnr: 36.52 dB  msssim: 0.9853
epoch [553/1200] batch [101/132] loss: 0.0001 psnr: 36.69 dB  msssim: 0.9856
epoch [553/1200] batch [132/132] loss: 0.0001 psnr: 36.67 dB  msssim: 0.9854
======  Epoch 553 完成 ======LOSS: 0.0002 | PSNR: 36.67 dB | BEST: 36.74 dB | MSSSIM: 0.9854 | TIME: 61.03秒 | LR: 3.799e-03
epoch [554/1200] batch [1/132] loss: 0.0002 psnr: 36.26 dB  msssim: 0.9861
epoch [554/1200] batch [51/132] loss: 0.0002 psnr: 36.35 dB  msssim: 0.9843
epoch [554/1200] batch [101/132] loss: 0.0002 psnr: 36.33 dB  msssim: 0.9844
epoch [554/1200] batch [132/132] loss: 0.0004 psnr: 36.58 dB  msssim: 0.9852
======  Epoch 554 完成 ======LOSS: 0.0002 | PSNR: 36.58 dB | BEST: 36.74 dB | MSSSIM: 0.9852 | TIME: 60.96秒 | LR: 3.792e-03
epoch [555/1200] batch [1/132] loss: 0.0001 psnr: 39.11 dB  msssim: 0.9924
epoch [555/1200] batch [51/132] loss: 0.0001 psnr: 36.22 dB  msssim: 0.9839
epoch [555/1200] batch [101/132] loss: 0.0001 psnr: 36.46 dB  msssim: 0.9850
epoch [555/1200] batch [132/132] loss: 0.0002 psnr: 36.49 dB  msssim: 0.9851
======  Epoch 555 完成 ======LOSS: 0.0003 | PSNR: 36.49 dB | BEST: 36.74 dB | MSSSIM: 0.9851 | TIME: 60.92秒 | LR: 3.785e-03
epoch [556/1200] batch [1/132] loss: 0.0001 psnr: 38.34 dB  msssim: 0.9910
epoch [556/1200] batch [51/132] loss: 0.0001 psnr: 36.81 dB  msssim: 0.9860
epoch [556/1200] batch [101/132] loss: 0.0004 psnr: 36.67 dB  msssim: 0.9854
epoch [556/1200] batch [132/132] loss: 0.0003 psnr: 36.69 dB  msssim: 0.9855
======  Epoch 556 完成 ======LOSS: 0.0002 | PSNR: 36.69 dB | BEST: 36.74 dB | MSSSIM: 0.9855 | TIME: 60.97秒 | LR: 3.778e-03
epoch [557/1200] batch [1/132] loss: 0.0003 psnr: 35.02 dB  msssim: 0.9816
epoch [557/1200] batch [51/132] loss: 0.0001 psnr: 37.31 dB  msssim: 0.9874
epoch [557/1200] batch [101/132] loss: 0.0002 psnr: 36.78 dB  msssim: 0.9856
epoch [557/1200] batch [132/132] loss: 0.0003 psnr: 36.70 dB  msssim: 0.9854
======  Epoch 557 完成 ======LOSS: 0.0002 | PSNR: 36.70 dB | BEST: 36.74 dB | MSSSIM: 0.9854 | TIME: 61.04秒 | LR: 3.771e-03
epoch [558/1200] batch [1/132] loss: 0.0002 psnr: 36.52 dB  msssim: 0.9866
epoch [558/1200] batch [51/132] loss: 0.0001 psnr: 36.41 dB  msssim: 0.9843
epoch [558/1200] batch [101/132] loss: 0.0001 psnr: 36.58 dB  msssim: 0.9849
epoch [558/1200] batch [132/132] loss: 0.0001 psnr: 36.74 dB  msssim: 0.9855
======  Epoch 558 完成 ======LOSS: 0.0002 | PSNR: 36.74 dB | BEST: 36.74 dB | MSSSIM: 0.9855 | TIME: 61.01秒 | LR: 3.764e-03
epoch [559/1200] batch [1/132] loss: 0.0002 psnr: 36.57 dB  msssim: 0.9869
epoch [559/1200] batch [51/132] loss: 0.0002 psnr: 36.52 dB  msssim: 0.9843
epoch [559/1200] batch [101/132] loss: 0.0001 psnr: 36.88 dB  msssim: 0.9857
epoch [559/1200] batch [132/132] loss: 0.0001 psnr: 36.86 dB  msssim: 0.9858
======  Epoch 559 完成 ======LOSS: 0.0002 | PSNR: 36.86 dB | BEST: 36.86 dB | MSSSIM: 0.9858 | TIME: 60.92秒 | LR: 3.757e-03
epoch [560/1200] batch [1/132] loss: 0.0003 psnr: 35.47 dB  msssim: 0.9828
epoch [560/1200] batch [51/132] loss: 0.0001 psnr: 36.77 dB  msssim: 0.9859
epoch [560/1200] batch [101/132] loss: 0.0001 psnr: 36.84 dB  msssim: 0.9859
epoch [560/1200] batch [132/132] loss: 0.0002 psnr: 36.83 dB  msssim: 0.9857
======  Epoch 560 完成 ======LOSS: 0.0002 | PSNR: 36.83 dB | BEST: 36.86 dB | MSSSIM: 0.9857 | TIME: 60.98秒 | LR: 3.750e-03
epoch [561/1200] batch [1/132] loss: 0.0001 psnr: 39.73 dB  msssim: 0.9933
epoch [561/1200] batch [51/132] loss: 0.0001 psnr: 36.53 dB  msssim: 0.9846
epoch [561/1200] batch [101/132] loss: 0.0001 psnr: 36.61 dB  msssim: 0.9850
epoch [561/1200] batch [132/132] loss: 0.0002 psnr: 36.62 dB  msssim: 0.9851
======  Epoch 561 完成 ======LOSS: 0.0002 | PSNR: 36.62 dB | BEST: 36.86 dB | MSSSIM: 0.9851 | TIME: 60.96秒 | LR: 3.743e-03
epoch [562/1200] batch [1/132] loss: 0.0003 psnr: 35.16 dB  msssim: 0.9829
epoch [562/1200] batch [51/132] loss: 0.0004 psnr: 36.45 dB  msssim: 0.9851
epoch [562/1200] batch [101/132] loss: 0.0004 psnr: 36.36 dB  msssim: 0.9851
epoch [562/1200] batch [132/132] loss: 0.0002 psnr: 36.27 dB  msssim: 0.9849
======  Epoch 562 完成 ======LOSS: 0.0003 | PSNR: 36.27 dB | BEST: 36.86 dB | MSSSIM: 0.9849 | TIME: 61.03秒 | LR: 3.736e-03
epoch [563/1200] batch [1/132] loss: 0.0003 psnr: 35.43 dB  msssim: 0.9822
epoch [563/1200] batch [51/132] loss: 0.0005 psnr: 35.48 dB  msssim: 0.9835
epoch [563/1200] batch [101/132] loss: 0.0002 psnr: 35.94 dB  msssim: 0.9841
epoch [563/1200] batch [132/132] loss: 0.0002 psnr: 36.09 dB  msssim: 0.9844
======  Epoch 563 完成 ======LOSS: 0.0003 | PSNR: 36.09 dB | BEST: 36.86 dB | MSSSIM: 0.9844 | TIME: 60.92秒 | LR: 3.729e-03
epoch [564/1200] batch [1/132] loss: 0.0001 psnr: 39.15 dB  msssim: 0.9927
epoch [564/1200] batch [51/132] loss: 0.0005 psnr: 36.25 dB  msssim: 0.9840
epoch [564/1200] batch [101/132] loss: 0.0003 psnr: 36.44 dB  msssim: 0.9849
epoch [564/1200] batch [132/132] loss: 0.0001 psnr: 36.55 dB  msssim: 0.9852
======  Epoch 564 完成 ======LOSS: 0.0002 | PSNR: 36.55 dB | BEST: 36.86 dB | MSSSIM: 0.9852 | TIME: 60.88秒 | LR: 3.722e-03
epoch [565/1200] batch [1/132] loss: 0.0001 psnr: 39.67 dB  msssim: 0.9935
epoch [565/1200] batch [51/132] loss: 0.0002 psnr: 36.60 dB  msssim: 0.9853
epoch [565/1200] batch [101/132] loss: 0.0003 psnr: 36.65 dB  msssim: 0.9853
epoch [565/1200] batch [132/132] loss: 0.0001 psnr: 36.73 dB  msssim: 0.9855
======  Epoch 565 完成 ======LOSS: 0.0002 | PSNR: 36.73 dB | BEST: 36.86 dB | MSSSIM: 0.9855 | TIME: 61.20秒 | LR: 3.714e-03
epoch [566/1200] batch [1/132] loss: 0.0001 psnr: 39.86 dB  msssim: 0.9936
epoch [566/1200] batch [51/132] loss: 0.0001 psnr: 36.56 dB  msssim: 0.9847
epoch [566/1200] batch [101/132] loss: 0.0004 psnr: 36.65 dB  msssim: 0.9852
epoch [566/1200] batch [132/132] loss: 0.0002 psnr: 36.72 dB  msssim: 0.9855
======  Epoch 566 完成 ======LOSS: 0.0002 | PSNR: 36.72 dB | BEST: 36.86 dB | MSSSIM: 0.9855 | TIME: 60.95秒 | LR: 3.707e-03
epoch [567/1200] batch [1/132] loss: 0.0001 psnr: 39.47 dB  msssim: 0.9934
epoch [567/1200] batch [51/132] loss: 0.0003 psnr: 37.07 dB  msssim: 0.9867
epoch [567/1200] batch [101/132] loss: 0.0004 psnr: 36.63 dB  msssim: 0.9854
epoch [567/1200] batch [132/132] loss: 0.0001 psnr: 36.64 dB  msssim: 0.9854
======  Epoch 567 完成 ======LOSS: 0.0002 | PSNR: 36.64 dB | BEST: 36.86 dB | MSSSIM: 0.9854 | TIME: 61.07秒 | LR: 3.700e-03
epoch [568/1200] batch [1/132] loss: 0.0002 psnr: 36.17 dB  msssim: 0.9870
epoch [568/1200] batch [51/132] loss: 0.0005 psnr: 36.16 dB  msssim: 0.9846
epoch [568/1200] batch [101/132] loss: 0.0003 psnr: 36.27 dB  msssim: 0.9846
epoch [568/1200] batch [132/132] loss: 0.0004 psnr: 36.36 dB  msssim: 0.9849
======  Epoch 568 完成 ======LOSS: 0.0003 | PSNR: 36.36 dB | BEST: 36.86 dB | MSSSIM: 0.9849 | TIME: 61.03秒 | LR: 3.693e-03
epoch [569/1200] batch [1/132] loss: 0.0001 psnr: 39.50 dB  msssim: 0.9932
epoch [569/1200] batch [51/132] loss: 0.0003 psnr: 35.95 dB  msssim: 0.9837
epoch [569/1200] batch [101/132] loss: 0.0004 psnr: 36.08 dB  msssim: 0.9845
epoch [569/1200] batch [132/132] loss: 0.0002 psnr: 36.10 dB  msssim: 0.9847
======  Epoch 569 完成 ======LOSS: 0.0003 | PSNR: 36.10 dB | BEST: 36.86 dB | MSSSIM: 0.9847 | TIME: 61.00秒 | LR: 3.686e-03
epoch [570/1200] batch [1/132] loss: 0.0004 psnr: 33.73 dB  msssim: 0.9747
epoch [570/1200] batch [51/132] loss: 0.0003 psnr: 36.03 dB  msssim: 0.9836
epoch [570/1200] batch [101/132] loss: 0.0004 psnr: 36.40 dB  msssim: 0.9848
epoch [570/1200] batch [132/132] loss: 0.0002 psnr: 36.45 dB  msssim: 0.9850
======  Epoch 570 完成 ======LOSS: 0.0003 | PSNR: 36.45 dB | BEST: 36.86 dB | MSSSIM: 0.9850 | TIME: 60.94秒 | LR: 3.679e-03
epoch [571/1200] batch [1/132] loss: 0.0004 psnr: 33.85 dB  msssim: 0.9747
epoch [571/1200] batch [51/132] loss: 0.0003 psnr: 36.70 dB  msssim: 0.9856
epoch [571/1200] batch [101/132] loss: 0.0002 psnr: 36.49 dB  msssim: 0.9849
epoch [571/1200] batch [132/132] loss: 0.0002 psnr: 36.49 dB  msssim: 0.9850
======  Epoch 571 完成 ======LOSS: 0.0003 | PSNR: 36.49 dB | BEST: 36.86 dB | MSSSIM: 0.9850 | TIME: 60.97秒 | LR: 3.671e-03
epoch [572/1200] batch [1/132] loss: 0.0003 psnr: 35.26 dB  msssim: 0.9829
epoch [572/1200] batch [51/132] loss: 0.0001 psnr: 36.80 dB  msssim: 0.9860
epoch [572/1200] batch [101/132] loss: 0.0001 psnr: 36.68 dB  msssim: 0.9854
epoch [572/1200] batch [132/132] loss: 0.0004 psnr: 36.68 dB  msssim: 0.9854
======  Epoch 572 完成 ======LOSS: 0.0002 | PSNR: 36.68 dB | BEST: 36.86 dB | MSSSIM: 0.9854 | TIME: 60.94秒 | LR: 3.664e-03
epoch [573/1200] batch [1/132] loss: 0.0002 psnr: 36.40 dB  msssim: 0.9870
epoch [573/1200] batch [51/132] loss: 0.0002 psnr: 36.67 dB  msssim: 0.9854
epoch [573/1200] batch [101/132] loss: 0.0003 psnr: 36.68 dB  msssim: 0.9855
epoch [573/1200] batch [132/132] loss: 0.0003 psnr: 36.73 dB  msssim: 0.9856
======  Epoch 573 完成 ======LOSS: 0.0002 | PSNR: 36.73 dB | BEST: 36.86 dB | MSSSIM: 0.9856 | TIME: 60.83秒 | LR: 3.657e-03
epoch [574/1200] batch [1/132] loss: 0.0003 psnr: 34.97 dB  msssim: 0.9806
epoch [574/1200] batch [51/132] loss: 0.0004 psnr: 36.97 dB  msssim: 0.9861
epoch [574/1200] batch [101/132] loss: 0.0001 psnr: 36.98 dB  msssim: 0.9862
epoch [574/1200] batch [132/132] loss: 0.0003 psnr: 36.85 dB  msssim: 0.9858
======  Epoch 574 完成 ======LOSS: 0.0002 | PSNR: 36.85 dB | BEST: 36.86 dB | MSSSIM: 0.9858 | TIME: 61.21秒 | LR: 3.650e-03
epoch [575/1200] batch [1/132] loss: 0.0001 psnr: 39.45 dB  msssim: 0.9937
epoch [575/1200] batch [51/132] loss: 0.0004 psnr: 37.06 dB  msssim: 0.9864
epoch [575/1200] batch [101/132] loss: 0.0002 psnr: 36.93 dB  msssim: 0.9860
epoch [575/1200] batch [132/132] loss: 0.0001 psnr: 36.85 dB  msssim: 0.9858
======  Epoch 575 完成 ======LOSS: 0.0002 | PSNR: 36.85 dB | BEST: 36.86 dB | MSSSIM: 0.9858 | TIME: 60.93秒 | LR: 3.642e-03
epoch [576/1200] batch [1/132] loss: 0.0002 psnr: 36.38 dB  msssim: 0.9863
epoch [576/1200] batch [51/132] loss: 0.0001 psnr: 36.72 dB  msssim: 0.9854
epoch [576/1200] batch [101/132] loss: 0.0002 psnr: 36.71 dB  msssim: 0.9855
epoch [576/1200] batch [132/132] loss: 0.0001 psnr: 36.69 dB  msssim: 0.9855
======  Epoch 576 完成 ======LOSS: 0.0002 | PSNR: 36.69 dB | BEST: 36.86 dB | MSSSIM: 0.9855 | TIME: 61.02秒 | LR: 3.635e-03
epoch [577/1200] batch [1/132] loss: 0.0002 psnr: 36.17 dB  msssim: 0.9858
epoch [577/1200] batch [51/132] loss: 0.0003 psnr: 36.56 dB  msssim: 0.9859
epoch [577/1200] batch [101/132] loss: 0.0004 psnr: 36.54 dB  msssim: 0.9858
epoch [577/1200] batch [132/132] loss: 0.0005 psnr: 36.37 dB  msssim: 0.9850
======  Epoch 577 完成 ======LOSS: 0.0003 | PSNR: 36.37 dB | BEST: 36.86 dB | MSSSIM: 0.9850 | TIME: 60.92秒 | LR: 3.628e-03
epoch [578/1200] batch [1/132] loss: 0.0001 psnr: 38.91 dB  msssim: 0.9928
epoch [578/1200] batch [51/132] loss: 0.0003 psnr: 35.80 dB  msssim: 0.9842
epoch [578/1200] batch [101/132] loss: 0.0004 psnr: 35.88 dB  msssim: 0.9838
epoch [578/1200] batch [132/132] loss: 0.0002 psnr: 36.10 dB  msssim: 0.9844
======  Epoch 578 完成 ======LOSS: 0.0003 | PSNR: 36.10 dB | BEST: 36.86 dB | MSSSIM: 0.9844 | TIME: 60.88秒 | LR: 3.620e-03
epoch [579/1200] batch [1/132] loss: 0.0001 psnr: 39.15 dB  msssim: 0.9932
epoch [579/1200] batch [51/132] loss: 0.0003 psnr: 36.30 dB  msssim: 0.9851
epoch [579/1200] batch [101/132] loss: 0.0001 psnr: 36.36 dB  msssim: 0.9849
epoch [579/1200] batch [132/132] loss: 0.0004 psnr: 36.44 dB  msssim: 0.9850
======  Epoch 579 完成 ======LOSS: 0.0003 | PSNR: 36.44 dB | BEST: 36.86 dB | MSSSIM: 0.9850 | TIME: 60.90秒 | LR: 3.613e-03
epoch [580/1200] batch [1/132] loss: 0.0001 psnr: 39.74 dB  msssim: 0.9935
epoch [580/1200] batch [51/132] loss: 0.0001 psnr: 36.51 dB  msssim: 0.9853
epoch [580/1200] batch [101/132] loss: 0.0003 psnr: 36.66 dB  msssim: 0.9858
epoch [580/1200] batch [132/132] loss: 0.0001 psnr: 36.53 dB  msssim: 0.9851
======  Epoch 580 完成 ======LOSS: 0.0002 | PSNR: 36.53 dB | BEST: 36.86 dB | MSSSIM: 0.9851 | TIME: 60.88秒 | LR: 3.606e-03
epoch [581/1200] batch [1/132] loss: 0.0002 psnr: 38.06 dB  msssim: 0.9910
epoch [581/1200] batch [51/132] loss: 0.0001 psnr: 36.54 dB  msssim: 0.9853
epoch [581/1200] batch [101/132] loss: 0.0005 psnr: 36.61 dB  msssim: 0.9856
epoch [581/1200] batch [132/132] loss: 0.0003 psnr: 36.57 dB  msssim: 0.9853
======  Epoch 581 完成 ======LOSS: 0.0002 | PSNR: 36.57 dB | BEST: 36.86 dB | MSSSIM: 0.9853 | TIME: 60.91秒 | LR: 3.598e-03
epoch [582/1200] batch [1/132] loss: 0.0002 psnr: 37.33 dB  msssim: 0.9887
epoch [582/1200] batch [51/132] loss: 0.0004 psnr: 36.62 dB  msssim: 0.9856
epoch [582/1200] batch [101/132] loss: 0.0003 psnr: 36.60 dB  msssim: 0.9853
epoch [582/1200] batch [132/132] loss: 0.0004 psnr: 36.62 dB  msssim: 0.9853
======  Epoch 582 完成 ======LOSS: 0.0002 | PSNR: 36.62 dB | BEST: 36.86 dB | MSSSIM: 0.9853 | TIME: 61.42秒 | LR: 3.591e-03
epoch [583/1200] batch [1/132] loss: 0.0004 psnr: 34.07 dB  msssim: 0.9771
epoch [583/1200] batch [51/132] loss: 0.0004 psnr: 36.69 dB  msssim: 0.9856
epoch [583/1200] batch [101/132] loss: 0.0003 psnr: 36.65 dB  msssim: 0.9851
epoch [583/1200] batch [132/132] loss: 0.0002 psnr: 36.80 dB  msssim: 0.9857
======  Epoch 583 完成 ======LOSS: 0.0002 | PSNR: 36.80 dB | BEST: 36.86 dB | MSSSIM: 0.9857 | TIME: 61.39秒 | LR: 3.584e-03
epoch [584/1200] batch [1/132] loss: 0.0001 psnr: 39.25 dB  msssim: 0.9933
epoch [584/1200] batch [51/132] loss: 0.0003 psnr: 36.30 dB  msssim: 0.9842
epoch [584/1200] batch [101/132] loss: 0.0004 psnr: 36.61 dB  msssim: 0.9852
epoch [584/1200] batch [132/132] loss: 0.0004 psnr: 36.74 dB  msssim: 0.9857
======  Epoch 584 完成 ======LOSS: 0.0002 | PSNR: 36.74 dB | BEST: 36.86 dB | MSSSIM: 0.9857 | TIME: 61.17秒 | LR: 3.576e-03
epoch [585/1200] batch [1/132] loss: 0.0004 psnr: 34.34 dB  msssim: 0.9770
epoch [585/1200] batch [51/132] loss: 0.0001 psnr: 36.72 dB  msssim: 0.9857
epoch [585/1200] batch [101/132] loss: 0.0003 psnr: 36.74 dB  msssim: 0.9856
epoch [585/1200] batch [132/132] loss: 0.0005 psnr: 36.79 dB  msssim: 0.9858
======  Epoch 585 完成 ======LOSS: 0.0002 | PSNR: 36.79 dB | BEST: 36.86 dB | MSSSIM: 0.9858 | TIME: 60.85秒 | LR: 3.569e-03
epoch [586/1200] batch [1/132] loss: 0.0002 psnr: 37.54 dB  msssim: 0.9893
epoch [586/1200] batch [51/132] loss: 0.0002 psnr: 36.97 dB  msssim: 0.9870
epoch [586/1200] batch [101/132] loss: 0.0003 psnr: 36.66 dB  msssim: 0.9856
epoch [586/1200] batch [132/132] loss: 0.0001 psnr: 36.73 dB  msssim: 0.9857
======  Epoch 586 完成 ======LOSS: 0.0002 | PSNR: 36.73 dB | BEST: 36.86 dB | MSSSIM: 0.9857 | TIME: 60.92秒 | LR: 3.562e-03
epoch [587/1200] batch [1/132] loss: 0.0001 psnr: 38.58 dB  msssim: 0.9915
epoch [587/1200] batch [51/132] loss: 0.0001 psnr: 36.55 dB  msssim: 0.9852
epoch [587/1200] batch [101/132] loss: 0.0001 psnr: 36.70 dB  msssim: 0.9857
epoch [587/1200] batch [132/132] loss: 0.0002 psnr: 36.70 dB  msssim: 0.9856
======  Epoch 587 完成 ======LOSS: 0.0002 | PSNR: 36.70 dB | BEST: 36.86 dB | MSSSIM: 0.9856 | TIME: 60.78秒 | LR: 3.554e-03
epoch [588/1200] batch [1/132] loss: 0.0001 psnr: 39.16 dB  msssim: 0.9930
epoch [588/1200] batch [51/132] loss: 0.0002 psnr: 36.28 dB  msssim: 0.9846
epoch [588/1200] batch [101/132] loss: 0.0004 psnr: 36.49 dB  msssim: 0.9852
epoch [588/1200] batch [132/132] loss: 0.0004 psnr: 36.59 dB  msssim: 0.9854
======  Epoch 588 完成 ======LOSS: 0.0002 | PSNR: 36.59 dB | BEST: 36.86 dB | MSSSIM: 0.9854 | TIME: 60.82秒 | LR: 3.547e-03
epoch [589/1200] batch [1/132] loss: 0.0001 psnr: 38.57 dB  msssim: 0.9924
epoch [589/1200] batch [51/132] loss: 0.0002 psnr: 36.89 dB  msssim: 0.9863
epoch [589/1200] batch [101/132] loss: 0.0003 psnr: 36.76 dB  msssim: 0.9858
epoch [589/1200] batch [132/132] loss: 0.0001 psnr: 36.71 dB  msssim: 0.9855
======  Epoch 589 完成 ======LOSS: 0.0002 | PSNR: 36.71 dB | BEST: 36.86 dB | MSSSIM: 0.9855 | TIME: 60.99秒 | LR: 3.539e-03
epoch [590/1200] batch [1/132] loss: 0.0002 psnr: 37.15 dB  msssim: 0.9882
epoch [590/1200] batch [51/132] loss: 0.0004 psnr: 36.54 dB  msssim: 0.9851
epoch [590/1200] batch [101/132] loss: 0.0002 psnr: 36.57 dB  msssim: 0.9852
epoch [590/1200] batch [132/132] loss: 0.0001 psnr: 36.63 dB  msssim: 0.9854
======  Epoch 590 完成 ======LOSS: 0.0002 | PSNR: 36.63 dB | BEST: 36.86 dB | MSSSIM: 0.9854 | TIME: 60.93秒 | LR: 3.532e-03
epoch [591/1200] batch [1/132] loss: 0.0002 psnr: 37.84 dB  msssim: 0.9897
epoch [591/1200] batch [51/132] loss: 0.0002 psnr: 36.77 dB  msssim: 0.9859
epoch [591/1200] batch [101/132] loss: 0.0003 psnr: 36.62 dB  msssim: 0.9854
epoch [591/1200] batch [132/132] loss: 0.0001 psnr: 36.66 dB  msssim: 0.9855
======  Epoch 591 完成 ======LOSS: 0.0002 | PSNR: 36.66 dB | BEST: 36.86 dB | MSSSIM: 0.9855 | TIME: 60.96秒 | LR: 3.524e-03
epoch [592/1200] batch [1/132] loss: 0.0001 psnr: 38.97 dB  msssim: 0.9923
epoch [592/1200] batch [51/132] loss: 0.0001 psnr: 36.48 dB  msssim: 0.9849
epoch [592/1200] batch [101/132] loss: 0.0002 psnr: 36.75 dB  msssim: 0.9858
epoch [592/1200] batch [132/132] loss: 0.0002 psnr: 36.66 dB  msssim: 0.9855
======  Epoch 592 完成 ======LOSS: 0.0002 | PSNR: 36.66 dB | BEST: 36.86 dB | MSSSIM: 0.9855 | TIME: 60.87秒 | LR: 3.517e-03
epoch [593/1200] batch [1/132] loss: 0.0002 psnr: 36.53 dB  msssim: 0.9868
epoch [593/1200] batch [51/132] loss: 0.0001 psnr: 36.57 dB  msssim: 0.9848
epoch [593/1200] batch [101/132] loss: 0.0004 psnr: 36.65 dB  msssim: 0.9851
epoch [593/1200] batch [132/132] loss: 0.0003 psnr: 36.77 dB  msssim: 0.9856
======  Epoch 593 完成 ======LOSS: 0.0002 | PSNR: 36.77 dB | BEST: 36.86 dB | MSSSIM: 0.9856 | TIME: 60.91秒 | LR: 3.509e-03
epoch [594/1200] batch [1/132] loss: 0.0003 psnr: 34.62 dB  msssim: 0.9788
epoch [594/1200] batch [51/132] loss: 0.0002 psnr: 36.51 dB  msssim: 0.9849
epoch [594/1200] batch [101/132] loss: 0.0001 psnr: 36.75 dB  msssim: 0.9857
epoch [594/1200] batch [132/132] loss: 0.0001 psnr: 36.88 dB  msssim: 0.9860
======  Epoch 594 完成 ======LOSS: 0.0002 | PSNR: 36.88 dB | BEST: 36.88 dB | MSSSIM: 0.9860 | TIME: 60.97秒 | LR: 3.502e-03
epoch [595/1200] batch [1/132] loss: 0.0002 psnr: 37.06 dB  msssim: 0.9882
epoch [595/1200] batch [51/132] loss: 0.0001 psnr: 36.65 dB  msssim: 0.9854
epoch [595/1200] batch [101/132] loss: 0.0002 psnr: 36.58 dB  msssim: 0.9857
epoch [595/1200] batch [132/132] loss: 0.0001 psnr: 36.57 dB  msssim: 0.9855
======  Epoch 595 完成 ======LOSS: 0.0002 | PSNR: 36.57 dB | BEST: 36.88 dB | MSSSIM: 0.9855 | TIME: 60.81秒 | LR: 3.494e-03
epoch [596/1200] batch [1/132] loss: 0.0001 psnr: 39.00 dB  msssim: 0.9929
epoch [596/1200] batch [51/132] loss: 0.0004 psnr: 36.61 dB  msssim: 0.9860
epoch [596/1200] batch [101/132] loss: 0.0001 psnr: 36.43 dB  msssim: 0.9851
epoch [596/1200] batch [132/132] loss: 0.0002 psnr: 36.57 dB  msssim: 0.9854
======  Epoch 596 完成 ======LOSS: 0.0002 | PSNR: 36.57 dB | BEST: 36.88 dB | MSSSIM: 0.9854 | TIME: 60.90秒 | LR: 3.487e-03
epoch [597/1200] batch [1/132] loss: 0.0002 psnr: 36.23 dB  msssim: 0.9860
epoch [597/1200] batch [51/132] loss: 0.0001 psnr: 36.66 dB  msssim: 0.9856
epoch [597/1200] batch [101/132] loss: 0.0001 psnr: 36.71 dB  msssim: 0.9856
epoch [597/1200] batch [132/132] loss: 0.0002 psnr: 36.73 dB  msssim: 0.9856
======  Epoch 597 完成 ======LOSS: 0.0002 | PSNR: 36.73 dB | BEST: 36.88 dB | MSSSIM: 0.9856 | TIME: 61.66秒 | LR: 3.479e-03
epoch [598/1200] batch [1/132] loss: 0.0002 psnr: 37.67 dB  msssim: 0.9897
epoch [598/1200] batch [51/132] loss: 0.0005 psnr: 36.52 dB  msssim: 0.9854
epoch [598/1200] batch [101/132] loss: 0.0002 psnr: 36.34 dB  msssim: 0.9851
epoch [598/1200] batch [132/132] loss: 0.0002 psnr: 36.39 dB  msssim: 0.9854
======  Epoch 598 完成 ======LOSS: 0.0003 | PSNR: 36.39 dB | BEST: 36.88 dB | MSSSIM: 0.9854 | TIME: 61.65秒 | LR: 3.472e-03
epoch [599/1200] batch [1/132] loss: 0.0002 psnr: 36.20 dB  msssim: 0.9884
epoch [599/1200] batch [51/132] loss: 0.0004 psnr: 36.61 dB  msssim: 0.9861
epoch [599/1200] batch [101/132] loss: 0.0001 psnr: 36.60 dB  msssim: 0.9857
epoch [599/1200] batch [132/132] loss: 0.0005 psnr: 36.60 dB  msssim: 0.9855
======  Epoch 599 完成 ======LOSS: 0.0002 | PSNR: 36.60 dB | BEST: 36.88 dB | MSSSIM: 0.9855 | TIME: 61.46秒 | LR: 3.464e-03
epoch [600/1200] batch [1/132] loss: 0.0004 psnr: 34.48 dB  msssim: 0.9790
epoch [600/1200] batch [51/132] loss: 0.0001 psnr: 36.17 dB  msssim: 0.9839
epoch [600/1200] batch [101/132] loss: 0.0004 psnr: 36.64 dB  msssim: 0.9854
epoch [600/1200] batch [132/132] loss: 0.0003 psnr: 36.71 dB  msssim: 0.9856
======  Epoch 600 完成 ======LOSS: 0.0002 | PSNR: 36.71 dB | BEST: 36.88 dB | MSSSIM: 0.9856 | TIME: 60.96秒 | LR: 3.457e-03
Step [1/132] | Val PSNR: 35.98 dB | Val MSSSIM: 0.9847 | FPS: 85.31
Step [51/132] | Val PSNR: 34.78 dB | Val MSSSIM: 0.9790 | FPS: 206.69
Step [101/132] | Val PSNR: 36.13 dB | Val MSSSIM: 0.9838 | FPS: 210.15
Step [132/132] | Val PSNR: 36.75 dB | Val MSSSIM: 0.9858 | FPS: 206.51
== Epoch 600 测试完成 == PSNR: 36.75 dB | BEST: 36.88 dB | MSSSIM: 0.9858 | TIME: 19.02秒 | 
epoch [601/1200] batch [1/132] loss: 0.0004 psnr: 33.51 dB  msssim: 0.9723
epoch [601/1200] batch [51/132] loss: 0.0003 psnr: 36.60 dB  msssim: 0.9854
epoch [601/1200] batch [101/132] loss: 0.0003 psnr: 36.53 dB  msssim: 0.9849
epoch [601/1200] batch [132/132] loss: 0.0001 psnr: 36.77 dB  msssim: 0.9857
======  Epoch 601 完成 ======LOSS: 0.0002 | PSNR: 36.77 dB | BEST: 36.88 dB | MSSSIM: 0.9857 | TIME: 60.94秒 | LR: 3.449e-03
epoch [602/1200] batch [1/132] loss: 0.0001 psnr: 39.66 dB  msssim: 0.9936
epoch [602/1200] batch [51/132] loss: 0.0003 psnr: 37.15 dB  msssim: 0.9870
epoch [602/1200] batch [101/132] loss: 0.0001 psnr: 37.13 dB  msssim: 0.9868
epoch [602/1200] batch [132/132] loss: 0.0002 psnr: 36.88 dB  msssim: 0.9859
======  Epoch 602 完成 ======LOSS: 0.0002 | PSNR: 36.88 dB | BEST: 36.88 dB | MSSSIM: 0.9859 | TIME: 60.90秒 | LR: 3.442e-03
epoch [603/1200] batch [1/132] loss: 0.0004 psnr: 33.66 dB  msssim: 0.9721
epoch [603/1200] batch [51/132] loss: 0.0002 psnr: 36.91 dB  msssim: 0.9863
epoch [603/1200] batch [101/132] loss: 0.0003 psnr: 36.84 dB  msssim: 0.9860
epoch [603/1200] batch [132/132] loss: 0.0002 psnr: 36.87 dB  msssim: 0.9860
======  Epoch 603 完成 ======LOSS: 0.0002 | PSNR: 36.87 dB | BEST: 36.88 dB | MSSSIM: 0.9860 | TIME: 60.96秒 | LR: 3.434e-03
epoch [604/1200] batch [1/132] loss: 0.0001 psnr: 39.78 dB  msssim: 0.9935
epoch [604/1200] batch [51/132] loss: 0.0004 psnr: 36.85 dB  msssim: 0.9859
epoch [604/1200] batch [101/132] loss: 0.0003 psnr: 36.86 dB  msssim: 0.9859
epoch [604/1200] batch [132/132] loss: 0.0001 psnr: 36.77 dB  msssim: 0.9858
======  Epoch 604 完成 ======LOSS: 0.0002 | PSNR: 36.77 dB | BEST: 36.88 dB | MSSSIM: 0.9858 | TIME: 60.80秒 | LR: 3.426e-03
epoch [605/1200] batch [1/132] loss: 0.0005 psnr: 33.13 dB  msssim: 0.9721
epoch [605/1200] batch [51/132] loss: 0.0003 psnr: 36.39 dB  msssim: 0.9851
epoch [605/1200] batch [101/132] loss: 0.0003 psnr: 36.42 dB  msssim: 0.9851
epoch [605/1200] batch [132/132] loss: 0.0001 psnr: 36.48 dB  msssim: 0.9851
======  Epoch 605 完成 ======LOSS: 0.0003 | PSNR: 36.48 dB | BEST: 36.88 dB | MSSSIM: 0.9851 | TIME: 60.89秒 | LR: 3.419e-03
epoch [606/1200] batch [1/132] loss: 0.0003 psnr: 35.33 dB  msssim: 0.9824
epoch [606/1200] batch [51/132] loss: 0.0001 psnr: 36.96 dB  msssim: 0.9865
epoch [606/1200] batch [101/132] loss: 0.0004 psnr: 36.68 dB  msssim: 0.9856
epoch [606/1200] batch [132/132] loss: 0.0004 psnr: 36.65 dB  msssim: 0.9854
======  Epoch 606 完成 ======LOSS: 0.0002 | PSNR: 36.65 dB | BEST: 36.88 dB | MSSSIM: 0.9854 | TIME: 60.78秒 | LR: 3.411e-03
epoch [607/1200] batch [1/132] loss: 0.0004 psnr: 34.53 dB  msssim: 0.9783
epoch [607/1200] batch [51/132] loss: 0.0002 psnr: 36.81 dB  msssim: 0.9863
epoch [607/1200] batch [101/132] loss: 0.0004 psnr: 36.76 dB  msssim: 0.9862
epoch [607/1200] batch [132/132] loss: 0.0004 psnr: 36.69 dB  msssim: 0.9857
======  Epoch 607 完成 ======LOSS: 0.0002 | PSNR: 36.69 dB | BEST: 36.88 dB | MSSSIM: 0.9857 | TIME: 60.97秒 | LR: 3.404e-03
epoch [608/1200] batch [1/132] loss: 0.0004 psnr: 33.66 dB  msssim: 0.9726
epoch [608/1200] batch [51/132] loss: 0.0002 psnr: 36.16 dB  msssim: 0.9848
epoch [608/1200] batch [101/132] loss: 0.0001 psnr: 36.32 dB  msssim: 0.9853
epoch [608/1200] batch [132/132] loss: 0.0004 psnr: 36.38 dB  msssim: 0.9853
======  Epoch 608 完成 ======LOSS: 0.0003 | PSNR: 36.38 dB | BEST: 36.88 dB | MSSSIM: 0.9853 | TIME: 60.77秒 | LR: 3.396e-03
epoch [609/1200] batch [1/132] loss: 0.0001 psnr: 39.49 dB  msssim: 0.9930
epoch [609/1200] batch [51/132] loss: 0.0004 psnr: 37.06 dB  msssim: 0.9865
epoch [609/1200] batch [101/132] loss: 0.0002 psnr: 37.00 dB  msssim: 0.9867
epoch [609/1200] batch [132/132] loss: 0.0008 psnr: 36.55 dB  msssim: 0.9856
======  Epoch 609 完成 ======LOSS: 0.0003 | PSNR: 36.55 dB | BEST: 36.88 dB | MSSSIM: 0.9856 | TIME: 60.87秒 | LR: 3.388e-03
epoch [610/1200] batch [1/132] loss: 0.0004 psnr: 34.00 dB  msssim: 0.9813
epoch [610/1200] batch [51/132] loss: 0.0002 psnr: 34.73 dB  msssim: 0.9821
epoch [610/1200] batch [101/132] loss: 0.0001 psnr: 35.45 dB  msssim: 0.9832
epoch [610/1200] batch [132/132] loss: 0.0001 psnr: 35.89 dB  msssim: 0.9842
======  Epoch 610 完成 ======LOSS: 0.0003 | PSNR: 35.89 dB | BEST: 36.88 dB | MSSSIM: 0.9842 | TIME: 60.85秒 | LR: 3.381e-03
epoch [611/1200] batch [1/132] loss: 0.0001 psnr: 39.09 dB  msssim: 0.9929
epoch [611/1200] batch [51/132] loss: 0.0001 psnr: 36.79 dB  msssim: 0.9858
epoch [611/1200] batch [101/132] loss: 0.0004 psnr: 36.82 dB  msssim: 0.9857
epoch [611/1200] batch [132/132] loss: 0.0001 psnr: 36.92 dB  msssim: 0.9860
======  Epoch 611 完成 ======LOSS: 0.0002 | PSNR: 36.92 dB | BEST: 36.92 dB | MSSSIM: 0.9860 | TIME: 60.97秒 | LR: 3.373e-03
epoch [612/1200] batch [1/132] loss: 0.0002 psnr: 36.27 dB  msssim: 0.9862
epoch [612/1200] batch [51/132] loss: 0.0004 psnr: 36.45 dB  msssim: 0.9845
epoch [612/1200] batch [101/132] loss: 0.0002 psnr: 36.81 dB  msssim: 0.9857
epoch [612/1200] batch [132/132] loss: 0.0001 psnr: 36.90 dB  msssim: 0.9860
======  Epoch 612 完成 ======LOSS: 0.0002 | PSNR: 36.90 dB | BEST: 36.92 dB | MSSSIM: 0.9860 | TIME: 60.98秒 | LR: 3.365e-03
epoch [613/1200] batch [1/132] loss: 0.0003 psnr: 34.87 dB  msssim: 0.9800
epoch [613/1200] batch [51/132] loss: 0.0002 psnr: 37.26 dB  msssim: 0.9869
epoch [613/1200] batch [101/132] loss: 0.0001 psnr: 36.83 dB  msssim: 0.9857
epoch [613/1200] batch [132/132] loss: 0.0001 psnr: 36.98 dB  msssim: 0.9862
======  Epoch 613 完成 ======LOSS: 0.0002 | PSNR: 36.98 dB | BEST: 36.98 dB | MSSSIM: 0.9862 | TIME: 60.93秒 | LR: 3.358e-03
epoch [614/1200] batch [1/132] loss: 0.0004 psnr: 34.51 dB  msssim: 0.9779
epoch [614/1200] batch [51/132] loss: 0.0002 psnr: 36.96 dB  msssim: 0.9863
epoch [614/1200] batch [101/132] loss: 0.0002 psnr: 36.85 dB  msssim: 0.9858
epoch [614/1200] batch [132/132] loss: 0.0001 psnr: 37.03 dB  msssim: 0.9863
======  Epoch 614 完成 ======LOSS: 0.0002 | PSNR: 37.03 dB | BEST: 37.03 dB | MSSSIM: 0.9863 | TIME: 60.73秒 | LR: 3.350e-03
epoch [615/1200] batch [1/132] loss: 0.0003 psnr: 35.50 dB  msssim: 0.9825
epoch [615/1200] batch [51/132] loss: 0.0001 psnr: 36.69 dB  msssim: 0.9856
epoch [615/1200] batch [101/132] loss: 0.0001 psnr: 36.82 dB  msssim: 0.9858
epoch [615/1200] batch [132/132] loss: 0.0004 psnr: 36.92 dB  msssim: 0.9860
======  Epoch 615 完成 ======LOSS: 0.0002 | PSNR: 36.92 dB | BEST: 37.03 dB | MSSSIM: 0.9860 | TIME: 60.77秒 | LR: 3.342e-03
epoch [616/1200] batch [1/132] loss: 0.0002 psnr: 36.85 dB  msssim: 0.9875
epoch [616/1200] batch [51/132] loss: 0.0001 psnr: 36.67 dB  msssim: 0.9851
epoch [616/1200] batch [101/132] loss: 0.0003 psnr: 36.86 dB  msssim: 0.9859
epoch [616/1200] batch [132/132] loss: 0.0004 psnr: 36.94 dB  msssim: 0.9861
======  Epoch 616 完成 ======LOSS: 0.0002 | PSNR: 36.94 dB | BEST: 37.03 dB | MSSSIM: 0.9861 | TIME: 60.92秒 | LR: 3.335e-03
epoch [617/1200] batch [1/132] loss: 0.0001 psnr: 39.44 dB  msssim: 0.9936
epoch [617/1200] batch [51/132] loss: 0.0001 psnr: 36.86 dB  msssim: 0.9863
epoch [617/1200] batch [101/132] loss: 0.0001 psnr: 36.62 dB  msssim: 0.9852
epoch [617/1200] batch [132/132] loss: 0.0001 psnr: 36.90 dB  msssim: 0.9860
======  Epoch 617 完成 ======LOSS: 0.0002 | PSNR: 36.90 dB | BEST: 37.03 dB | MSSSIM: 0.9860 | TIME: 60.78秒 | LR: 3.327e-03
epoch [618/1200] batch [1/132] loss: 0.0001 psnr: 39.42 dB  msssim: 0.9929
epoch [618/1200] batch [51/132] loss: 0.0003 psnr: 36.94 dB  msssim: 0.9864
epoch [618/1200] batch [101/132] loss: 0.0001 psnr: 36.93 dB  msssim: 0.9861
epoch [618/1200] batch [132/132] loss: 0.0002 psnr: 36.90 dB  msssim: 0.9860
======  Epoch 618 完成 ======LOSS: 0.0002 | PSNR: 36.90 dB | BEST: 37.03 dB | MSSSIM: 0.9860 | TIME: 60.99秒 | LR: 3.319e-03
epoch [619/1200] batch [1/132] loss: 0.0004 psnr: 33.80 dB  msssim: 0.9751
epoch [619/1200] batch [51/132] loss: 0.0003 psnr: 36.76 dB  msssim: 0.9856
epoch [619/1200] batch [101/132] loss: 0.0003 psnr: 36.83 dB  msssim: 0.9859
epoch [619/1200] batch [132/132] loss: 0.0003 psnr: 36.76 dB  msssim: 0.9857
======  Epoch 619 完成 ======LOSS: 0.0002 | PSNR: 36.76 dB | BEST: 37.03 dB | MSSSIM: 0.9857 | TIME: 60.97秒 | LR: 3.311e-03
epoch [620/1200] batch [1/132] loss: 0.0004 psnr: 33.54 dB  msssim: 0.9740
epoch [620/1200] batch [51/132] loss: 0.0002 psnr: 37.01 dB  msssim: 0.9867
epoch [620/1200] batch [101/132] loss: 0.0002 psnr: 36.70 dB  msssim: 0.9855
epoch [620/1200] batch [132/132] loss: 0.0003 psnr: 36.76 dB  msssim: 0.9858
======  Epoch 620 完成 ======LOSS: 0.0002 | PSNR: 36.76 dB | BEST: 37.03 dB | MSSSIM: 0.9858 | TIME: 61.64秒 | LR: 3.304e-03
epoch [621/1200] batch [1/132] loss: 0.0004 psnr: 33.94 dB  msssim: 0.9763
epoch [621/1200] batch [51/132] loss: 0.0001 psnr: 36.49 dB  msssim: 0.9853
epoch [621/1200] batch [101/132] loss: 0.0001 psnr: 36.61 dB  msssim: 0.9857
epoch [621/1200] batch [132/132] loss: 0.0004 psnr: 36.64 dB  msssim: 0.9857
======  Epoch 621 完成 ======LOSS: 0.0002 | PSNR: 36.64 dB | BEST: 37.03 dB | MSSSIM: 0.9857 | TIME: 60.96秒 | LR: 3.296e-03
epoch [622/1200] batch [1/132] loss: 0.0002 psnr: 36.28 dB  msssim: 0.9865
epoch [622/1200] batch [51/132] loss: 0.0002 psnr: 36.22 dB  msssim: 0.9841
epoch [622/1200] batch [101/132] loss: 0.0001 psnr: 36.41 dB  msssim: 0.9848
epoch [622/1200] batch [132/132] loss: 0.0001 psnr: 36.68 dB  msssim: 0.9856
======  Epoch 622 完成 ======LOSS: 0.0002 | PSNR: 36.68 dB | BEST: 37.03 dB | MSSSIM: 0.9856 | TIME: 60.90秒 | LR: 3.288e-03
epoch [623/1200] batch [1/132] loss: 0.0003 psnr: 35.95 dB  msssim: 0.9844
epoch [623/1200] batch [51/132] loss: 0.0003 psnr: 36.91 dB  msssim: 0.9863
epoch [623/1200] batch [101/132] loss: 0.0001 psnr: 36.82 dB  msssim: 0.9860
epoch [623/1200] batch [132/132] loss: 0.0003 psnr: 36.78 dB  msssim: 0.9858
======  Epoch 623 完成 ======LOSS: 0.0002 | PSNR: 36.78 dB | BEST: 37.03 dB | MSSSIM: 0.9858 | TIME: 60.94秒 | LR: 3.280e-03
epoch [624/1200] batch [1/132] loss: 0.0002 psnr: 37.93 dB  msssim: 0.9914
epoch [624/1200] batch [51/132] loss: 0.0001 psnr: 36.81 dB  msssim: 0.9865
epoch [624/1200] batch [101/132] loss: 0.0001 psnr: 36.50 dB  msssim: 0.9852
epoch [624/1200] batch [132/132] loss: 0.0001 psnr: 36.73 dB  msssim: 0.9858
======  Epoch 624 完成 ======LOSS: 0.0002 | PSNR: 36.73 dB | BEST: 37.03 dB | MSSSIM: 0.9858 | TIME: 60.89秒 | LR: 3.273e-03
epoch [625/1200] batch [1/132] loss: 0.0001 psnr: 39.36 dB  msssim: 0.9939
epoch [625/1200] batch [51/132] loss: 0.0002 psnr: 36.59 dB  msssim: 0.9852
epoch [625/1200] batch [101/132] loss: 0.0004 psnr: 36.84 dB  msssim: 0.9858
epoch [625/1200] batch [132/132] loss: 0.0001 psnr: 36.95 dB  msssim: 0.9862
======  Epoch 625 完成 ======LOSS: 0.0002 | PSNR: 36.95 dB | BEST: 37.03 dB | MSSSIM: 0.9862 | TIME: 60.99秒 | LR: 3.265e-03
epoch [626/1200] batch [1/132] loss: 0.0001 psnr: 38.82 dB  msssim: 0.9917
epoch [626/1200] batch [51/132] loss: 0.0003 psnr: 37.30 dB  msssim: 0.9876
epoch [626/1200] batch [101/132] loss: 0.0001 psnr: 37.02 dB  msssim: 0.9865
epoch [626/1200] batch [132/132] loss: 0.0004 psnr: 36.99 dB  msssim: 0.9863
======  Epoch 626 完成 ======LOSS: 0.0002 | PSNR: 36.99 dB | BEST: 37.03 dB | MSSSIM: 0.9863 | TIME: 60.94秒 | LR: 3.257e-03
epoch [627/1200] batch [1/132] loss: 0.0002 psnr: 36.15 dB  msssim: 0.9854
epoch [627/1200] batch [51/132] loss: 0.0001 psnr: 36.82 dB  msssim: 0.9862
epoch [627/1200] batch [101/132] loss: 0.0001 psnr: 37.01 dB  msssim: 0.9866
epoch [627/1200] batch [132/132] loss: 0.0001 psnr: 36.93 dB  msssim: 0.9861
======  Epoch 627 完成 ======LOSS: 0.0002 | PSNR: 36.93 dB | BEST: 37.03 dB | MSSSIM: 0.9861 | TIME: 60.95秒 | LR: 3.249e-03
epoch [628/1200] batch [1/132] loss: 0.0001 psnr: 39.17 dB  msssim: 0.9936
epoch [628/1200] batch [51/132] loss: 0.0001 psnr: 36.60 dB  msssim: 0.9853
epoch [628/1200] batch [101/132] loss: 0.0004 psnr: 36.76 dB  msssim: 0.9856
epoch [628/1200] batch [132/132] loss: 0.0001 psnr: 36.78 dB  msssim: 0.9857
======  Epoch 628 完成 ======LOSS: 0.0002 | PSNR: 36.78 dB | BEST: 37.03 dB | MSSSIM: 0.9857 | TIME: 60.86秒 | LR: 3.241e-03
epoch [629/1200] batch [1/132] loss: 0.0004 psnr: 34.27 dB  msssim: 0.9770
epoch [629/1200] batch [51/132] loss: 0.0002 psnr: 36.80 dB  msssim: 0.9856
epoch [629/1200] batch [101/132] loss: 0.0003 psnr: 36.82 dB  msssim: 0.9858
epoch [629/1200] batch [132/132] loss: 0.0001 psnr: 36.80 dB  msssim: 0.9858
======  Epoch 629 完成 ======LOSS: 0.0002 | PSNR: 36.80 dB | BEST: 37.03 dB | MSSSIM: 0.9858 | TIME: 60.85秒 | LR: 3.234e-03
epoch [630/1200] batch [1/132] loss: 0.0001 psnr: 38.86 dB  msssim: 0.9924
epoch [630/1200] batch [51/132] loss: 0.0001 psnr: 36.97 dB  msssim: 0.9863
epoch [630/1200] batch [101/132] loss: 0.0001 psnr: 36.85 dB  msssim: 0.9859
epoch [630/1200] batch [132/132] loss: 0.0001 psnr: 36.86 dB  msssim: 0.9859
======  Epoch 630 完成 ======LOSS: 0.0002 | PSNR: 36.86 dB | BEST: 37.03 dB | MSSSIM: 0.9859 | TIME: 60.76秒 | LR: 3.226e-03
epoch [631/1200] batch [1/132] loss: 0.0003 psnr: 35.42 dB  msssim: 0.9839
epoch [631/1200] batch [51/132] loss: 0.0002 psnr: 36.51 dB  msssim: 0.9849
epoch [631/1200] batch [101/132] loss: 0.0001 psnr: 36.77 dB  msssim: 0.9857
epoch [631/1200] batch [132/132] loss: 0.0001 psnr: 36.89 dB  msssim: 0.9861
======  Epoch 631 完成 ======LOSS: 0.0002 | PSNR: 36.89 dB | BEST: 37.03 dB | MSSSIM: 0.9861 | TIME: 60.84秒 | LR: 3.218e-03
epoch [632/1200] batch [1/132] loss: 0.0004 psnr: 33.83 dB  msssim: 0.9736
epoch [632/1200] batch [51/132] loss: 0.0003 psnr: 36.60 dB  msssim: 0.9853
epoch [632/1200] batch [101/132] loss: 0.0004 psnr: 36.59 dB  msssim: 0.9854
epoch [632/1200] batch [132/132] loss: 0.0001 psnr: 36.74 dB  msssim: 0.9858
======  Epoch 632 完成 ======LOSS: 0.0002 | PSNR: 36.74 dB | BEST: 37.03 dB | MSSSIM: 0.9858 | TIME: 60.76秒 | LR: 3.210e-03
epoch [633/1200] batch [1/132] loss: 0.0001 psnr: 38.48 dB  msssim: 0.9915
epoch [633/1200] batch [51/132] loss: 0.0001 psnr: 36.47 dB  msssim: 0.9846
epoch [633/1200] batch [101/132] loss: 0.0004 psnr: 36.64 dB  msssim: 0.9855
epoch [633/1200] batch [132/132] loss: 0.0001 psnr: 36.80 dB  msssim: 0.9859
======  Epoch 633 完成 ======LOSS: 0.0002 | PSNR: 36.80 dB | BEST: 37.03 dB | MSSSIM: 0.9859 | TIME: 60.78秒 | LR: 3.202e-03
epoch [634/1200] batch [1/132] loss: 0.0001 psnr: 39.60 dB  msssim: 0.9933
epoch [634/1200] batch [51/132] loss: 0.0004 psnr: 36.97 dB  msssim: 0.9862
epoch [634/1200] batch [101/132] loss: 0.0001 psnr: 36.99 dB  msssim: 0.9864
epoch [634/1200] batch [132/132] loss: 0.0003 psnr: 36.84 dB  msssim: 0.9860
======  Epoch 634 完成 ======LOSS: 0.0002 | PSNR: 36.84 dB | BEST: 37.03 dB | MSSSIM: 0.9860 | TIME: 60.83秒 | LR: 3.194e-03
epoch [635/1200] batch [1/132] loss: 0.0001 psnr: 38.35 dB  msssim: 0.9910
epoch [635/1200] batch [51/132] loss: 0.0002 psnr: 37.23 dB  msssim: 0.9873
epoch [635/1200] batch [101/132] loss: 0.0002 psnr: 36.68 dB  msssim: 0.9855
epoch [635/1200] batch [132/132] loss: 0.0002 psnr: 36.79 dB  msssim: 0.9859
======  Epoch 635 完成 ======LOSS: 0.0002 | PSNR: 36.79 dB | BEST: 37.03 dB | MSSSIM: 0.9859 | TIME: 60.92秒 | LR: 3.187e-03
epoch [636/1200] batch [1/132] loss: 0.0001 psnr: 39.42 dB  msssim: 0.9934
epoch [636/1200] batch [51/132] loss: 0.0001 psnr: 37.46 dB  msssim: 0.9881
epoch [636/1200] batch [101/132] loss: 0.0002 psnr: 36.82 dB  msssim: 0.9858
epoch [636/1200] batch [132/132] loss: 0.0003 psnr: 36.83 dB  msssim: 0.9859
======  Epoch 636 完成 ======LOSS: 0.0002 | PSNR: 36.83 dB | BEST: 37.03 dB | MSSSIM: 0.9859 | TIME: 60.84秒 | LR: 3.179e-03
epoch [637/1200] batch [1/132] loss: 0.0003 psnr: 36.02 dB  msssim: 0.9845
epoch [637/1200] batch [51/132] loss: 0.0001 psnr: 37.17 dB  msssim: 0.9872
epoch [637/1200] batch [101/132] loss: 0.0001 psnr: 36.97 dB  msssim: 0.9865
epoch [637/1200] batch [132/132] loss: 0.0004 psnr: 36.84 dB  msssim: 0.9860
======  Epoch 637 完成 ======LOSS: 0.0002 | PSNR: 36.84 dB | BEST: 37.03 dB | MSSSIM: 0.9860 | TIME: 60.83秒 | LR: 3.171e-03
epoch [638/1200] batch [1/132] loss: 0.0003 psnr: 35.86 dB  msssim: 0.9846
epoch [638/1200] batch [51/132] loss: 0.0001 psnr: 36.90 dB  msssim: 0.9864
epoch [638/1200] batch [101/132] loss: 0.0001 psnr: 37.08 dB  msssim: 0.9868
epoch [638/1200] batch [132/132] loss: 0.0003 psnr: 36.90 dB  msssim: 0.9861
======  Epoch 638 完成 ======LOSS: 0.0002 | PSNR: 36.90 dB | BEST: 37.03 dB | MSSSIM: 0.9861 | TIME: 60.85秒 | LR: 3.163e-03
epoch [639/1200] batch [1/132] loss: 0.0003 psnr: 35.02 dB  msssim: 0.9806
epoch [639/1200] batch [51/132] loss: 0.0004 psnr: 36.90 dB  msssim: 0.9861
epoch [639/1200] batch [101/132] loss: 0.0001 psnr: 36.83 dB  msssim: 0.9858
epoch [639/1200] batch [132/132] loss: 0.0002 psnr: 36.88 dB  msssim: 0.9861
======  Epoch 639 完成 ======LOSS: 0.0002 | PSNR: 36.88 dB | BEST: 37.03 dB | MSSSIM: 0.9861 | TIME: 60.96秒 | LR: 3.155e-03
epoch [640/1200] batch [1/132] loss: 0.0002 psnr: 38.17 dB  msssim: 0.9905
epoch [640/1200] batch [51/132] loss: 0.0003 psnr: 37.00 dB  msssim: 0.9863
epoch [640/1200] batch [101/132] loss: 0.0001 psnr: 36.93 dB  msssim: 0.9861
epoch [640/1200] batch [132/132] loss: 0.0001 psnr: 36.95 dB  msssim: 0.9862
======  Epoch 640 完成 ======LOSS: 0.0002 | PSNR: 36.95 dB | BEST: 37.03 dB | MSSSIM: 0.9862 | TIME: 60.88秒 | LR: 3.147e-03
epoch [641/1200] batch [1/132] loss: 0.0004 psnr: 33.71 dB  msssim: 0.9728
epoch [641/1200] batch [51/132] loss: 0.0002 psnr: 36.35 dB  msssim: 0.9841
epoch [641/1200] batch [101/132] loss: 0.0001 psnr: 36.89 dB  msssim: 0.9861
epoch [641/1200] batch [132/132] loss: 0.0004 psnr: 36.85 dB  msssim: 0.9861
======  Epoch 641 完成 ======LOSS: 0.0002 | PSNR: 36.85 dB | BEST: 37.03 dB | MSSSIM: 0.9861 | TIME: 60.80秒 | LR: 3.139e-03
epoch [642/1200] batch [1/132] loss: 0.0001 psnr: 38.62 dB  msssim: 0.9916
epoch [642/1200] batch [51/132] loss: 0.0004 psnr: 36.66 dB  msssim: 0.9862
epoch [642/1200] batch [101/132] loss: 0.0001 psnr: 36.69 dB  msssim: 0.9863
epoch [642/1200] batch [132/132] loss: 0.0004 psnr: 36.52 dB  msssim: 0.9857
======  Epoch 642 完成 ======LOSS: 0.0002 | PSNR: 36.52 dB | BEST: 37.03 dB | MSSSIM: 0.9857 | TIME: 60.74秒 | LR: 3.131e-03
epoch [643/1200] batch [1/132] loss: 0.0004 psnr: 33.47 dB  msssim: 0.9720
epoch [643/1200] batch [51/132] loss: 0.0001 psnr: 36.57 dB  msssim: 0.9855
epoch [643/1200] batch [101/132] loss: 0.0001 psnr: 36.74 dB  msssim: 0.9859
epoch [643/1200] batch [132/132] loss: 0.0003 psnr: 36.79 dB  msssim: 0.9860
======  Epoch 643 完成 ======LOSS: 0.0002 | PSNR: 36.79 dB | BEST: 37.03 dB | MSSSIM: 0.9860 | TIME: 60.69秒 | LR: 3.123e-03
epoch [644/1200] batch [1/132] loss: 0.0003 psnr: 35.75 dB  msssim: 0.9843
epoch [644/1200] batch [51/132] loss: 0.0001 psnr: 37.51 dB  msssim: 0.9881
epoch [644/1200] batch [101/132] loss: 0.0003 psnr: 36.92 dB  msssim: 0.9861
epoch [644/1200] batch [132/132] loss: 0.0002 psnr: 36.94 dB  msssim: 0.9862
======  Epoch 644 完成 ======LOSS: 0.0002 | PSNR: 36.94 dB | BEST: 37.03 dB | MSSSIM: 0.9862 | TIME: 60.89秒 | LR: 3.115e-03
epoch [645/1200] batch [1/132] loss: 0.0002 psnr: 37.50 dB  msssim: 0.9891
epoch [645/1200] batch [51/132] loss: 0.0001 psnr: 36.62 dB  msssim: 0.9853
epoch [645/1200] batch [101/132] loss: 0.0001 psnr: 36.82 dB  msssim: 0.9859
epoch [645/1200] batch [132/132] loss: 0.0003 psnr: 36.82 dB  msssim: 0.9861
======  Epoch 645 完成 ======LOSS: 0.0002 | PSNR: 36.82 dB | BEST: 37.03 dB | MSSSIM: 0.9861 | TIME: 60.79秒 | LR: 3.108e-03
epoch [646/1200] batch [1/132] loss: 0.0003 psnr: 34.81 dB  msssim: 0.9817
epoch [646/1200] batch [51/132] loss: 0.0002 psnr: 36.50 dB  msssim: 0.9857
epoch [646/1200] batch [101/132] loss: 0.0001 psnr: 36.61 dB  msssim: 0.9854
epoch [646/1200] batch [132/132] loss: 0.0002 psnr: 36.69 dB  msssim: 0.9856
======  Epoch 646 完成 ======LOSS: 0.0002 | PSNR: 36.69 dB | BEST: 37.03 dB | MSSSIM: 0.9856 | TIME: 60.89秒 | LR: 3.100e-03
epoch [647/1200] batch [1/132] loss: 0.0002 psnr: 38.00 dB  msssim: 0.9903
epoch [647/1200] batch [51/132] loss: 0.0001 psnr: 36.81 dB  msssim: 0.9857
epoch [647/1200] batch [101/132] loss: 0.0002 psnr: 37.02 dB  msssim: 0.9864
epoch [647/1200] batch [132/132] loss: 0.0002 psnr: 36.95 dB  msssim: 0.9862
======  Epoch 647 完成 ======LOSS: 0.0002 | PSNR: 36.95 dB | BEST: 37.03 dB | MSSSIM: 0.9862 | TIME: 60.87秒 | LR: 3.092e-03
epoch [648/1200] batch [1/132] loss: 0.0004 psnr: 33.78 dB  msssim: 0.9737
epoch [648/1200] batch [51/132] loss: 0.0003 psnr: 36.89 dB  msssim: 0.9858
epoch [648/1200] batch [101/132] loss: 0.0001 psnr: 37.16 dB  msssim: 0.9867
epoch [648/1200] batch [132/132] loss: 0.0003 psnr: 36.99 dB  msssim: 0.9863
======  Epoch 648 完成 ======LOSS: 0.0002 | PSNR: 36.99 dB | BEST: 37.03 dB | MSSSIM: 0.9863 | TIME: 60.78秒 | LR: 3.084e-03
epoch [649/1200] batch [1/132] loss: 0.0004 psnr: 34.45 dB  msssim: 0.9769
epoch [649/1200] batch [51/132] loss: 0.0001 psnr: 37.10 dB  msssim: 0.9866
epoch [649/1200] batch [101/132] loss: 0.0001 psnr: 36.84 dB  msssim: 0.9860
epoch [649/1200] batch [132/132] loss: 0.0002 psnr: 36.95 dB  msssim: 0.9863
======  Epoch 649 完成 ======LOSS: 0.0002 | PSNR: 36.95 dB | BEST: 37.03 dB | MSSSIM: 0.9863 | TIME: 60.91秒 | LR: 3.076e-03
epoch [650/1200] batch [1/132] loss: 0.0001 psnr: 38.63 dB  msssim: 0.9920
epoch [650/1200] batch [51/132] loss: 0.0002 psnr: 37.12 dB  msssim: 0.9872
epoch [650/1200] batch [101/132] loss: 0.0004 psnr: 36.78 dB  msssim: 0.9864
epoch [650/1200] batch [132/132] loss: 0.0002 psnr: 36.64 dB  msssim: 0.9860
======  Epoch 650 完成 ======LOSS: 0.0002 | PSNR: 36.64 dB | BEST: 37.03 dB | MSSSIM: 0.9860 | TIME: 60.86秒 | LR: 3.068e-03
Step [1/132] | Val PSNR: 35.85 dB | Val MSSSIM: 0.9851 | FPS: 49.21
Step [51/132] | Val PSNR: 34.72 dB | Val MSSSIM: 0.9795 | FPS: 210.81
Step [101/132] | Val PSNR: 36.03 dB | Val MSSSIM: 0.9841 | FPS: 216.99
Step [132/132] | Val PSNR: 36.65 dB | Val MSSSIM: 0.9861 | FPS: 216.59
== Epoch 650 测试完成 == PSNR: 36.65 dB | BEST: 37.03 dB | MSSSIM: 0.9861 | TIME: 18.94秒 | 
epoch [651/1200] batch [1/132] loss: 0.0004 psnr: 34.41 dB  msssim: 0.9783
epoch [651/1200] batch [51/132] loss: 0.0004 psnr: 36.87 dB  msssim: 0.9859
epoch [651/1200] batch [101/132] loss: 0.0003 psnr: 36.80 dB  msssim: 0.9860
epoch [651/1200] batch [132/132] loss: 0.0002 psnr: 36.75 dB  msssim: 0.9858
======  Epoch 651 完成 ======LOSS: 0.0002 | PSNR: 36.75 dB | BEST: 37.03 dB | MSSSIM: 0.9858 | TIME: 60.88秒 | LR: 3.060e-03
epoch [652/1200] batch [1/132] loss: 0.0003 psnr: 35.69 dB  msssim: 0.9843
epoch [652/1200] batch [51/132] loss: 0.0001 psnr: 36.71 dB  msssim: 0.9857
epoch [652/1200] batch [101/132] loss: 0.0001 psnr: 36.92 dB  msssim: 0.9862
epoch [652/1200] batch [132/132] loss: 0.0001 psnr: 36.92 dB  msssim: 0.9862
======  Epoch 652 完成 ======LOSS: 0.0002 | PSNR: 36.92 dB | BEST: 37.03 dB | MSSSIM: 0.9862 | TIME: 60.90秒 | LR: 3.052e-03
epoch [653/1200] batch [1/132] loss: 0.0002 psnr: 36.68 dB  msssim: 0.9869
epoch [653/1200] batch [51/132] loss: 0.0002 psnr: 37.02 dB  msssim: 0.9864
epoch [653/1200] batch [101/132] loss: 0.0003 psnr: 36.99 dB  msssim: 0.9865
epoch [653/1200] batch [132/132] loss: 0.0002 psnr: 36.98 dB  msssim: 0.9863
======  Epoch 653 完成 ======LOSS: 0.0002 | PSNR: 36.98 dB | BEST: 37.03 dB | MSSSIM: 0.9863 | TIME: 60.82秒 | LR: 3.044e-03
epoch [654/1200] batch [1/132] loss: 0.0002 psnr: 36.81 dB  msssim: 0.9876
epoch [654/1200] batch [51/132] loss: 0.0001 psnr: 37.51 dB  msssim: 0.9884
epoch [654/1200] batch [101/132] loss: 0.0003 psnr: 37.14 dB  msssim: 0.9870
epoch [654/1200] batch [132/132] loss: 0.0002 psnr: 36.92 dB  msssim: 0.9863
======  Epoch 654 完成 ======LOSS: 0.0002 | PSNR: 36.92 dB | BEST: 37.03 dB | MSSSIM: 0.9863 | TIME: 60.82秒 | LR: 3.036e-03
epoch [655/1200] batch [1/132] loss: 0.0001 psnr: 39.79 dB  msssim: 0.9935
epoch [655/1200] batch [51/132] loss: 0.0001 psnr: 37.38 dB  msssim: 0.9877
epoch [655/1200] batch [101/132] loss: 0.0003 psnr: 37.14 dB  msssim: 0.9868
epoch [655/1200] batch [132/132] loss: 0.0004 psnr: 37.04 dB  msssim: 0.9865
======  Epoch 655 完成 ======LOSS: 0.0002 | PSNR: 37.04 dB | BEST: 37.04 dB | MSSSIM: 0.9865 | TIME: 60.83秒 | LR: 3.028e-03
epoch [656/1200] batch [1/132] loss: 0.0002 psnr: 36.67 dB  msssim: 0.9870
epoch [656/1200] batch [51/132] loss: 0.0001 psnr: 37.01 dB  msssim: 0.9867
epoch [656/1200] batch [101/132] loss: 0.0002 psnr: 37.02 dB  msssim: 0.9866
epoch [656/1200] batch [132/132] loss: 0.0001 psnr: 36.92 dB  msssim: 0.9863
======  Epoch 656 完成 ======LOSS: 0.0002 | PSNR: 36.92 dB | BEST: 37.04 dB | MSSSIM: 0.9863 | TIME: 60.82秒 | LR: 3.020e-03
epoch [657/1200] batch [1/132] loss: 0.0003 psnr: 35.40 dB  msssim: 0.9842
epoch [657/1200] batch [51/132] loss: 0.0004 psnr: 36.75 dB  msssim: 0.9861
epoch [657/1200] batch [101/132] loss: 0.0003 psnr: 36.89 dB  msssim: 0.9863
epoch [657/1200] batch [132/132] loss: 0.0003 psnr: 36.87 dB  msssim: 0.9862
======  Epoch 657 完成 ======LOSS: 0.0002 | PSNR: 36.87 dB | BEST: 37.04 dB | MSSSIM: 0.9862 | TIME: 60.90秒 | LR: 3.012e-03
epoch [658/1200] batch [1/132] loss: 0.0003 psnr: 34.58 dB  msssim: 0.9781
epoch [658/1200] batch [51/132] loss: 0.0002 psnr: 37.28 dB  msssim: 0.9873
epoch [658/1200] batch [101/132] loss: 0.0002 psnr: 36.97 dB  msssim: 0.9863
epoch [658/1200] batch [132/132] loss: 0.0002 psnr: 36.77 dB  msssim: 0.9862
======  Epoch 658 完成 ======LOSS: 0.0002 | PSNR: 36.77 dB | BEST: 37.04 dB | MSSSIM: 0.9862 | TIME: 60.78秒 | LR: 3.004e-03
epoch [659/1200] batch [1/132] loss: 0.0001 psnr: 39.17 dB  msssim: 0.9936
epoch [659/1200] batch [51/132] loss: 0.0004 psnr: 36.18 dB  msssim: 0.9842
epoch [659/1200] batch [101/132] loss: 0.0002 psnr: 36.57 dB  msssim: 0.9853
epoch [659/1200] batch [132/132] loss: 0.0001 psnr: 36.78 dB  msssim: 0.9859
======  Epoch 659 完成 ======LOSS: 0.0002 | PSNR: 36.78 dB | BEST: 37.04 dB | MSSSIM: 0.9859 | TIME: 60.88秒 | LR: 2.996e-03
epoch [660/1200] batch [1/132] loss: 0.0001 psnr: 39.56 dB  msssim: 0.9936
epoch [660/1200] batch [51/132] loss: 0.0001 psnr: 37.16 dB  msssim: 0.9871
epoch [660/1200] batch [101/132] loss: 0.0001 psnr: 37.04 dB  msssim: 0.9864
epoch [660/1200] batch [132/132] loss: 0.0003 psnr: 36.97 dB  msssim: 0.9863
======  Epoch 660 完成 ======LOSS: 0.0002 | PSNR: 36.97 dB | BEST: 37.04 dB | MSSSIM: 0.9863 | TIME: 60.85秒 | LR: 2.988e-03
epoch [661/1200] batch [1/132] loss: 0.0001 psnr: 39.09 dB  msssim: 0.9929
epoch [661/1200] batch [51/132] loss: 0.0001 psnr: 36.85 dB  msssim: 0.9856
epoch [661/1200] batch [101/132] loss: 0.0002 psnr: 36.78 dB  msssim: 0.9856
epoch [661/1200] batch [132/132] loss: 0.0001 psnr: 36.94 dB  msssim: 0.9862
======  Epoch 661 完成 ======LOSS: 0.0002 | PSNR: 36.94 dB | BEST: 37.04 dB | MSSSIM: 0.9862 | TIME: 60.89秒 | LR: 2.980e-03
epoch [662/1200] batch [1/132] loss: 0.0001 psnr: 39.46 dB  msssim: 0.9938
epoch [662/1200] batch [51/132] loss: 0.0003 psnr: 36.41 dB  msssim: 0.9847
epoch [662/1200] batch [101/132] loss: 0.0004 psnr: 36.82 dB  msssim: 0.9859
epoch [662/1200] batch [132/132] loss: 0.0004 psnr: 36.97 dB  msssim: 0.9863
======  Epoch 662 完成 ======LOSS: 0.0002 | PSNR: 36.97 dB | BEST: 37.04 dB | MSSSIM: 0.9863 | TIME: 60.74秒 | LR: 2.972e-03
epoch [663/1200] batch [1/132] loss: 0.0002 psnr: 37.73 dB  msssim: 0.9897
epoch [663/1200] batch [51/132] loss: 0.0001 psnr: 36.87 dB  msssim: 0.9860
epoch [663/1200] batch [101/132] loss: 0.0001 psnr: 37.14 dB  msssim: 0.9867
epoch [663/1200] batch [132/132] loss: 0.0004 psnr: 37.10 dB  msssim: 0.9866
======  Epoch 663 完成 ======LOSS: 0.0002 | PSNR: 37.10 dB | BEST: 37.10 dB | MSSSIM: 0.9866 | TIME: 60.81秒 | LR: 2.964e-03
epoch [664/1200] batch [1/132] loss: 0.0002 psnr: 37.08 dB  msssim: 0.9881
epoch [664/1200] batch [51/132] loss: 0.0004 psnr: 37.18 dB  msssim: 0.9868
epoch [664/1200] batch [101/132] loss: 0.0001 psnr: 37.17 dB  msssim: 0.9869
epoch [664/1200] batch [132/132] loss: 0.0001 psnr: 37.14 dB  msssim: 0.9867
======  Epoch 664 完成 ======LOSS: 0.0002 | PSNR: 37.14 dB | BEST: 37.14 dB | MSSSIM: 0.9867 | TIME: 60.83秒 | LR: 2.956e-03
epoch [665/1200] batch [1/132] loss: 0.0002 psnr: 36.88 dB  msssim: 0.9879
epoch [665/1200] batch [51/132] loss: 0.0001 psnr: 37.12 dB  msssim: 0.9867
epoch [665/1200] batch [101/132] loss: 0.0001 psnr: 36.98 dB  msssim: 0.9862
epoch [665/1200] batch [132/132] loss: 0.0002 psnr: 37.09 dB  msssim: 0.9866
======  Epoch 665 完成 ======LOSS: 0.0002 | PSNR: 37.09 dB | BEST: 37.14 dB | MSSSIM: 0.9866 | TIME: 60.77秒 | LR: 2.948e-03
epoch [666/1200] batch [1/132] loss: 0.0001 psnr: 39.63 dB  msssim: 0.9935
epoch [666/1200] batch [51/132] loss: 0.0001 psnr: 37.24 dB  msssim: 0.9870
epoch [666/1200] batch [101/132] loss: 0.0001 psnr: 36.98 dB  msssim: 0.9864
epoch [666/1200] batch [132/132] loss: 0.0003 psnr: 36.95 dB  msssim: 0.9863
======  Epoch 666 完成 ======LOSS: 0.0002 | PSNR: 36.95 dB | BEST: 37.14 dB | MSSSIM: 0.9863 | TIME: 60.78秒 | LR: 2.940e-03
epoch [667/1200] batch [1/132] loss: 0.0002 psnr: 37.50 dB  msssim: 0.9893
epoch [667/1200] batch [51/132] loss: 0.0002 psnr: 36.84 dB  msssim: 0.9868
epoch [667/1200] batch [101/132] loss: 0.0003 psnr: 36.71 dB  msssim: 0.9862
epoch [667/1200] batch [132/132] loss: 0.0001 psnr: 36.65 dB  msssim: 0.9859
======  Epoch 667 完成 ======LOSS: 0.0002 | PSNR: 36.65 dB | BEST: 37.14 dB | MSSSIM: 0.9859 | TIME: 60.81秒 | LR: 2.931e-03
epoch [668/1200] batch [1/132] loss: 0.0001 psnr: 39.18 dB  msssim: 0.9937
epoch [668/1200] batch [51/132] loss: 0.0001 psnr: 36.94 dB  msssim: 0.9872
epoch [668/1200] batch [101/132] loss: 0.0004 psnr: 36.80 dB  msssim: 0.9862
epoch [668/1200] batch [132/132] loss: 0.0002 psnr: 36.80 dB  msssim: 0.9862
======  Epoch 668 完成 ======LOSS: 0.0002 | PSNR: 36.80 dB | BEST: 37.14 dB | MSSSIM: 0.9862 | TIME: 61.21秒 | LR: 2.923e-03
epoch [669/1200] batch [1/132] loss: 0.0003 psnr: 35.20 dB  msssim: 0.9812
epoch [669/1200] batch [51/132] loss: 0.0001 psnr: 37.19 dB  msssim: 0.9873
epoch [669/1200] batch [101/132] loss: 0.0001 psnr: 36.82 dB  msssim: 0.9858
epoch [669/1200] batch [132/132] loss: 0.0001 psnr: 36.97 dB  msssim: 0.9864
======  Epoch 669 完成 ======LOSS: 0.0002 | PSNR: 36.97 dB | BEST: 37.14 dB | MSSSIM: 0.9864 | TIME: 60.90秒 | LR: 2.915e-03
epoch [670/1200] batch [1/132] loss: 0.0001 psnr: 39.98 dB  msssim: 0.9938
epoch [670/1200] batch [51/132] loss: 0.0001 psnr: 37.05 dB  msssim: 0.9867
epoch [670/1200] batch [101/132] loss: 0.0002 psnr: 36.93 dB  msssim: 0.9863
epoch [670/1200] batch [132/132] loss: 0.0001 psnr: 36.98 dB  msssim: 0.9863
======  Epoch 670 完成 ======LOSS: 0.0002 | PSNR: 36.98 dB | BEST: 37.14 dB | MSSSIM: 0.9863 | TIME: 60.76秒 | LR: 2.907e-03
epoch [671/1200] batch [1/132] loss: 0.0002 psnr: 36.81 dB  msssim: 0.9878
epoch [671/1200] batch [51/132] loss: 0.0002 psnr: 37.21 dB  msssim: 0.9873
epoch [671/1200] batch [101/132] loss: 0.0001 psnr: 36.98 dB  msssim: 0.9863
epoch [671/1200] batch [132/132] loss: 0.0002 psnr: 37.00 dB  msssim: 0.9864
======  Epoch 671 完成 ======LOSS: 0.0002 | PSNR: 37.00 dB | BEST: 37.14 dB | MSSSIM: 0.9864 | TIME: 60.87秒 | LR: 2.899e-03
epoch [672/1200] batch [1/132] loss: 0.0004 psnr: 34.23 dB  msssim: 0.9765
epoch [672/1200] batch [51/132] loss: 0.0002 psnr: 37.13 dB  msssim: 0.9865
epoch [672/1200] batch [101/132] loss: 0.0003 psnr: 36.98 dB  msssim: 0.9862
epoch [672/1200] batch [132/132] loss: 0.0001 psnr: 37.00 dB  msssim: 0.9863
======  Epoch 672 完成 ======LOSS: 0.0002 | PSNR: 37.00 dB | BEST: 37.14 dB | MSSSIM: 0.9863 | TIME: 60.73秒 | LR: 2.891e-03
epoch [673/1200] batch [1/132] loss: 0.0003 psnr: 34.66 dB  msssim: 0.9786
epoch [673/1200] batch [51/132] loss: 0.0001 psnr: 37.10 dB  msssim: 0.9866
epoch [673/1200] batch [101/132] loss: 0.0001 psnr: 37.19 dB  msssim: 0.9869
epoch [673/1200] batch [132/132] loss: 0.0003 psnr: 37.07 dB  msssim: 0.9865
======  Epoch 673 完成 ======LOSS: 0.0002 | PSNR: 37.07 dB | BEST: 37.14 dB | MSSSIM: 0.9865 | TIME: 61.04秒 | LR: 2.883e-03
epoch [674/1200] batch [1/132] loss: 0.0003 psnr: 35.20 dB  msssim: 0.9812
epoch [674/1200] batch [51/132] loss: 0.0004 psnr: 36.81 dB  msssim: 0.9858
epoch [674/1200] batch [101/132] loss: 0.0005 psnr: 36.94 dB  msssim: 0.9861
epoch [674/1200] batch [132/132] loss: 0.0001 psnr: 37.04 dB  msssim: 0.9865
======  Epoch 674 完成 ======LOSS: 0.0002 | PSNR: 37.04 dB | BEST: 37.14 dB | MSSSIM: 0.9865 | TIME: 60.96秒 | LR: 2.875e-03
epoch [675/1200] batch [1/132] loss: 0.0004 psnr: 34.55 dB  msssim: 0.9773
epoch [675/1200] batch [51/132] loss: 0.0003 psnr: 36.90 dB  msssim: 0.9861
epoch [675/1200] batch [101/132] loss: 0.0004 psnr: 36.82 dB  msssim: 0.9859
epoch [675/1200] batch [132/132] loss: 0.0001 psnr: 36.86 dB  msssim: 0.9863
======  Epoch 675 完成 ======LOSS: 0.0002 | PSNR: 36.86 dB | BEST: 37.14 dB | MSSSIM: 0.9863 | TIME: 60.80秒 | LR: 2.867e-03
epoch [676/1200] batch [1/132] loss: 0.0002 psnr: 38.04 dB  msssim: 0.9909
epoch [676/1200] batch [51/132] loss: 0.0001 psnr: 36.84 dB  msssim: 0.9861
epoch [676/1200] batch [101/132] loss: 0.0001 psnr: 36.78 dB  msssim: 0.9859
epoch [676/1200] batch [132/132] loss: 0.0003 psnr: 36.92 dB  msssim: 0.9863
======  Epoch 676 完成 ======LOSS: 0.0002 | PSNR: 36.92 dB | BEST: 37.14 dB | MSSSIM: 0.9863 | TIME: 60.78秒 | LR: 2.859e-03
epoch [677/1200] batch [1/132] loss: 0.0001 psnr: 39.93 dB  msssim: 0.9939
epoch [677/1200] batch [51/132] loss: 0.0001 psnr: 37.14 dB  msssim: 0.9868
epoch [677/1200] batch [101/132] loss: 0.0003 psnr: 37.02 dB  msssim: 0.9865
epoch [677/1200] batch [132/132] loss: 0.0002 psnr: 37.06 dB  msssim: 0.9865
======  Epoch 677 完成 ======LOSS: 0.0002 | PSNR: 37.06 dB | BEST: 37.14 dB | MSSSIM: 0.9865 | TIME: 60.86秒 | LR: 2.851e-03
epoch [678/1200] batch [1/132] loss: 0.0001 psnr: 39.67 dB  msssim: 0.9938
epoch [678/1200] batch [51/132] loss: 0.0001 psnr: 37.09 dB  msssim: 0.9867
epoch [678/1200] batch [101/132] loss: 0.0003 psnr: 37.11 dB  msssim: 0.9865
epoch [678/1200] batch [132/132] loss: 0.0002 psnr: 37.12 dB  msssim: 0.9866
======  Epoch 678 完成 ======LOSS: 0.0002 | PSNR: 37.12 dB | BEST: 37.14 dB | MSSSIM: 0.9866 | TIME: 61.26秒 | LR: 2.843e-03
epoch [679/1200] batch [1/132] loss: 0.0002 psnr: 36.58 dB  msssim: 0.9868
epoch [679/1200] batch [51/132] loss: 0.0001 psnr: 37.03 dB  msssim: 0.9867
epoch [679/1200] batch [101/132] loss: 0.0001 psnr: 37.05 dB  msssim: 0.9868
epoch [679/1200] batch [132/132] loss: 0.0001 psnr: 37.00 dB  msssim: 0.9865
======  Epoch 679 完成 ======LOSS: 0.0002 | PSNR: 37.00 dB | BEST: 37.14 dB | MSSSIM: 0.9865 | TIME: 61.34秒 | LR: 2.834e-03
epoch [680/1200] batch [1/132] loss: 0.0001 psnr: 39.00 dB  msssim: 0.9934
epoch [680/1200] batch [51/132] loss: 0.0004 psnr: 37.24 dB  msssim: 0.9870
epoch [680/1200] batch [101/132] loss: 0.0003 psnr: 37.08 dB  msssim: 0.9866
epoch [680/1200] batch [132/132] loss: 0.0003 psnr: 37.05 dB  msssim: 0.9865
======  Epoch 680 完成 ======LOSS: 0.0002 | PSNR: 37.05 dB | BEST: 37.14 dB | MSSSIM: 0.9865 | TIME: 61.15秒 | LR: 2.826e-03
epoch [681/1200] batch [1/132] loss: 0.0001 psnr: 39.33 dB  msssim: 0.9930
epoch [681/1200] batch [51/132] loss: 0.0003 psnr: 36.87 dB  msssim: 0.9862
epoch [681/1200] batch [101/132] loss: 0.0004 psnr: 37.08 dB  msssim: 0.9867
epoch [681/1200] batch [132/132] loss: 0.0001 psnr: 37.03 dB  msssim: 0.9865
======  Epoch 681 完成 ======LOSS: 0.0002 | PSNR: 37.03 dB | BEST: 37.14 dB | MSSSIM: 0.9865 | TIME: 60.80秒 | LR: 2.818e-03
epoch [682/1200] batch [1/132] loss: 0.0001 psnr: 38.81 dB  msssim: 0.9920
epoch [682/1200] batch [51/132] loss: 0.0004 psnr: 37.15 dB  msssim: 0.9868
epoch [682/1200] batch [101/132] loss: 0.0003 psnr: 36.98 dB  msssim: 0.9864
epoch [682/1200] batch [132/132] loss: 0.0001 psnr: 37.04 dB  msssim: 0.9865
======  Epoch 682 完成 ======LOSS: 0.0002 | PSNR: 37.04 dB | BEST: 37.14 dB | MSSSIM: 0.9865 | TIME: 60.91秒 | LR: 2.810e-03
epoch [683/1200] batch [1/132] loss: 0.0002 psnr: 37.01 dB  msssim: 0.9880
epoch [683/1200] batch [51/132] loss: 0.0001 psnr: 37.14 dB  msssim: 0.9867
epoch [683/1200] batch [101/132] loss: 0.0004 psnr: 37.07 dB  msssim: 0.9866
epoch [683/1200] batch [132/132] loss: 0.0004 psnr: 37.00 dB  msssim: 0.9864
======  Epoch 683 完成 ======LOSS: 0.0002 | PSNR: 37.00 dB | BEST: 37.14 dB | MSSSIM: 0.9864 | TIME: 61.11秒 | LR: 2.802e-03
epoch [684/1200] batch [1/132] loss: 0.0004 psnr: 34.08 dB  msssim: 0.9747
epoch [684/1200] batch [51/132] loss: 0.0001 psnr: 37.32 dB  msssim: 0.9873
epoch [684/1200] batch [101/132] loss: 0.0005 psnr: 37.15 dB  msssim: 0.9868
epoch [684/1200] batch [132/132] loss: 0.0001 psnr: 37.11 dB  msssim: 0.9866
======  Epoch 684 完成 ======LOSS: 0.0002 | PSNR: 37.11 dB | BEST: 37.14 dB | MSSSIM: 0.9866 | TIME: 61.18秒 | LR: 2.794e-03
epoch [685/1200] batch [1/132] loss: 0.0002 psnr: 36.18 dB  msssim: 0.9856
epoch [685/1200] batch [51/132] loss: 0.0002 psnr: 37.12 dB  msssim: 0.9865
epoch [685/1200] batch [101/132] loss: 0.0003 psnr: 36.92 dB  msssim: 0.9865
epoch [685/1200] batch [132/132] loss: 0.0005 psnr: 36.81 dB  msssim: 0.9864
======  Epoch 685 完成 ======LOSS: 0.0002 | PSNR: 36.81 dB | BEST: 37.14 dB | MSSSIM: 0.9864 | TIME: 60.84秒 | LR: 2.786e-03
epoch [686/1200] batch [1/132] loss: 0.0001 psnr: 38.42 dB  msssim: 0.9927
epoch [686/1200] batch [51/132] loss: 0.0003 psnr: 36.56 dB  msssim: 0.9865
epoch [686/1200] batch [101/132] loss: 0.0004 psnr: 36.47 dB  msssim: 0.9858
epoch [686/1200] batch [132/132] loss: 0.0004 psnr: 36.55 dB  msssim: 0.9860
======  Epoch 686 完成 ======LOSS: 0.0002 | PSNR: 36.55 dB | BEST: 37.14 dB | MSSSIM: 0.9860 | TIME: 60.88秒 | LR: 2.778e-03
epoch [687/1200] batch [1/132] loss: 0.0001 psnr: 39.41 dB  msssim: 0.9938
epoch [687/1200] batch [51/132] loss: 0.0001 psnr: 36.85 dB  msssim: 0.9864
epoch [687/1200] batch [101/132] loss: 0.0004 psnr: 36.85 dB  msssim: 0.9862
epoch [687/1200] batch [132/132] loss: 0.0003 psnr: 36.88 dB  msssim: 0.9862
======  Epoch 687 完成 ======LOSS: 0.0002 | PSNR: 36.88 dB | BEST: 37.14 dB | MSSSIM: 0.9862 | TIME: 60.73秒 | LR: 2.770e-03
epoch [688/1200] batch [1/132] loss: 0.0001 psnr: 38.67 dB  msssim: 0.9920
epoch [688/1200] batch [51/132] loss: 0.0003 psnr: 36.78 dB  msssim: 0.9858
epoch [688/1200] batch [101/132] loss: 0.0004 psnr: 37.14 dB  msssim: 0.9869
epoch [688/1200] batch [132/132] loss: 0.0001 psnr: 37.04 dB  msssim: 0.9865
======  Epoch 688 完成 ======LOSS: 0.0002 | PSNR: 37.04 dB | BEST: 37.14 dB | MSSSIM: 0.9865 | TIME: 61.09秒 | LR: 2.761e-03
epoch [689/1200] batch [1/132] loss: 0.0001 psnr: 39.99 dB  msssim: 0.9938
epoch [689/1200] batch [51/132] loss: 0.0004 psnr: 36.98 dB  msssim: 0.9861
epoch [689/1200] batch [101/132] loss: 0.0004 psnr: 37.00 dB  msssim: 0.9863
epoch [689/1200] batch [132/132] loss: 0.0002 psnr: 37.06 dB  msssim: 0.9866
======  Epoch 689 完成 ======LOSS: 0.0002 | PSNR: 37.06 dB | BEST: 37.14 dB | MSSSIM: 0.9866 | TIME: 60.84秒 | LR: 2.753e-03
epoch [690/1200] batch [1/132] loss: 0.0003 psnr: 35.86 dB  msssim: 0.9850
epoch [690/1200] batch [51/132] loss: 0.0002 psnr: 37.29 dB  msssim: 0.9873
epoch [690/1200] batch [101/132] loss: 0.0002 psnr: 37.25 dB  msssim: 0.9870
epoch [690/1200] batch [132/132] loss: 0.0002 psnr: 37.15 dB  msssim: 0.9868
======  Epoch 690 完成 ======LOSS: 0.0002 | PSNR: 37.15 dB | BEST: 37.15 dB | MSSSIM: 0.9868 | TIME: 60.75秒 | LR: 2.745e-03
epoch [691/1200] batch [1/132] loss: 0.0002 psnr: 37.80 dB  msssim: 0.9897
epoch [691/1200] batch [51/132] loss: 0.0002 psnr: 37.33 dB  msssim: 0.9874
epoch [691/1200] batch [101/132] loss: 0.0001 psnr: 37.15 dB  msssim: 0.9868
epoch [691/1200] batch [132/132] loss: 0.0001 psnr: 37.20 dB  msssim: 0.9869
======  Epoch 691 完成 ======LOSS: 0.0002 | PSNR: 37.20 dB | BEST: 37.20 dB | MSSSIM: 0.9869 | TIME: 60.83秒 | LR: 2.737e-03
epoch [692/1200] batch [1/132] loss: 0.0004 psnr: 33.92 dB  msssim: 0.9761
epoch [692/1200] batch [51/132] loss: 0.0002 psnr: 37.39 dB  msssim: 0.9874
epoch [692/1200] batch [101/132] loss: 0.0003 psnr: 37.28 dB  msssim: 0.9871
epoch [692/1200] batch [132/132] loss: 0.0002 psnr: 37.20 dB  msssim: 0.9869
======  Epoch 692 完成 ======LOSS: 0.0002 | PSNR: 37.20 dB | BEST: 37.20 dB | MSSSIM: 0.9869 | TIME: 60.78秒 | LR: 2.729e-03
epoch [693/1200] batch [1/132] loss: 0.0004 psnr: 34.32 dB  msssim: 0.9759
epoch [693/1200] batch [51/132] loss: 0.0004 psnr: 37.15 dB  msssim: 0.9867
epoch [693/1200] batch [101/132] loss: 0.0001 psnr: 37.18 dB  msssim: 0.9870
epoch [693/1200] batch [132/132] loss: 0.0003 psnr: 37.11 dB  msssim: 0.9868
======  Epoch 693 完成 ======LOSS: 0.0002 | PSNR: 37.11 dB | BEST: 37.20 dB | MSSSIM: 0.9868 | TIME: 61.03秒 | LR: 2.721e-03
epoch [694/1200] batch [1/132] loss: 0.0002 psnr: 36.57 dB  msssim: 0.9871
epoch [694/1200] batch [51/132] loss: 0.0001 psnr: 36.86 dB  msssim: 0.9869
epoch [694/1200] batch [101/132] loss: 0.0002 psnr: 36.92 dB  msssim: 0.9869
epoch [694/1200] batch [132/132] loss: 0.0004 psnr: 36.80 dB  msssim: 0.9863
======  Epoch 694 完成 ======LOSS: 0.0002 | PSNR: 36.80 dB | BEST: 37.20 dB | MSSSIM: 0.9863 | TIME: 60.86秒 | LR: 2.713e-03
epoch [695/1200] batch [1/132] loss: 0.0001 psnr: 38.63 dB  msssim: 0.9918
epoch [695/1200] batch [51/132] loss: 0.0003 psnr: 36.86 dB  msssim: 0.9865
epoch [695/1200] batch [101/132] loss: 0.0003 psnr: 36.88 dB  msssim: 0.9863
epoch [695/1200] batch [132/132] loss: 0.0004 psnr: 36.88 dB  msssim: 0.9863
======  Epoch 695 完成 ======LOSS: 0.0002 | PSNR: 36.88 dB | BEST: 37.20 dB | MSSSIM: 0.9863 | TIME: 61.65秒 | LR: 2.704e-03
epoch [696/1200] batch [1/132] loss: 0.0002 psnr: 38.23 dB  msssim: 0.9914
epoch [696/1200] batch [51/132] loss: 0.0001 psnr: 37.01 dB  msssim: 0.9865
epoch [696/1200] batch [101/132] loss: 0.0001 psnr: 37.12 dB  msssim: 0.9868
epoch [696/1200] batch [132/132] loss: 0.0002 psnr: 37.11 dB  msssim: 0.9867
======  Epoch 696 完成 ======LOSS: 0.0002 | PSNR: 37.11 dB | BEST: 37.20 dB | MSSSIM: 0.9867 | TIME: 62.18秒 | LR: 2.696e-03
epoch [697/1200] batch [1/132] loss: 0.0002 psnr: 37.10 dB  msssim: 0.9881
epoch [697/1200] batch [51/132] loss: 0.0004 psnr: 36.85 dB  msssim: 0.9858
epoch [697/1200] batch [101/132] loss: 0.0001 psnr: 36.97 dB  msssim: 0.9863
epoch [697/1200] batch [132/132] loss: 0.0001 psnr: 37.02 dB  msssim: 0.9865
======  Epoch 697 完成 ======LOSS: 0.0002 | PSNR: 37.02 dB | BEST: 37.20 dB | MSSSIM: 0.9865 | TIME: 61.20秒 | LR: 2.688e-03
epoch [698/1200] batch [1/132] loss: 0.0004 psnr: 33.97 dB  msssim: 0.9737
epoch [698/1200] batch [51/132] loss: 0.0004 psnr: 37.07 dB  msssim: 0.9866
epoch [698/1200] batch [101/132] loss: 0.0002 psnr: 37.17 dB  msssim: 0.9869
epoch [698/1200] batch [132/132] loss: 0.0003 psnr: 37.09 dB  msssim: 0.9866
======  Epoch 698 完成 ======LOSS: 0.0002 | PSNR: 37.09 dB | BEST: 37.20 dB | MSSSIM: 0.9866 | TIME: 60.80秒 | LR: 2.680e-03
epoch [699/1200] batch [1/132] loss: 0.0004 psnr: 34.11 dB  msssim: 0.9747
epoch [699/1200] batch [51/132] loss: 0.0003 psnr: 37.25 dB  msssim: 0.9871
epoch [699/1200] batch [101/132] loss: 0.0003 psnr: 37.16 dB  msssim: 0.9868
epoch [699/1200] batch [132/132] loss: 0.0002 psnr: 37.17 dB  msssim: 0.9868
======  Epoch 699 完成 ======LOSS: 0.0002 | PSNR: 37.17 dB | BEST: 37.20 dB | MSSSIM: 0.9868 | TIME: 60.83秒 | LR: 2.672e-03
epoch [700/1200] batch [1/132] loss: 0.0002 psnr: 37.53 dB  msssim: 0.9892
epoch [700/1200] batch [51/132] loss: 0.0003 psnr: 37.09 dB  msssim: 0.9869
epoch [700/1200] batch [101/132] loss: 0.0003 psnr: 37.19 dB  msssim: 0.9871
epoch [700/1200] batch [132/132] loss: 0.0004 psnr: 37.11 dB  msssim: 0.9867
======  Epoch 700 完成 ======LOSS: 0.0002 | PSNR: 37.11 dB | BEST: 37.20 dB | MSSSIM: 0.9867 | TIME: 60.71秒 | LR: 2.664e-03
Step [1/132] | Val PSNR: 36.17 dB | Val MSSSIM: 0.9857 | FPS: 150.79
Step [51/132] | Val PSNR: 35.10 dB | Val MSSSIM: 0.9804 | FPS: 221.11
Step [101/132] | Val PSNR: 36.36 dB | Val MSSSIM: 0.9848 | FPS: 223.60
Step [132/132] | Val PSNR: 36.97 dB | Val MSSSIM: 0.9868 | FPS: 222.57
== Epoch 700 测试完成 == PSNR: 36.97 dB | BEST: 37.20 dB | MSSSIM: 0.9868 | TIME: 18.99秒 | 
epoch [701/1200] batch [1/132] loss: 0.0002 psnr: 36.59 dB  msssim: 0.9871
epoch [701/1200] batch [51/132] loss: 0.0001 psnr: 36.71 dB  msssim: 0.9858
epoch [701/1200] batch [101/132] loss: 0.0002 psnr: 36.93 dB  msssim: 0.9863
epoch [701/1200] batch [132/132] loss: 0.0001 psnr: 37.09 dB  msssim: 0.9866
======  Epoch 701 完成 ======LOSS: 0.0002 | PSNR: 37.09 dB | BEST: 37.20 dB | MSSSIM: 0.9866 | TIME: 61.00秒 | LR: 2.655e-03
epoch [702/1200] batch [1/132] loss: 0.0002 psnr: 36.67 dB  msssim: 0.9873
epoch [702/1200] batch [51/132] loss: 0.0003 psnr: 37.04 dB  msssim: 0.9868
epoch [702/1200] batch [101/132] loss: 0.0001 psnr: 36.99 dB  msssim: 0.9864
epoch [702/1200] batch [132/132] loss: 0.0001 psnr: 36.97 dB  msssim: 0.9866
======  Epoch 702 完成 ======LOSS: 0.0002 | PSNR: 36.97 dB | BEST: 37.20 dB | MSSSIM: 0.9866 | TIME: 61.16秒 | LR: 2.647e-03
epoch [703/1200] batch [1/132] loss: 0.0001 psnr: 38.59 dB  msssim: 0.9926
epoch [703/1200] batch [51/132] loss: 0.0004 psnr: 37.02 dB  msssim: 0.9867
epoch [703/1200] batch [101/132] loss: 0.0003 psnr: 37.13 dB  msssim: 0.9868
epoch [703/1200] batch [132/132] loss: 0.0001 psnr: 37.09 dB  msssim: 0.9867
======  Epoch 703 完成 ======LOSS: 0.0002 | PSNR: 37.09 dB | BEST: 37.20 dB | MSSSIM: 0.9867 | TIME: 61.43秒 | LR: 2.639e-03
epoch [704/1200] batch [1/132] loss: 0.0002 psnr: 36.79 dB  msssim: 0.9878
epoch [704/1200] batch [51/132] loss: 0.0003 psnr: 37.18 dB  msssim: 0.9871
epoch [704/1200] batch [101/132] loss: 0.0001 psnr: 36.99 dB  msssim: 0.9863
epoch [704/1200] batch [132/132] loss: 0.0001 psnr: 37.15 dB  msssim: 0.9868
======  Epoch 704 完成 ======LOSS: 0.0002 | PSNR: 37.15 dB | BEST: 37.20 dB | MSSSIM: 0.9868 | TIME: 60.94秒 | LR: 2.631e-03
epoch [705/1200] batch [1/132] loss: 0.0001 psnr: 39.89 dB  msssim: 0.9940
epoch [705/1200] batch [51/132] loss: 0.0004 psnr: 37.08 dB  msssim: 0.9865
epoch [705/1200] batch [101/132] loss: 0.0001 psnr: 37.02 dB  msssim: 0.9865
epoch [705/1200] batch [132/132] loss: 0.0003 psnr: 37.12 dB  msssim: 0.9867
======  Epoch 705 完成 ======LOSS: 0.0002 | PSNR: 37.12 dB | BEST: 37.20 dB | MSSSIM: 0.9867 | TIME: 60.82秒 | LR: 2.623e-03
epoch [706/1200] batch [1/132] loss: 0.0002 psnr: 37.34 dB  msssim: 0.9889
epoch [706/1200] batch [51/132] loss: 0.0002 psnr: 36.71 dB  msssim: 0.9857
epoch [706/1200] batch [101/132] loss: 0.0004 psnr: 37.00 dB  msssim: 0.9866
epoch [706/1200] batch [132/132] loss: 0.0002 psnr: 37.01 dB  msssim: 0.9866
======  Epoch 706 完成 ======LOSS: 0.0002 | PSNR: 37.01 dB | BEST: 37.20 dB | MSSSIM: 0.9866 | TIME: 61.20秒 | LR: 2.615e-03
epoch [707/1200] batch [1/132] loss: 0.0004 psnr: 33.84 dB  msssim: 0.9736
epoch [707/1200] batch [51/132] loss: 0.0001 psnr: 37.01 dB  msssim: 0.9862
epoch [707/1200] batch [101/132] loss: 0.0001 psnr: 37.15 dB  msssim: 0.9868
epoch [707/1200] batch [132/132] loss: 0.0002 psnr: 37.13 dB  msssim: 0.9867
======  Epoch 707 完成 ======LOSS: 0.0002 | PSNR: 37.13 dB | BEST: 37.20 dB | MSSSIM: 0.9867 | TIME: 60.72秒 | LR: 2.606e-03
epoch [708/1200] batch [1/132] loss: 0.0001 psnr: 39.41 dB  msssim: 0.9929
epoch [708/1200] batch [51/132] loss: 0.0002 psnr: 37.21 dB  msssim: 0.9874
epoch [708/1200] batch [101/132] loss: 0.0001 psnr: 37.13 dB  msssim: 0.9869
epoch [708/1200] batch [132/132] loss: 0.0001 psnr: 37.08 dB  msssim: 0.9866
======  Epoch 708 完成 ======LOSS: 0.0002 | PSNR: 37.08 dB | BEST: 37.20 dB | MSSSIM: 0.9866 | TIME: 60.92秒 | LR: 2.598e-03
epoch [709/1200] batch [1/132] loss: 0.0002 psnr: 36.44 dB  msssim: 0.9867
epoch [709/1200] batch [51/132] loss: 0.0002 psnr: 37.06 dB  msssim: 0.9867
epoch [709/1200] batch [101/132] loss: 0.0004 psnr: 37.00 dB  msssim: 0.9866
epoch [709/1200] batch [132/132] loss: 0.0002 psnr: 37.01 dB  msssim: 0.9865
======  Epoch 709 完成 ======LOSS: 0.0002 | PSNR: 37.01 dB | BEST: 37.20 dB | MSSSIM: 0.9865 | TIME: 61.41秒 | LR: 2.590e-03
epoch [710/1200] batch [1/132] loss: 0.0003 psnr: 35.22 dB  msssim: 0.9833
epoch [710/1200] batch [51/132] loss: 0.0001 psnr: 37.19 dB  msssim: 0.9870
epoch [710/1200] batch [101/132] loss: 0.0001 psnr: 37.20 dB  msssim: 0.9870
epoch [710/1200] batch [132/132] loss: 0.0003 psnr: 37.16 dB  msssim: 0.9868
======  Epoch 710 完成 ======LOSS: 0.0002 | PSNR: 37.16 dB | BEST: 37.20 dB | MSSSIM: 0.9868 | TIME: 60.91秒 | LR: 2.582e-03
epoch [711/1200] batch [1/132] loss: 0.0004 psnr: 34.04 dB  msssim: 0.9737
epoch [711/1200] batch [51/132] loss: 0.0003 psnr: 36.92 dB  msssim: 0.9860
epoch [711/1200] batch [101/132] loss: 0.0002 psnr: 37.11 dB  msssim: 0.9867
epoch [711/1200] batch [132/132] loss: 0.0001 psnr: 37.19 dB  msssim: 0.9869
======  Epoch 711 完成 ======LOSS: 0.0002 | PSNR: 37.19 dB | BEST: 37.20 dB | MSSSIM: 0.9869 | TIME: 61.04秒 | LR: 2.574e-03
epoch [712/1200] batch [1/132] loss: 0.0001 psnr: 39.95 dB  msssim: 0.9937
epoch [712/1200] batch [51/132] loss: 0.0004 psnr: 36.83 dB  msssim: 0.9862
epoch [712/1200] batch [101/132] loss: 0.0002 psnr: 36.98 dB  msssim: 0.9864
epoch [712/1200] batch [132/132] loss: 0.0003 psnr: 37.11 dB  msssim: 0.9867
======  Epoch 712 完成 ======LOSS: 0.0002 | PSNR: 37.11 dB | BEST: 37.20 dB | MSSSIM: 0.9867 | TIME: 61.02秒 | LR: 2.566e-03
epoch [713/1200] batch [1/132] loss: 0.0004 psnr: 34.33 dB  msssim: 0.9762
epoch [713/1200] batch [51/132] loss: 0.0001 psnr: 37.51 dB  msssim: 0.9876
epoch [713/1200] batch [101/132] loss: 0.0001 psnr: 37.29 dB  msssim: 0.9871
epoch [713/1200] batch [132/132] loss: 0.0004 psnr: 37.19 dB  msssim: 0.9869
======  Epoch 713 完成 ======LOSS: 0.0002 | PSNR: 37.19 dB | BEST: 37.20 dB | MSSSIM: 0.9869 | TIME: 60.72秒 | LR: 2.557e-03
epoch [714/1200] batch [1/132] loss: 0.0001 psnr: 40.12 dB  msssim: 0.9939
epoch [714/1200] batch [51/132] loss: 0.0001 psnr: 37.17 dB  msssim: 0.9866
epoch [714/1200] batch [101/132] loss: 0.0002 psnr: 37.08 dB  msssim: 0.9865
epoch [714/1200] batch [132/132] loss: 0.0002 psnr: 37.17 dB  msssim: 0.9868
======  Epoch 714 完成 ======LOSS: 0.0002 | PSNR: 37.17 dB | BEST: 37.20 dB | MSSSIM: 0.9868 | TIME: 60.77秒 | LR: 2.549e-03
epoch [715/1200] batch [1/132] loss: 0.0001 psnr: 39.35 dB  msssim: 0.9931
epoch [715/1200] batch [51/132] loss: 0.0002 psnr: 36.94 dB  msssim: 0.9864
epoch [715/1200] batch [101/132] loss: 0.0002 psnr: 37.03 dB  msssim: 0.9870
epoch [715/1200] batch [132/132] loss: 0.0003 psnr: 36.81 dB  msssim: 0.9865
======  Epoch 715 完成 ======LOSS: 0.0002 | PSNR: 36.81 dB | BEST: 37.20 dB | MSSSIM: 0.9865 | TIME: 60.80秒 | LR: 2.541e-03
epoch [716/1200] batch [1/132] loss: 0.0003 psnr: 34.83 dB  msssim: 0.9807
epoch [716/1200] batch [51/132] loss: 0.0001 psnr: 35.81 dB  msssim: 0.9849
epoch [716/1200] batch [101/132] loss: 0.0003 psnr: 36.19 dB  msssim: 0.9851
epoch [716/1200] batch [132/132] loss: 0.0001 psnr: 36.45 dB  msssim: 0.9858
======  Epoch 716 完成 ======LOSS: 0.0003 | PSNR: 36.45 dB | BEST: 37.20 dB | MSSSIM: 0.9858 | TIME: 60.67秒 | LR: 2.533e-03
epoch [717/1200] batch [1/132] loss: 0.0001 psnr: 38.85 dB  msssim: 0.9920
epoch [717/1200] batch [51/132] loss: 0.0002 psnr: 36.77 dB  msssim: 0.9858
epoch [717/1200] batch [101/132] loss: 0.0003 psnr: 36.92 dB  msssim: 0.9861
epoch [717/1200] batch [132/132] loss: 0.0004 psnr: 37.05 dB  msssim: 0.9866
======  Epoch 717 完成 ======LOSS: 0.0002 | PSNR: 37.05 dB | BEST: 37.20 dB | MSSSIM: 0.9866 | TIME: 60.73秒 | LR: 2.525e-03
epoch [718/1200] batch [1/132] loss: 0.0004 psnr: 34.07 dB  msssim: 0.9749
epoch [718/1200] batch [51/132] loss: 0.0003 psnr: 37.16 dB  msssim: 0.9868
epoch [718/1200] batch [101/132] loss: 0.0001 psnr: 37.24 dB  msssim: 0.9871
epoch [718/1200] batch [132/132] loss: 0.0003 psnr: 37.16 dB  msssim: 0.9868
======  Epoch 718 完成 ======LOSS: 0.0002 | PSNR: 37.16 dB | BEST: 37.20 dB | MSSSIM: 0.9868 | TIME: 60.69秒 | LR: 2.516e-03
epoch [719/1200] batch [1/132] loss: 0.0001 psnr: 39.60 dB  msssim: 0.9933
epoch [719/1200] batch [51/132] loss: 0.0001 psnr: 37.56 dB  msssim: 0.9879
epoch [719/1200] batch [101/132] loss: 0.0001 psnr: 37.39 dB  msssim: 0.9873
epoch [719/1200] batch [132/132] loss: 0.0001 psnr: 37.26 dB  msssim: 0.9870
======  Epoch 719 完成 ======LOSS: 0.0002 | PSNR: 37.26 dB | BEST: 37.26 dB | MSSSIM: 0.9870 | TIME: 60.81秒 | LR: 2.508e-03
epoch [720/1200] batch [1/132] loss: 0.0004 psnr: 34.00 dB  msssim: 0.9748
epoch [720/1200] batch [51/132] loss: 0.0004 psnr: 37.45 dB  msssim: 0.9876
epoch [720/1200] batch [101/132] loss: 0.0002 psnr: 37.24 dB  msssim: 0.9871
epoch [720/1200] batch [132/132] loss: 0.0004 psnr: 37.27 dB  msssim: 0.9871
======  Epoch 720 完成 ======LOSS: 0.0002 | PSNR: 37.27 dB | BEST: 37.27 dB | MSSSIM: 0.9871 | TIME: 60.66秒 | LR: 2.500e-03
epoch [721/1200] batch [1/132] loss: 0.0003 psnr: 34.63 dB  msssim: 0.9782
epoch [721/1200] batch [51/132] loss: 0.0001 psnr: 37.35 dB  msssim: 0.9873
epoch [721/1200] batch [101/132] loss: 0.0001 psnr: 37.38 dB  msssim: 0.9875
epoch [721/1200] batch [132/132] loss: 0.0001 psnr: 37.28 dB  msssim: 0.9870
======  Epoch 721 完成 ======LOSS: 0.0002 | PSNR: 37.28 dB | BEST: 37.28 dB | MSSSIM: 0.9870 | TIME: 60.69秒 | LR: 2.492e-03
epoch [722/1200] batch [1/132] loss: 0.0001 psnr: 39.96 dB  msssim: 0.9942
epoch [722/1200] batch [51/132] loss: 0.0001 psnr: 37.46 dB  msssim: 0.9876
epoch [722/1200] batch [101/132] loss: 0.0002 psnr: 37.31 dB  msssim: 0.9871
epoch [722/1200] batch [132/132] loss: 0.0002 psnr: 37.30 dB  msssim: 0.9871
======  Epoch 722 完成 ======LOSS: 0.0002 | PSNR: 37.30 dB | BEST: 37.30 dB | MSSSIM: 0.9871 | TIME: 60.68秒 | LR: 2.484e-03
epoch [723/1200] batch [1/132] loss: 0.0001 psnr: 40.08 dB  msssim: 0.9941
epoch [723/1200] batch [51/132] loss: 0.0002 psnr: 37.64 dB  msssim: 0.9881
epoch [723/1200] batch [101/132] loss: 0.0001 psnr: 37.38 dB  msssim: 0.9874
epoch [723/1200] batch [132/132] loss: 0.0003 psnr: 37.25 dB  msssim: 0.9870
======  Epoch 723 完成 ======LOSS: 0.0002 | PSNR: 37.25 dB | BEST: 37.30 dB | MSSSIM: 0.9870 | TIME: 60.67秒 | LR: 2.476e-03
epoch [724/1200] batch [1/132] loss: 0.0001 psnr: 39.81 dB  msssim: 0.9934
epoch [724/1200] batch [51/132] loss: 0.0001 psnr: 37.43 dB  msssim: 0.9877
epoch [724/1200] batch [101/132] loss: 0.0001 psnr: 37.27 dB  msssim: 0.9872
epoch [724/1200] batch [132/132] loss: 0.0004 psnr: 37.22 dB  msssim: 0.9869
======  Epoch 724 完成 ======LOSS: 0.0002 | PSNR: 37.22 dB | BEST: 37.30 dB | MSSSIM: 0.9869 | TIME: 61.01秒 | LR: 2.467e-03
epoch [725/1200] batch [1/132] loss: 0.0003 psnr: 35.78 dB  msssim: 0.9836
epoch [725/1200] batch [51/132] loss: 0.0001 psnr: 37.64 dB  msssim: 0.9881
epoch [725/1200] batch [101/132] loss: 0.0001 psnr: 37.33 dB  msssim: 0.9872
epoch [725/1200] batch [132/132] loss: 0.0001 psnr: 37.20 dB  msssim: 0.9869
======  Epoch 725 完成 ======LOSS: 0.0002 | PSNR: 37.20 dB | BEST: 37.30 dB | MSSSIM: 0.9869 | TIME: 62.28秒 | LR: 2.459e-03
epoch [726/1200] batch [1/132] loss: 0.0002 psnr: 37.17 dB  msssim: 0.9883
epoch [726/1200] batch [51/132] loss: 0.0001 psnr: 37.43 dB  msssim: 0.9875
epoch [726/1200] batch [101/132] loss: 0.0001 psnr: 37.30 dB  msssim: 0.9872
epoch [726/1200] batch [132/132] loss: 0.0001 psnr: 37.19 dB  msssim: 0.9869
======  Epoch 726 完成 ======LOSS: 0.0002 | PSNR: 37.19 dB | BEST: 37.30 dB | MSSSIM: 0.9869 | TIME: 60.86秒 | LR: 2.451e-03
epoch [727/1200] batch [1/132] loss: 0.0002 psnr: 36.88 dB  msssim: 0.9880
epoch [727/1200] batch [51/132] loss: 0.0003 psnr: 37.14 dB  msssim: 0.9868
epoch [727/1200] batch [101/132] loss: 0.0003 psnr: 37.09 dB  msssim: 0.9867
epoch [727/1200] batch [132/132] loss: 0.0004 psnr: 37.16 dB  msssim: 0.9869
======  Epoch 727 完成 ======LOSS: 0.0002 | PSNR: 37.16 dB | BEST: 37.30 dB | MSSSIM: 0.9869 | TIME: 60.83秒 | LR: 2.443e-03
epoch [728/1200] batch [1/132] loss: 0.0001 psnr: 39.67 dB  msssim: 0.9937
epoch [728/1200] batch [51/132] loss: 0.0001 psnr: 37.41 dB  msssim: 0.9875
epoch [728/1200] batch [101/132] loss: 0.0001 psnr: 37.17 dB  msssim: 0.9869
epoch [728/1200] batch [132/132] loss: 0.0001 psnr: 37.17 dB  msssim: 0.9869
======  Epoch 728 完成 ======LOSS: 0.0002 | PSNR: 37.17 dB | BEST: 37.30 dB | MSSSIM: 0.9869 | TIME: 60.99秒 | LR: 2.435e-03
epoch [729/1200] batch [1/132] loss: 0.0003 psnr: 35.20 dB  msssim: 0.9812
epoch [729/1200] batch [51/132] loss: 0.0002 psnr: 36.80 dB  msssim: 0.9859
epoch [729/1200] batch [101/132] loss: 0.0004 psnr: 37.07 dB  msssim: 0.9866
epoch [729/1200] batch [132/132] loss: 0.0001 psnr: 37.10 dB  msssim: 0.9868
======  Epoch 729 完成 ======LOSS: 0.0002 | PSNR: 37.10 dB | BEST: 37.30 dB | MSSSIM: 0.9868 | TIME: 60.79秒 | LR: 2.426e-03
epoch [730/1200] batch [1/132] loss: 0.0002 psnr: 36.60 dB  msssim: 0.9873
epoch [730/1200] batch [51/132] loss: 0.0002 psnr: 37.22 dB  msssim: 0.9871
epoch [730/1200] batch [101/132] loss: 0.0003 psnr: 37.11 dB  msssim: 0.9866
epoch [730/1200] batch [132/132] loss: 0.0001 psnr: 37.18 dB  msssim: 0.9869
======  Epoch 730 完成 ======LOSS: 0.0002 | PSNR: 37.18 dB | BEST: 37.30 dB | MSSSIM: 0.9869 | TIME: 60.85秒 | LR: 2.418e-03
epoch [731/1200] batch [1/132] loss: 0.0002 psnr: 36.99 dB  msssim: 0.9876
epoch [731/1200] batch [51/132] loss: 0.0001 psnr: 37.33 dB  msssim: 0.9873
epoch [731/1200] batch [101/132] loss: 0.0001 psnr: 37.12 dB  msssim: 0.9867
epoch [731/1200] batch [132/132] loss: 0.0004 psnr: 37.21 dB  msssim: 0.9869
======  Epoch 731 完成 ======LOSS: 0.0002 | PSNR: 37.21 dB | BEST: 37.30 dB | MSSSIM: 0.9869 | TIME: 61.06秒 | LR: 2.410e-03
epoch [732/1200] batch [1/132] loss: 0.0001 psnr: 39.18 dB  msssim: 0.9926
epoch [732/1200] batch [51/132] loss: 0.0002 psnr: 37.08 dB  msssim: 0.9868
epoch [732/1200] batch [101/132] loss: 0.0002 psnr: 37.16 dB  msssim: 0.9870
epoch [732/1200] batch [132/132] loss: 0.0003 psnr: 37.13 dB  msssim: 0.9869
======  Epoch 732 完成 ======LOSS: 0.0002 | PSNR: 37.13 dB | BEST: 37.30 dB | MSSSIM: 0.9869 | TIME: 60.92秒 | LR: 2.402e-03
epoch [733/1200] batch [1/132] loss: 0.0005 psnr: 33.37 dB  msssim: 0.9742
epoch [733/1200] batch [51/132] loss: 0.0001 psnr: 37.67 dB  msssim: 0.9883
epoch [733/1200] batch [101/132] loss: 0.0002 psnr: 37.30 dB  msssim: 0.9872
epoch [733/1200] batch [132/132] loss: 0.0004 psnr: 37.18 dB  msssim: 0.9869
======  Epoch 733 完成 ======LOSS: 0.0002 | PSNR: 37.18 dB | BEST: 37.30 dB | MSSSIM: 0.9869 | TIME: 60.84秒 | LR: 2.394e-03
epoch [734/1200] batch [1/132] loss: 0.0001 psnr: 38.81 dB  msssim: 0.9920
epoch [734/1200] batch [51/132] loss: 0.0002 psnr: 37.27 dB  msssim: 0.9871
epoch [734/1200] batch [101/132] loss: 0.0001 psnr: 37.19 dB  msssim: 0.9868
epoch [734/1200] batch [132/132] loss: 0.0003 psnr: 37.23 dB  msssim: 0.9870
======  Epoch 734 完成 ======LOSS: 0.0002 | PSNR: 37.23 dB | BEST: 37.30 dB | MSSSIM: 0.9870 | TIME: 60.87秒 | LR: 2.386e-03
epoch [735/1200] batch [1/132] loss: 0.0001 psnr: 39.69 dB  msssim: 0.9939
epoch [735/1200] batch [51/132] loss: 0.0004 psnr: 37.34 dB  msssim: 0.9874
epoch [735/1200] batch [101/132] loss: 0.0004 psnr: 37.07 dB  msssim: 0.9866
epoch [735/1200] batch [132/132] loss: 0.0001 psnr: 37.16 dB  msssim: 0.9868
======  Epoch 735 完成 ======LOSS: 0.0002 | PSNR: 37.16 dB | BEST: 37.30 dB | MSSSIM: 0.9868 | TIME: 60.88秒 | LR: 2.377e-03
epoch [736/1200] batch [1/132] loss: 0.0001 psnr: 39.69 dB  msssim: 0.9934
epoch [736/1200] batch [51/132] loss: 0.0004 psnr: 36.81 dB  msssim: 0.9858
epoch [736/1200] batch [101/132] loss: 0.0001 psnr: 37.33 dB  msssim: 0.9872
epoch [736/1200] batch [132/132] loss: 0.0001 psnr: 37.28 dB  msssim: 0.9871
======  Epoch 736 完成 ======LOSS: 0.0002 | PSNR: 37.28 dB | BEST: 37.30 dB | MSSSIM: 0.9871 | TIME: 60.95秒 | LR: 2.369e-03
epoch [737/1200] batch [1/132] loss: 0.0001 psnr: 38.86 dB  msssim: 0.9923
epoch [737/1200] batch [51/132] loss: 0.0001 psnr: 37.54 dB  msssim: 0.9879
epoch [737/1200] batch [101/132] loss: 0.0002 psnr: 37.31 dB  msssim: 0.9871
epoch [737/1200] batch [132/132] loss: 0.0004 psnr: 37.30 dB  msssim: 0.9871
======  Epoch 737 完成 ======LOSS: 0.0002 | PSNR: 37.30 dB | BEST: 37.30 dB | MSSSIM: 0.9871 | TIME: 60.81秒 | LR: 2.361e-03
epoch [738/1200] batch [1/132] loss: 0.0004 psnr: 34.30 dB  msssim: 0.9779
epoch [738/1200] batch [51/132] loss: 0.0001 psnr: 36.88 dB  msssim: 0.9859
epoch [738/1200] batch [101/132] loss: 0.0001 psnr: 37.10 dB  msssim: 0.9865
epoch [738/1200] batch [132/132] loss: 0.0002 psnr: 37.23 dB  msssim: 0.9870
======  Epoch 738 完成 ======LOSS: 0.0002 | PSNR: 37.23 dB | BEST: 37.30 dB | MSSSIM: 0.9870 | TIME: 60.89秒 | LR: 2.353e-03
epoch [739/1200] batch [1/132] loss: 0.0004 psnr: 34.34 dB  msssim: 0.9772
epoch [739/1200] batch [51/132] loss: 0.0001 psnr: 37.28 dB  msssim: 0.9874
epoch [739/1200] batch [101/132] loss: 0.0003 psnr: 37.04 dB  msssim: 0.9869
epoch [739/1200] batch [132/132] loss: 0.0001 psnr: 36.98 dB  msssim: 0.9868
======  Epoch 739 完成 ======LOSS: 0.0002 | PSNR: 36.98 dB | BEST: 37.30 dB | MSSSIM: 0.9868 | TIME: 60.88秒 | LR: 2.345e-03
epoch [740/1200] batch [1/132] loss: 0.0002 psnr: 37.07 dB  msssim: 0.9882
epoch [740/1200] batch [51/132] loss: 0.0004 psnr: 37.10 dB  msssim: 0.9868
epoch [740/1200] batch [101/132] loss: 0.0001 psnr: 37.21 dB  msssim: 0.9870
epoch [740/1200] batch [132/132] loss: 0.0001 psnr: 37.23 dB  msssim: 0.9870
======  Epoch 740 完成 ======LOSS: 0.0002 | PSNR: 37.23 dB | BEST: 37.30 dB | MSSSIM: 0.9870 | TIME: 60.85秒 | LR: 2.337e-03
epoch [741/1200] batch [1/132] loss: 0.0001 psnr: 39.56 dB  msssim: 0.9930
epoch [741/1200] batch [51/132] loss: 0.0001 psnr: 37.42 dB  msssim: 0.9877
epoch [741/1200] batch [101/132] loss: 0.0002 psnr: 37.07 dB  msssim: 0.9865
epoch [741/1200] batch [132/132] loss: 0.0002 psnr: 37.23 dB  msssim: 0.9870
======  Epoch 741 完成 ======LOSS: 0.0002 | PSNR: 37.23 dB | BEST: 37.30 dB | MSSSIM: 0.9870 | TIME: 60.84秒 | LR: 2.328e-03
epoch [742/1200] batch [1/132] loss: 0.0003 psnr: 34.75 dB  msssim: 0.9789
epoch [742/1200] batch [51/132] loss: 0.0003 psnr: 37.35 dB  msssim: 0.9877
epoch [742/1200] batch [101/132] loss: 0.0001 psnr: 37.32 dB  msssim: 0.9873
epoch [742/1200] batch [132/132] loss: 0.0001 psnr: 37.24 dB  msssim: 0.9871
======  Epoch 742 完成 ======LOSS: 0.0002 | PSNR: 37.24 dB | BEST: 37.30 dB | MSSSIM: 0.9871 | TIME: 60.80秒 | LR: 2.320e-03
epoch [743/1200] batch [1/132] loss: 0.0002 psnr: 37.03 dB  msssim: 0.9885
epoch [743/1200] batch [51/132] loss: 0.0004 psnr: 37.05 dB  msssim: 0.9866
epoch [743/1200] batch [101/132] loss: 0.0001 psnr: 37.26 dB  msssim: 0.9872
epoch [743/1200] batch [132/132] loss: 0.0001 psnr: 37.28 dB  msssim: 0.9871
======  Epoch 743 完成 ======LOSS: 0.0002 | PSNR: 37.28 dB | BEST: 37.30 dB | MSSSIM: 0.9871 | TIME: 60.93秒 | LR: 2.312e-03
epoch [744/1200] batch [1/132] loss: 0.0001 psnr: 39.17 dB  msssim: 0.9923
epoch [744/1200] batch [51/132] loss: 0.0002 psnr: 37.26 dB  msssim: 0.9871
epoch [744/1200] batch [101/132] loss: 0.0001 psnr: 37.23 dB  msssim: 0.9869
epoch [744/1200] batch [132/132] loss: 0.0001 psnr: 37.30 dB  msssim: 0.9872
======  Epoch 744 完成 ======LOSS: 0.0002 | PSNR: 37.30 dB | BEST: 37.30 dB | MSSSIM: 0.9872 | TIME: 60.88秒 | LR: 2.304e-03
epoch [745/1200] batch [1/132] loss: 0.0003 psnr: 34.64 dB  msssim: 0.9779
epoch [745/1200] batch [51/132] loss: 0.0003 psnr: 37.00 dB  msssim: 0.9866
epoch [745/1200] batch [101/132] loss: 0.0002 psnr: 37.28 dB  msssim: 0.9871
epoch [745/1200] batch [132/132] loss: 0.0001 psnr: 37.29 dB  msssim: 0.9871
======  Epoch 745 完成 ======LOSS: 0.0002 | PSNR: 37.29 dB | BEST: 37.30 dB | MSSSIM: 0.9871 | TIME: 60.83秒 | LR: 2.296e-03
epoch [746/1200] batch [1/132] loss: 0.0002 psnr: 37.01 dB  msssim: 0.9880
epoch [746/1200] batch [51/132] loss: 0.0003 psnr: 36.82 dB  msssim: 0.9859
epoch [746/1200] batch [101/132] loss: 0.0001 psnr: 37.17 dB  msssim: 0.9868
epoch [746/1200] batch [132/132] loss: 0.0004 psnr: 37.21 dB  msssim: 0.9871
======  Epoch 746 完成 ======LOSS: 0.0002 | PSNR: 37.21 dB | BEST: 37.30 dB | MSSSIM: 0.9871 | TIME: 60.90秒 | LR: 2.288e-03
epoch [747/1200] batch [1/132] loss: 0.0004 psnr: 34.18 dB  msssim: 0.9752
epoch [747/1200] batch [51/132] loss: 0.0004 psnr: 36.92 dB  msssim: 0.9862
epoch [747/1200] batch [101/132] loss: 0.0004 psnr: 37.07 dB  msssim: 0.9869
epoch [747/1200] batch [132/132] loss: 0.0002 psnr: 37.04 dB  msssim: 0.9868
======  Epoch 747 完成 ======LOSS: 0.0002 | PSNR: 37.04 dB | BEST: 37.30 dB | MSSSIM: 0.9868 | TIME: 60.93秒 | LR: 2.279e-03
epoch [748/1200] batch [1/132] loss: 0.0001 psnr: 39.72 dB  msssim: 0.9933
epoch [748/1200] batch [51/132] loss: 0.0001 psnr: 37.00 dB  msssim: 0.9866
epoch [748/1200] batch [101/132] loss: 0.0004 psnr: 37.15 dB  msssim: 0.9870
epoch [748/1200] batch [132/132] loss: 0.0002 psnr: 37.21 dB  msssim: 0.9871
======  Epoch 748 完成 ======LOSS: 0.0002 | PSNR: 37.21 dB | BEST: 37.30 dB | MSSSIM: 0.9871 | TIME: 60.87秒 | LR: 2.271e-03
epoch [749/1200] batch [1/132] loss: 0.0003 psnr: 35.82 dB  msssim: 0.9848
epoch [749/1200] batch [51/132] loss: 0.0001 psnr: 37.17 dB  msssim: 0.9870
epoch [749/1200] batch [101/132] loss: 0.0003 psnr: 37.13 dB  msssim: 0.9867
epoch [749/1200] batch [132/132] loss: 0.0003 psnr: 37.24 dB  msssim: 0.9870
======  Epoch 749 完成 ======LOSS: 0.0002 | PSNR: 37.24 dB | BEST: 37.30 dB | MSSSIM: 0.9870 | TIME: 60.91秒 | LR: 2.263e-03
epoch [750/1200] batch [1/132] loss: 0.0003 psnr: 34.70 dB  msssim: 0.9790
epoch [750/1200] batch [51/132] loss: 0.0001 psnr: 37.32 dB  msssim: 0.9869
epoch [750/1200] batch [101/132] loss: 0.0002 psnr: 37.28 dB  msssim: 0.9870
epoch [750/1200] batch [132/132] loss: 0.0003 psnr: 37.28 dB  msssim: 0.9871
======  Epoch 750 完成 ======LOSS: 0.0002 | PSNR: 37.28 dB | BEST: 37.30 dB | MSSSIM: 0.9871 | TIME: 60.85秒 | LR: 2.255e-03
Step [1/132] | Val PSNR: 36.39 dB | Val MSSSIM: 0.9862 | FPS: 47.95
Step [51/132] | Val PSNR: 35.38 dB | Val MSSSIM: 0.9813 | FPS: 178.40
Step [101/132] | Val PSNR: 36.71 dB | Val MSSSIM: 0.9855 | FPS: 193.73
Step [132/132] | Val PSNR: 37.39 dB | Val MSSSIM: 0.9874 | FPS: 200.00
== Epoch 750 测试完成 == PSNR: 37.39 dB | BEST: 37.30 dB | MSSSIM: 0.9874 | TIME: 19.14秒 | 
epoch [751/1200] batch [1/132] loss: 0.0002 psnr: 37.27 dB  msssim: 0.9886
epoch [751/1200] batch [51/132] loss: 0.0001 psnr: 37.31 dB  msssim: 0.9873
epoch [751/1200] batch [101/132] loss: 0.0001 psnr: 37.41 dB  msssim: 0.9875
epoch [751/1200] batch [132/132] loss: 0.0002 psnr: 37.28 dB  msssim: 0.9871
======  Epoch 751 完成 ======LOSS: 0.0002 | PSNR: 37.28 dB | BEST: 37.30 dB | MSSSIM: 0.9871 | TIME: 60.83秒 | LR: 2.247e-03
epoch [752/1200] batch [1/132] loss: 0.0003 psnr: 35.51 dB  msssim: 0.9834
epoch [752/1200] batch [51/132] loss: 0.0001 psnr: 37.73 dB  msssim: 0.9883
epoch [752/1200] batch [101/132] loss: 0.0001 psnr: 37.21 dB  msssim: 0.9870
epoch [752/1200] batch [132/132] loss: 0.0001 psnr: 37.27 dB  msssim: 0.9871
======  Epoch 752 完成 ======LOSS: 0.0002 | PSNR: 37.27 dB | BEST: 37.30 dB | MSSSIM: 0.9871 | TIME: 61.03秒 | LR: 2.239e-03
epoch [753/1200] batch [1/132] loss: 0.0004 psnr: 33.65 dB  msssim: 0.9752
epoch [753/1200] batch [51/132] loss: 0.0001 psnr: 36.99 dB  msssim: 0.9865
epoch [753/1200] batch [101/132] loss: 0.0001 psnr: 36.93 dB  msssim: 0.9866
epoch [753/1200] batch [132/132] loss: 0.0001 psnr: 37.11 dB  msssim: 0.9869
======  Epoch 753 完成 ======LOSS: 0.0002 | PSNR: 37.11 dB | BEST: 37.30 dB | MSSSIM: 0.9869 | TIME: 60.87秒 | LR: 2.231e-03
epoch [754/1200] batch [1/132] loss: 0.0002 psnr: 36.83 dB  msssim: 0.9876
epoch [754/1200] batch [51/132] loss: 0.0004 psnr: 37.08 dB  msssim: 0.9870
epoch [754/1200] batch [101/132] loss: 0.0001 psnr: 37.28 dB  msssim: 0.9874
epoch [754/1200] batch [132/132] loss: 0.0001 psnr: 37.19 dB  msssim: 0.9871
======  Epoch 754 完成 ======LOSS: 0.0002 | PSNR: 37.19 dB | BEST: 37.30 dB | MSSSIM: 0.9871 | TIME: 60.80秒 | LR: 2.222e-03
epoch [755/1200] batch [1/132] loss: 0.0002 psnr: 37.99 dB  msssim: 0.9901
epoch [755/1200] batch [51/132] loss: 0.0002 psnr: 37.23 dB  msssim: 0.9873
epoch [755/1200] batch [101/132] loss: 0.0002 psnr: 37.05 dB  msssim: 0.9866
epoch [755/1200] batch [132/132] loss: 0.0003 psnr: 37.20 dB  msssim: 0.9870
======  Epoch 755 完成 ======LOSS: 0.0002 | PSNR: 37.20 dB | BEST: 37.30 dB | MSSSIM: 0.9870 | TIME: 60.98秒 | LR: 2.214e-03
epoch [756/1200] batch [1/132] loss: 0.0002 psnr: 36.33 dB  msssim: 0.9861
epoch [756/1200] batch [51/132] loss: 0.0001 psnr: 37.49 dB  msssim: 0.9879
epoch [756/1200] batch [101/132] loss: 0.0002 psnr: 37.20 dB  msssim: 0.9869
epoch [756/1200] batch [132/132] loss: 0.0002 psnr: 37.29 dB  msssim: 0.9872
======  Epoch 756 完成 ======LOSS: 0.0002 | PSNR: 37.29 dB | BEST: 37.30 dB | MSSSIM: 0.9872 | TIME: 60.91秒 | LR: 2.206e-03
epoch [757/1200] batch [1/132] loss: 0.0001 psnr: 39.09 dB  msssim: 0.9922
epoch [757/1200] batch [51/132] loss: 0.0001 psnr: 37.11 dB  msssim: 0.9866
epoch [757/1200] batch [101/132] loss: 0.0001 psnr: 37.42 dB  msssim: 0.9874
epoch [757/1200] batch [132/132] loss: 0.0001 psnr: 37.32 dB  msssim: 0.9872
======  Epoch 757 完成 ======LOSS: 0.0002 | PSNR: 37.32 dB | BEST: 37.32 dB | MSSSIM: 0.9872 | TIME: 60.81秒 | LR: 2.198e-03
epoch [758/1200] batch [1/132] loss: 0.0004 psnr: 34.30 dB  msssim: 0.9757
epoch [758/1200] batch [51/132] loss: 0.0001 psnr: 37.52 dB  msssim: 0.9877
epoch [758/1200] batch [101/132] loss: 0.0001 psnr: 37.38 dB  msssim: 0.9874
epoch [758/1200] batch [132/132] loss: 0.0001 psnr: 37.29 dB  msssim: 0.9871
======  Epoch 758 完成 ======LOSS: 0.0002 | PSNR: 37.29 dB | BEST: 37.32 dB | MSSSIM: 0.9871 | TIME: 60.97秒 | LR: 2.190e-03
epoch [759/1200] batch [1/132] loss: 0.0003 psnr: 35.80 dB  msssim: 0.9846
epoch [759/1200] batch [51/132] loss: 0.0003 psnr: 37.85 dB  msssim: 0.9888
epoch [759/1200] batch [101/132] loss: 0.0001 psnr: 37.52 dB  msssim: 0.9878
epoch [759/1200] batch [132/132] loss: 0.0004 psnr: 37.34 dB  msssim: 0.9872
======  Epoch 759 完成 ======LOSS: 0.0002 | PSNR: 37.34 dB | BEST: 37.34 dB | MSSSIM: 0.9872 | TIME: 60.90秒 | LR: 2.182e-03
epoch [760/1200] batch [1/132] loss: 0.0002 psnr: 37.13 dB  msssim: 0.9882
epoch [760/1200] batch [51/132] loss: 0.0004 psnr: 37.36 dB  msssim: 0.9874
epoch [760/1200] batch [101/132] loss: 0.0003 psnr: 37.42 dB  msssim: 0.9875
epoch [760/1200] batch [132/132] loss: 0.0002 psnr: 37.33 dB  msssim: 0.9872
======  Epoch 760 完成 ======LOSS: 0.0002 | PSNR: 37.33 dB | BEST: 37.34 dB | MSSSIM: 0.9872 | TIME: 61.18秒 | LR: 2.174e-03
epoch [761/1200] batch [1/132] loss: 0.0001 psnr: 38.87 dB  msssim: 0.9921
epoch [761/1200] batch [51/132] loss: 0.0003 psnr: 37.04 dB  msssim: 0.9862
epoch [761/1200] batch [101/132] loss: 0.0001 psnr: 37.39 dB  msssim: 0.9874
epoch [761/1200] batch [132/132] loss: 0.0003 psnr: 37.34 dB  msssim: 0.9873
======  Epoch 761 完成 ======LOSS: 0.0002 | PSNR: 37.34 dB | BEST: 37.34 dB | MSSSIM: 0.9873 | TIME: 60.78秒 | LR: 2.166e-03
epoch [762/1200] batch [1/132] loss: 0.0003 psnr: 34.72 dB  msssim: 0.9784
epoch [762/1200] batch [51/132] loss: 0.0001 psnr: 37.35 dB  msssim: 0.9872
epoch [762/1200] batch [101/132] loss: 0.0001 psnr: 37.43 dB  msssim: 0.9877
epoch [762/1200] batch [132/132] loss: 0.0002 psnr: 37.30 dB  msssim: 0.9872
======  Epoch 762 完成 ======LOSS: 0.0002 | PSNR: 37.30 dB | BEST: 37.34 dB | MSSSIM: 0.9872 | TIME: 60.74秒 | LR: 2.158e-03
epoch [763/1200] batch [1/132] loss: 0.0003 psnr: 34.62 dB  msssim: 0.9785
epoch [763/1200] batch [51/132] loss: 0.0001 psnr: 37.47 dB  msssim: 0.9879
epoch [763/1200] batch [101/132] loss: 0.0001 psnr: 37.34 dB  msssim: 0.9873
epoch [763/1200] batch [132/132] loss: 0.0003 psnr: 37.27 dB  msssim: 0.9871
======  Epoch 763 完成 ======LOSS: 0.0002 | PSNR: 37.27 dB | BEST: 37.34 dB | MSSSIM: 0.9871 | TIME: 60.84秒 | LR: 2.149e-03
epoch [764/1200] batch [1/132] loss: 0.0001 psnr: 39.25 dB  msssim: 0.9934
epoch [764/1200] batch [51/132] loss: 0.0003 psnr: 37.49 dB  msssim: 0.9877
epoch [764/1200] batch [101/132] loss: 0.0001 psnr: 37.46 dB  msssim: 0.9877
epoch [764/1200] batch [132/132] loss: 0.0001 psnr: 37.30 dB  msssim: 0.9872
======  Epoch 764 完成 ======LOSS: 0.0002 | PSNR: 37.30 dB | BEST: 37.34 dB | MSSSIM: 0.9872 | TIME: 60.99秒 | LR: 2.141e-03
epoch [765/1200] batch [1/132] loss: 0.0001 psnr: 39.06 dB  msssim: 0.9923
epoch [765/1200] batch [51/132] loss: 0.0001 psnr: 37.38 dB  msssim: 0.9875
epoch [765/1200] batch [101/132] loss: 0.0002 psnr: 37.20 dB  msssim: 0.9870
epoch [765/1200] batch [132/132] loss: 0.0003 psnr: 37.26 dB  msssim: 0.9871
======  Epoch 765 完成 ======LOSS: 0.0002 | PSNR: 37.26 dB | BEST: 37.34 dB | MSSSIM: 0.9871 | TIME: 60.84秒 | LR: 2.133e-03
epoch [766/1200] batch [1/132] loss: 0.0002 psnr: 37.24 dB  msssim: 0.9885
epoch [766/1200] batch [51/132] loss: 0.0001 psnr: 37.24 dB  msssim: 0.9869
epoch [766/1200] batch [101/132] loss: 0.0001 psnr: 37.16 dB  msssim: 0.9868
epoch [766/1200] batch [132/132] loss: 0.0001 psnr: 37.29 dB  msssim: 0.9872
======  Epoch 766 完成 ======LOSS: 0.0002 | PSNR: 37.29 dB | BEST: 37.34 dB | MSSSIM: 0.9872 | TIME: 60.89秒 | LR: 2.125e-03
epoch [767/1200] batch [1/132] loss: 0.0001 psnr: 39.17 dB  msssim: 0.9925
epoch [767/1200] batch [51/132] loss: 0.0001 psnr: 37.56 dB  msssim: 0.9880
epoch [767/1200] batch [101/132] loss: 0.0004 psnr: 37.39 dB  msssim: 0.9875
epoch [767/1200] batch [132/132] loss: 0.0003 psnr: 37.25 dB  msssim: 0.9871
======  Epoch 767 完成 ======LOSS: 0.0002 | PSNR: 37.25 dB | BEST: 37.34 dB | MSSSIM: 0.9871 | TIME: 61.03秒 | LR: 2.117e-03
epoch [768/1200] batch [1/132] loss: 0.0003 psnr: 35.05 dB  msssim: 0.9806
epoch [768/1200] batch [51/132] loss: 0.0001 psnr: 37.23 dB  msssim: 0.9872
epoch [768/1200] batch [101/132] loss: 0.0002 psnr: 37.12 dB  msssim: 0.9868
epoch [768/1200] batch [132/132] loss: 0.0002 psnr: 37.27 dB  msssim: 0.9871
======  Epoch 768 完成 ======LOSS: 0.0002 | PSNR: 37.27 dB | BEST: 37.34 dB | MSSSIM: 0.9871 | TIME: 60.86秒 | LR: 2.109e-03
epoch [769/1200] batch [1/132] loss: 0.0004 psnr: 34.08 dB  msssim: 0.9747
epoch [769/1200] batch [51/132] loss: 0.0003 psnr: 37.41 dB  msssim: 0.9878
epoch [769/1200] batch [101/132] loss: 0.0001 psnr: 37.22 dB  msssim: 0.9869
epoch [769/1200] batch [132/132] loss: 0.0003 psnr: 37.28 dB  msssim: 0.9871
======  Epoch 769 完成 ======LOSS: 0.0002 | PSNR: 37.28 dB | BEST: 37.34 dB | MSSSIM: 0.9871 | TIME: 60.75秒 | LR: 2.101e-03
epoch [770/1200] batch [1/132] loss: 0.0001 psnr: 39.58 dB  msssim: 0.9933
epoch [770/1200] batch [51/132] loss: 0.0003 psnr: 37.62 dB  msssim: 0.9883
epoch [770/1200] batch [101/132] loss: 0.0003 psnr: 37.31 dB  msssim: 0.9872
epoch [770/1200] batch [132/132] loss: 0.0001 psnr: 37.35 dB  msssim: 0.9873
======  Epoch 770 完成 ======LOSS: 0.0002 | PSNR: 37.35 dB | BEST: 37.35 dB | MSSSIM: 0.9873 | TIME: 60.91秒 | LR: 2.093e-03
epoch [771/1200] batch [1/132] loss: 0.0001 psnr: 38.66 dB  msssim: 0.9923
epoch [771/1200] batch [51/132] loss: 0.0002 psnr: 37.05 dB  msssim: 0.9866
epoch [771/1200] batch [101/132] loss: 0.0001 psnr: 37.24 dB  msssim: 0.9870
epoch [771/1200] batch [132/132] loss: 0.0001 psnr: 37.34 dB  msssim: 0.9873
======  Epoch 771 完成 ======LOSS: 0.0002 | PSNR: 37.34 dB | BEST: 37.35 dB | MSSSIM: 0.9873 | TIME: 60.54秒 | LR: 2.085e-03
epoch [772/1200] batch [1/132] loss: 0.0001 psnr: 39.88 dB  msssim: 0.9941
epoch [772/1200] batch [51/132] loss: 0.0004 psnr: 37.57 dB  msssim: 0.9878
epoch [772/1200] batch [101/132] loss: 0.0004 psnr: 37.25 dB  msssim: 0.9869
epoch [772/1200] batch [132/132] loss: 0.0001 psnr: 37.35 dB  msssim: 0.9873
======  Epoch 772 完成 ======LOSS: 0.0002 | PSNR: 37.35 dB | BEST: 37.35 dB | MSSSIM: 0.9873 | TIME: 60.52秒 | LR: 2.077e-03
epoch [773/1200] batch [1/132] loss: 0.0003 psnr: 35.18 dB  msssim: 0.9810
epoch [773/1200] batch [51/132] loss: 0.0001 psnr: 37.01 dB  msssim: 0.9863
epoch [773/1200] batch [101/132] loss: 0.0004 psnr: 37.25 dB  msssim: 0.9870
epoch [773/1200] batch [132/132] loss: 0.0001 psnr: 37.32 dB  msssim: 0.9873
======  Epoch 773 完成 ======LOSS: 0.0002 | PSNR: 37.32 dB | BEST: 37.35 dB | MSSSIM: 0.9873 | TIME: 60.58秒 | LR: 2.069e-03
epoch [774/1200] batch [1/132] loss: 0.0001 psnr: 39.95 dB  msssim: 0.9937
epoch [774/1200] batch [51/132] loss: 0.0001 psnr: 37.35 dB  msssim: 0.9877
epoch [774/1200] batch [101/132] loss: 0.0002 psnr: 37.22 dB  msssim: 0.9872
epoch [774/1200] batch [132/132] loss: 0.0001 psnr: 37.28 dB  msssim: 0.9872
======  Epoch 774 完成 ======LOSS: 0.0002 | PSNR: 37.28 dB | BEST: 37.35 dB | MSSSIM: 0.9872 | TIME: 60.63秒 | LR: 2.061e-03
epoch [775/1200] batch [1/132] loss: 0.0003 psnr: 35.26 dB  msssim: 0.9826
epoch [775/1200] batch [51/132] loss: 0.0001 psnr: 37.29 dB  msssim: 0.9875
epoch [775/1200] batch [101/132] loss: 0.0002 psnr: 37.30 dB  msssim: 0.9874
epoch [775/1200] batch [132/132] loss: 0.0001 psnr: 37.14 dB  msssim: 0.9870
======  Epoch 775 完成 ======LOSS: 0.0002 | PSNR: 37.14 dB | BEST: 37.35 dB | MSSSIM: 0.9870 | TIME: 60.48秒 | LR: 2.053e-03
epoch [776/1200] batch [1/132] loss: 0.0001 psnr: 39.64 dB  msssim: 0.9936
epoch [776/1200] batch [51/132] loss: 0.0001 psnr: 37.32 dB  msssim: 0.9879
epoch [776/1200] batch [101/132] loss: 0.0004 psnr: 37.19 dB  msssim: 0.9872
epoch [776/1200] batch [132/132] loss: 0.0002 psnr: 37.23 dB  msssim: 0.9872
======  Epoch 776 完成 ======LOSS: 0.0002 | PSNR: 37.23 dB | BEST: 37.35 dB | MSSSIM: 0.9872 | TIME: 60.42秒 | LR: 2.044e-03
epoch [777/1200] batch [1/132] loss: 0.0003 psnr: 35.20 dB  msssim: 0.9817
epoch [777/1200] batch [51/132] loss: 0.0001 psnr: 37.67 dB  msssim: 0.9883
epoch [777/1200] batch [101/132] loss: 0.0002 psnr: 37.45 dB  msssim: 0.9877
epoch [777/1200] batch [132/132] loss: 0.0001 psnr: 37.34 dB  msssim: 0.9873
======  Epoch 777 完成 ======LOSS: 0.0002 | PSNR: 37.34 dB | BEST: 37.35 dB | MSSSIM: 0.9873 | TIME: 60.42秒 | LR: 2.036e-03
epoch [778/1200] batch [1/132] loss: 0.0001 psnr: 39.61 dB  msssim: 0.9939
epoch [778/1200] batch [51/132] loss: 0.0001 psnr: 37.09 dB  msssim: 0.9864
epoch [778/1200] batch [101/132] loss: 0.0001 psnr: 37.17 dB  msssim: 0.9867
epoch [778/1200] batch [132/132] loss: 0.0001 psnr: 37.38 dB  msssim: 0.9873
======  Epoch 778 完成 ======LOSS: 0.0002 | PSNR: 37.38 dB | BEST: 37.38 dB | MSSSIM: 0.9873 | TIME: 60.47秒 | LR: 2.028e-03
epoch [779/1200] batch [1/132] loss: 0.0001 psnr: 39.77 dB  msssim: 0.9935
epoch [779/1200] batch [51/132] loss: 0.0002 psnr: 37.15 dB  msssim: 0.9866
epoch [779/1200] batch [101/132] loss: 0.0002 psnr: 37.40 dB  msssim: 0.9874
epoch [779/1200] batch [132/132] loss: 0.0002 psnr: 37.42 dB  msssim: 0.9874
======  Epoch 779 完成 ======LOSS: 0.0002 | PSNR: 37.42 dB | BEST: 37.42 dB | MSSSIM: 0.9874 | TIME: 60.49秒 | LR: 2.020e-03
epoch [780/1200] batch [1/132] loss: 0.0001 psnr: 40.38 dB  msssim: 0.9942
epoch [780/1200] batch [51/132] loss: 0.0003 psnr: 37.40 dB  msssim: 0.9875
epoch [780/1200] batch [101/132] loss: 0.0003 psnr: 37.39 dB  msssim: 0.9875
epoch [780/1200] batch [132/132] loss: 0.0002 psnr: 37.42 dB  msssim: 0.9874
======  Epoch 780 完成 ======LOSS: 0.0002 | PSNR: 37.42 dB | BEST: 37.42 dB | MSSSIM: 0.9874 | TIME: 60.64秒 | LR: 2.012e-03
epoch [781/1200] batch [1/132] loss: 0.0004 psnr: 34.47 dB  msssim: 0.9773
epoch [781/1200] batch [51/132] loss: 0.0002 psnr: 36.95 dB  msssim: 0.9861
epoch [781/1200] batch [101/132] loss: 0.0002 psnr: 37.20 dB  msssim: 0.9868
epoch [781/1200] batch [132/132] loss: 0.0002 psnr: 37.41 dB  msssim: 0.9874
======  Epoch 781 完成 ======LOSS: 0.0002 | PSNR: 37.41 dB | BEST: 37.42 dB | MSSSIM: 0.9874 | TIME: 60.40秒 | LR: 2.004e-03
epoch [782/1200] batch [1/132] loss: 0.0002 psnr: 36.70 dB  msssim: 0.9871
epoch [782/1200] batch [51/132] loss: 0.0003 psnr: 38.31 dB  msssim: 0.9899
epoch [782/1200] batch [101/132] loss: 0.0003 psnr: 37.68 dB  msssim: 0.9881
epoch [782/1200] batch [132/132] loss: 0.0001 psnr: 37.43 dB  msssim: 0.9874
======  Epoch 782 完成 ======LOSS: 0.0002 | PSNR: 37.43 dB | BEST: 37.43 dB | MSSSIM: 0.9874 | TIME: 60.63秒 | LR: 1.996e-03
epoch [783/1200] batch [1/132] loss: 0.0001 psnr: 40.08 dB  msssim: 0.9938
epoch [783/1200] batch [51/132] loss: 0.0004 psnr: 37.38 dB  msssim: 0.9870
epoch [783/1200] batch [101/132] loss: 0.0001 psnr: 37.24 dB  msssim: 0.9868
epoch [783/1200] batch [132/132] loss: 0.0002 psnr: 37.38 dB  msssim: 0.9873
======  Epoch 783 完成 ======LOSS: 0.0002 | PSNR: 37.38 dB | BEST: 37.43 dB | MSSSIM: 0.9873 | TIME: 60.41秒 | LR: 1.988e-03
epoch [784/1200] batch [1/132] loss: 0.0001 psnr: 38.28 dB  msssim: 0.9907
epoch [784/1200] batch [51/132] loss: 0.0001 psnr: 37.50 dB  msssim: 0.9877
epoch [784/1200] batch [101/132] loss: 0.0003 psnr: 37.35 dB  msssim: 0.9872
epoch [784/1200] batch [132/132] loss: 0.0001 psnr: 37.42 dB  msssim: 0.9874
======  Epoch 784 完成 ======LOSS: 0.0002 | PSNR: 37.42 dB | BEST: 37.43 dB | MSSSIM: 0.9874 | TIME: 60.40秒 | LR: 1.980e-03
epoch [785/1200] batch [1/132] loss: 0.0004 psnr: 33.98 dB  msssim: 0.9768
epoch [785/1200] batch [51/132] loss: 0.0001 psnr: 37.35 dB  msssim: 0.9872
epoch [785/1200] batch [101/132] loss: 0.0001 psnr: 37.16 dB  msssim: 0.9865
epoch [785/1200] batch [132/132] loss: 0.0001 psnr: 37.38 dB  msssim: 0.9874
======  Epoch 785 完成 ======LOSS: 0.0002 | PSNR: 37.38 dB | BEST: 37.43 dB | MSSSIM: 0.9874 | TIME: 60.58秒 | LR: 1.972e-03
epoch [786/1200] batch [1/132] loss: 0.0001 psnr: 39.70 dB  msssim: 0.9935
epoch [786/1200] batch [51/132] loss: 0.0001 psnr: 37.17 dB  msssim: 0.9868
epoch [786/1200] batch [101/132] loss: 0.0001 psnr: 37.28 dB  msssim: 0.9872
epoch [786/1200] batch [132/132] loss: 0.0002 psnr: 37.33 dB  msssim: 0.9873
======  Epoch 786 完成 ======LOSS: 0.0002 | PSNR: 37.33 dB | BEST: 37.43 dB | MSSSIM: 0.9873 | TIME: 60.53秒 | LR: 1.964e-03
epoch [787/1200] batch [1/132] loss: 0.0001 psnr: 40.05 dB  msssim: 0.9937
epoch [787/1200] batch [51/132] loss: 0.0003 psnr: 37.59 dB  msssim: 0.9881
epoch [787/1200] batch [101/132] loss: 0.0001 psnr: 37.54 dB  msssim: 0.9879
epoch [787/1200] batch [132/132] loss: 0.0002 psnr: 37.36 dB  msssim: 0.9873
======  Epoch 787 完成 ======LOSS: 0.0002 | PSNR: 37.36 dB | BEST: 37.43 dB | MSSSIM: 0.9873 | TIME: 60.48秒 | LR: 1.956e-03
epoch [788/1200] batch [1/132] loss: 0.0002 psnr: 37.93 dB  msssim: 0.9901
epoch [788/1200] batch [51/132] loss: 0.0001 psnr: 37.34 dB  msssim: 0.9870
epoch [788/1200] batch [101/132] loss: 0.0001 psnr: 37.30 dB  msssim: 0.9871
epoch [788/1200] batch [132/132] loss: 0.0001 psnr: 37.32 dB  msssim: 0.9872
======  Epoch 788 完成 ======LOSS: 0.0002 | PSNR: 37.32 dB | BEST: 37.43 dB | MSSSIM: 0.9872 | TIME: 60.64秒 | LR: 1.948e-03
epoch [789/1200] batch [1/132] loss: 0.0002 psnr: 36.12 dB  msssim: 0.9855
epoch [789/1200] batch [51/132] loss: 0.0003 psnr: 37.50 dB  msssim: 0.9878
epoch [789/1200] batch [101/132] loss: 0.0001 psnr: 37.47 dB  msssim: 0.9877
epoch [789/1200] batch [132/132] loss: 0.0001 psnr: 37.39 dB  msssim: 0.9874
======  Epoch 789 完成 ======LOSS: 0.0002 | PSNR: 37.39 dB | BEST: 37.43 dB | MSSSIM: 0.9874 | TIME: 60.44秒 | LR: 1.940e-03
epoch [790/1200] batch [1/132] loss: 0.0002 psnr: 36.73 dB  msssim: 0.9867
epoch [790/1200] batch [51/132] loss: 0.0001 psnr: 37.55 dB  msssim: 0.9880
epoch [790/1200] batch [101/132] loss: 0.0001 psnr: 37.48 dB  msssim: 0.9878
epoch [790/1200] batch [132/132] loss: 0.0003 psnr: 37.39 dB  msssim: 0.9874
======  Epoch 790 完成 ======LOSS: 0.0002 | PSNR: 37.39 dB | BEST: 37.43 dB | MSSSIM: 0.9874 | TIME: 60.53秒 | LR: 1.932e-03
epoch [791/1200] batch [1/132] loss: 0.0001 psnr: 39.58 dB  msssim: 0.9931
epoch [791/1200] batch [51/132] loss: 0.0001 psnr: 37.28 dB  msssim: 0.9872
epoch [791/1200] batch [101/132] loss: 0.0001 psnr: 37.15 dB  msssim: 0.9869
epoch [791/1200] batch [132/132] loss: 0.0001 psnr: 37.26 dB  msssim: 0.9872
======  Epoch 791 完成 ======LOSS: 0.0002 | PSNR: 37.26 dB | BEST: 37.43 dB | MSSSIM: 0.9872 | TIME: 60.40秒 | LR: 1.924e-03
epoch [792/1200] batch [1/132] loss: 0.0002 psnr: 37.49 dB  msssim: 0.9893
epoch [792/1200] batch [51/132] loss: 0.0001 psnr: 37.70 dB  msssim: 0.9883
epoch [792/1200] batch [101/132] loss: 0.0004 psnr: 37.52 dB  msssim: 0.9878
epoch [792/1200] batch [132/132] loss: 0.0002 psnr: 37.38 dB  msssim: 0.9874
======  Epoch 792 完成 ======LOSS: 0.0002 | PSNR: 37.38 dB | BEST: 37.43 dB | MSSSIM: 0.9874 | TIME: 60.42秒 | LR: 1.916e-03
epoch [793/1200] batch [1/132] loss: 0.0004 psnr: 34.40 dB  msssim: 0.9764
epoch [793/1200] batch [51/132] loss: 0.0001 psnr: 37.53 dB  msssim: 0.9878
epoch [793/1200] batch [101/132] loss: 0.0002 psnr: 37.61 dB  msssim: 0.9881
epoch [793/1200] batch [132/132] loss: 0.0002 psnr: 37.42 dB  msssim: 0.9875
======  Epoch 793 完成 ======LOSS: 0.0002 | PSNR: 37.42 dB | BEST: 37.43 dB | MSSSIM: 0.9875 | TIME: 60.70秒 | LR: 1.908e-03
epoch [794/1200] batch [1/132] loss: 0.0002 psnr: 37.04 dB  msssim: 0.9880
epoch [794/1200] batch [51/132] loss: 0.0003 psnr: 37.61 dB  msssim: 0.9881
epoch [794/1200] batch [101/132] loss: 0.0002 psnr: 37.51 dB  msssim: 0.9877
epoch [794/1200] batch [132/132] loss: 0.0003 psnr: 37.42 dB  msssim: 0.9874
======  Epoch 794 完成 ======LOSS: 0.0002 | PSNR: 37.42 dB | BEST: 37.43 dB | MSSSIM: 0.9874 | TIME: 60.79秒 | LR: 1.901e-03
epoch [795/1200] batch [1/132] loss: 0.0001 psnr: 39.84 dB  msssim: 0.9938
epoch [795/1200] batch [51/132] loss: 0.0004 psnr: 37.48 dB  msssim: 0.9873
epoch [795/1200] batch [101/132] loss: 0.0001 psnr: 37.35 dB  msssim: 0.9873
epoch [795/1200] batch [132/132] loss: 0.0001 psnr: 37.36 dB  msssim: 0.9874
======  Epoch 795 完成 ======LOSS: 0.0002 | PSNR: 37.36 dB | BEST: 37.43 dB | MSSSIM: 0.9874 | TIME: 60.55秒 | LR: 1.893e-03
epoch [796/1200] batch [1/132] loss: 0.0001 psnr: 40.11 dB  msssim: 0.9944
epoch [796/1200] batch [51/132] loss: 0.0004 psnr: 37.18 dB  msssim: 0.9872
epoch [796/1200] batch [101/132] loss: 0.0001 psnr: 37.39 dB  msssim: 0.9876
epoch [796/1200] batch [132/132] loss: 0.0001 psnr: 37.26 dB  msssim: 0.9872
======  Epoch 796 完成 ======LOSS: 0.0002 | PSNR: 37.26 dB | BEST: 37.43 dB | MSSSIM: 0.9872 | TIME: 60.48秒 | LR: 1.885e-03
epoch [797/1200] batch [1/132] loss: 0.0003 psnr: 35.97 dB  msssim: 0.9854
epoch [797/1200] batch [51/132] loss: 0.0003 psnr: 37.43 dB  msssim: 0.9876
epoch [797/1200] batch [101/132] loss: 0.0001 psnr: 37.41 dB  msssim: 0.9875
epoch [797/1200] batch [132/132] loss: 0.0001 psnr: 37.37 dB  msssim: 0.9874
======  Epoch 797 完成 ======LOSS: 0.0002 | PSNR: 37.37 dB | BEST: 37.43 dB | MSSSIM: 0.9874 | TIME: 60.42秒 | LR: 1.877e-03
epoch [798/1200] batch [1/132] loss: 0.0001 psnr: 38.75 dB  msssim: 0.9916
epoch [798/1200] batch [51/132] loss: 0.0004 psnr: 37.42 dB  msssim: 0.9876
epoch [798/1200] batch [101/132] loss: 0.0002 psnr: 37.36 dB  msssim: 0.9873
epoch [798/1200] batch [132/132] loss: 0.0001 psnr: 37.42 dB  msssim: 0.9875
======  Epoch 798 完成 ======LOSS: 0.0002 | PSNR: 37.42 dB | BEST: 37.43 dB | MSSSIM: 0.9875 | TIME: 60.46秒 | LR: 1.869e-03
epoch [799/1200] batch [1/132] loss: 0.0001 psnr: 40.04 dB  msssim: 0.9943
epoch [799/1200] batch [51/132] loss: 0.0001 psnr: 37.61 dB  msssim: 0.9882
epoch [799/1200] batch [101/132] loss: 0.0004 psnr: 37.49 dB  msssim: 0.9877
epoch [799/1200] batch [132/132] loss: 0.0001 psnr: 37.44 dB  msssim: 0.9875
======  Epoch 799 完成 ======LOSS: 0.0002 | PSNR: 37.44 dB | BEST: 37.44 dB | MSSSIM: 0.9875 | TIME: 60.39秒 | LR: 1.861e-03
epoch [800/1200] batch [1/132] loss: 0.0002 psnr: 37.31 dB  msssim: 0.9887
epoch [800/1200] batch [51/132] loss: 0.0002 psnr: 37.39 dB  msssim: 0.9874
epoch [800/1200] batch [101/132] loss: 0.0002 psnr: 37.43 dB  msssim: 0.9875
epoch [800/1200] batch [132/132] loss: 0.0002 psnr: 37.42 dB  msssim: 0.9874
======  Epoch 800 完成 ======LOSS: 0.0002 | PSNR: 37.42 dB | BEST: 37.44 dB | MSSSIM: 0.9874 | TIME: 60.42秒 | LR: 1.853e-03
Step [1/132] | Val PSNR: 36.46 dB | Val MSSSIM: 0.9864 | FPS: 108.88
Step [51/132] | Val PSNR: 35.57 dB | Val MSSSIM: 0.9821 | FPS: 173.95
Step [101/132] | Val PSNR: 36.84 dB | Val MSSSIM: 0.9860 | FPS: 190.87
Step [132/132] | Val PSNR: 37.52 dB | Val MSSSIM: 0.9878 | FPS: 195.60
== Epoch 800 测试完成 == PSNR: 37.52 dB | BEST: 37.44 dB | MSSSIM: 0.9878 | TIME: 19.04秒 | 
epoch [801/1200] batch [1/132] loss: 0.0001 psnr: 38.40 dB  msssim: 0.9909
epoch [801/1200] batch [51/132] loss: 0.0001 psnr: 37.43 dB  msssim: 0.9877
epoch [801/1200] batch [101/132] loss: 0.0002 psnr: 37.40 dB  msssim: 0.9875
epoch [801/1200] batch [132/132] loss: 0.0001 psnr: 37.44 dB  msssim: 0.9875
======  Epoch 801 完成 ======LOSS: 0.0002 | PSNR: 37.44 dB | BEST: 37.44 dB | MSSSIM: 0.9875 | TIME: 60.43秒 | LR: 1.845e-03
epoch [802/1200] batch [1/132] loss: 0.0001 psnr: 39.22 dB  msssim: 0.9924
epoch [802/1200] batch [51/132] loss: 0.0001 psnr: 37.40 dB  msssim: 0.9875
epoch [802/1200] batch [101/132] loss: 0.0002 psnr: 37.41 dB  msssim: 0.9874
epoch [802/1200] batch [132/132] loss: 0.0001 psnr: 37.43 dB  msssim: 0.9875
======  Epoch 802 完成 ======LOSS: 0.0002 | PSNR: 37.43 dB | BEST: 37.44 dB | MSSSIM: 0.9875 | TIME: 60.39秒 | LR: 1.837e-03
epoch [803/1200] batch [1/132] loss: 0.0002 psnr: 37.08 dB  msssim: 0.9882
epoch [803/1200] batch [51/132] loss: 0.0002 psnr: 37.43 dB  msssim: 0.9874
epoch [803/1200] batch [101/132] loss: 0.0003 psnr: 37.38 dB  msssim: 0.9876
epoch [803/1200] batch [132/132] loss: 0.0001 psnr: 37.39 dB  msssim: 0.9875
======  Epoch 803 完成 ======LOSS: 0.0002 | PSNR: 37.39 dB | BEST: 37.44 dB | MSSSIM: 0.9875 | TIME: 60.41秒 | LR: 1.829e-03
epoch [804/1200] batch [1/132] loss: 0.0003 psnr: 35.01 dB  msssim: 0.9800
epoch [804/1200] batch [51/132] loss: 0.0002 psnr: 37.09 dB  msssim: 0.9866
epoch [804/1200] batch [101/132] loss: 0.0002 psnr: 37.37 dB  msssim: 0.9877
epoch [804/1200] batch [132/132] loss: 0.0002 psnr: 37.31 dB  msssim: 0.9874
======  Epoch 804 完成 ======LOSS: 0.0002 | PSNR: 37.31 dB | BEST: 37.44 dB | MSSSIM: 0.9874 | TIME: 60.44秒 | LR: 1.821e-03
epoch [805/1200] batch [1/132] loss: 0.0003 psnr: 35.38 dB  msssim: 0.9826
epoch [805/1200] batch [51/132] loss: 0.0002 psnr: 37.16 dB  msssim: 0.9866
epoch [805/1200] batch [101/132] loss: 0.0002 psnr: 37.21 dB  msssim: 0.9868
epoch [805/1200] batch [132/132] loss: 0.0003 psnr: 37.39 dB  msssim: 0.9874
======  Epoch 805 完成 ======LOSS: 0.0002 | PSNR: 37.39 dB | BEST: 37.44 dB | MSSSIM: 0.9874 | TIME: 60.48秒 | LR: 1.814e-03
epoch [806/1200] batch [1/132] loss: 0.0002 psnr: 36.99 dB  msssim: 0.9876
epoch [806/1200] batch [51/132] loss: 0.0001 psnr: 37.22 dB  msssim: 0.9870
epoch [806/1200] batch [101/132] loss: 0.0003 psnr: 37.32 dB  msssim: 0.9872
epoch [806/1200] batch [132/132] loss: 0.0003 psnr: 37.42 dB  msssim: 0.9875
======  Epoch 806 完成 ======LOSS: 0.0002 | PSNR: 37.42 dB | BEST: 37.44 dB | MSSSIM: 0.9875 | TIME: 60.37秒 | LR: 1.806e-03
epoch [807/1200] batch [1/132] loss: 0.0001 psnr: 39.81 dB  msssim: 0.9935
epoch [807/1200] batch [51/132] loss: 0.0001 psnr: 37.43 dB  msssim: 0.9876
epoch [807/1200] batch [101/132] loss: 0.0004 psnr: 37.39 dB  msssim: 0.9875
epoch [807/1200] batch [132/132] loss: 0.0003 psnr: 37.46 dB  msssim: 0.9875
======  Epoch 807 完成 ======LOSS: 0.0002 | PSNR: 37.46 dB | BEST: 37.46 dB | MSSSIM: 0.9875 | TIME: 60.38秒 | LR: 1.798e-03
epoch [808/1200] batch [1/132] loss: 0.0001 psnr: 39.12 dB  msssim: 0.9924
epoch [808/1200] batch [51/132] loss: 0.0002 psnr: 37.47 dB  msssim: 0.9874
epoch [808/1200] batch [101/132] loss: 0.0002 psnr: 37.43 dB  msssim: 0.9874
epoch [808/1200] batch [132/132] loss: 0.0001 psnr: 37.46 dB  msssim: 0.9876
======  Epoch 808 完成 ======LOSS: 0.0002 | PSNR: 37.46 dB | BEST: 37.46 dB | MSSSIM: 0.9876 | TIME: 60.40秒 | LR: 1.790e-03
epoch [809/1200] batch [1/132] loss: 0.0003 psnr: 34.56 dB  msssim: 0.9778
epoch [809/1200] batch [51/132] loss: 0.0001 psnr: 37.82 dB  msssim: 0.9885
epoch [809/1200] batch [101/132] loss: 0.0001 psnr: 37.39 dB  msssim: 0.9874
epoch [809/1200] batch [132/132] loss: 0.0002 psnr: 37.46 dB  msssim: 0.9876
======  Epoch 809 完成 ======LOSS: 0.0002 | PSNR: 37.46 dB | BEST: 37.46 dB | MSSSIM: 0.9876 | TIME: 60.48秒 | LR: 1.782e-03
epoch [810/1200] batch [1/132] loss: 0.0004 psnr: 33.83 dB  msssim: 0.9757
epoch [810/1200] batch [51/132] loss: 0.0001 psnr: 37.86 dB  msssim: 0.9889
epoch [810/1200] batch [101/132] loss: 0.0001 psnr: 37.65 dB  msssim: 0.9881
epoch [810/1200] batch [132/132] loss: 0.0004 psnr: 37.45 dB  msssim: 0.9875
======  Epoch 810 完成 ======LOSS: 0.0002 | PSNR: 37.45 dB | BEST: 37.46 dB | MSSSIM: 0.9875 | TIME: 60.52秒 | LR: 1.774e-03
epoch [811/1200] batch [1/132] loss: 0.0002 psnr: 36.07 dB  msssim: 0.9853
epoch [811/1200] batch [51/132] loss: 0.0001 psnr: 37.69 dB  msssim: 0.9884
epoch [811/1200] batch [101/132] loss: 0.0004 psnr: 37.53 dB  msssim: 0.9879
epoch [811/1200] batch [132/132] loss: 0.0004 psnr: 37.45 dB  msssim: 0.9875
======  Epoch 811 完成 ======LOSS: 0.0002 | PSNR: 37.45 dB | BEST: 37.46 dB | MSSSIM: 0.9875 | TIME: 60.35秒 | LR: 1.767e-03
epoch [812/1200] batch [1/132] loss: 0.0001 psnr: 39.58 dB  msssim: 0.9934
epoch [812/1200] batch [51/132] loss: 0.0004 psnr: 37.40 dB  msssim: 0.9875
epoch [812/1200] batch [101/132] loss: 0.0001 psnr: 37.30 dB  msssim: 0.9872
epoch [812/1200] batch [132/132] loss: 0.0003 psnr: 37.43 dB  msssim: 0.9875
======  Epoch 812 完成 ======LOSS: 0.0002 | PSNR: 37.43 dB | BEST: 37.46 dB | MSSSIM: 0.9875 | TIME: 60.45秒 | LR: 1.759e-03
epoch [813/1200] batch [1/132] loss: 0.0001 psnr: 40.12 dB  msssim: 0.9944
epoch [813/1200] batch [51/132] loss: 0.0003 psnr: 37.54 dB  msssim: 0.9878
epoch [813/1200] batch [101/132] loss: 0.0001 psnr: 37.55 dB  msssim: 0.9878
epoch [813/1200] batch [132/132] loss: 0.0002 psnr: 37.40 dB  msssim: 0.9874
======  Epoch 813 完成 ======LOSS: 0.0002 | PSNR: 37.40 dB | BEST: 37.46 dB | MSSSIM: 0.9874 | TIME: 60.37秒 | LR: 1.751e-03
epoch [814/1200] batch [1/132] loss: 0.0003 psnr: 35.08 dB  msssim: 0.9806
epoch [814/1200] batch [51/132] loss: 0.0003 psnr: 37.38 dB  msssim: 0.9872
epoch [814/1200] batch [101/132] loss: 0.0004 psnr: 37.51 dB  msssim: 0.9876
epoch [814/1200] batch [132/132] loss: 0.0002 psnr: 37.42 dB  msssim: 0.9875
======  Epoch 814 完成 ======LOSS: 0.0002 | PSNR: 37.42 dB | BEST: 37.46 dB | MSSSIM: 0.9875 | TIME: 60.46秒 | LR: 1.743e-03
epoch [815/1200] batch [1/132] loss: 0.0003 psnr: 34.95 dB  msssim: 0.9794
epoch [815/1200] batch [51/132] loss: 0.0004 psnr: 37.31 dB  msssim: 0.9874
epoch [815/1200] batch [101/132] loss: 0.0001 psnr: 37.39 dB  msssim: 0.9873
epoch [815/1200] batch [132/132] loss: 0.0003 psnr: 37.47 dB  msssim: 0.9876
======  Epoch 815 完成 ======LOSS: 0.0002 | PSNR: 37.47 dB | BEST: 37.47 dB | MSSSIM: 0.9876 | TIME: 60.42秒 | LR: 1.735e-03
epoch [816/1200] batch [1/132] loss: 0.0001 psnr: 40.26 dB  msssim: 0.9941
epoch [816/1200] batch [51/132] loss: 0.0001 psnr: 37.18 dB  msssim: 0.9868
epoch [816/1200] batch [101/132] loss: 0.0001 psnr: 37.38 dB  msssim: 0.9874
epoch [816/1200] batch [132/132] loss: 0.0001 psnr: 37.47 dB  msssim: 0.9876
======  Epoch 816 完成 ======LOSS: 0.0002 | PSNR: 37.47 dB | BEST: 37.47 dB | MSSSIM: 0.9876 | TIME: 60.50秒 | LR: 1.728e-03
epoch [817/1200] batch [1/132] loss: 0.0001 psnr: 39.76 dB  msssim: 0.9934
epoch [817/1200] batch [51/132] loss: 0.0002 psnr: 37.47 dB  msssim: 0.9876
epoch [817/1200] batch [101/132] loss: 0.0004 psnr: 37.42 dB  msssim: 0.9875
epoch [817/1200] batch [132/132] loss: 0.0001 psnr: 37.46 dB  msssim: 0.9875
======  Epoch 817 完成 ======LOSS: 0.0002 | PSNR: 37.46 dB | BEST: 37.47 dB | MSSSIM: 0.9875 | TIME: 60.43秒 | LR: 1.720e-03
epoch [818/1200] batch [1/132] loss: 0.0003 psnr: 35.97 dB  msssim: 0.9851
epoch [818/1200] batch [51/132] loss: 0.0001 psnr: 37.68 dB  msssim: 0.9884
epoch [818/1200] batch [101/132] loss: 0.0004 psnr: 37.38 dB  msssim: 0.9873
epoch [818/1200] batch [132/132] loss: 0.0002 psnr: 37.48 dB  msssim: 0.9876
======  Epoch 818 完成 ======LOSS: 0.0002 | PSNR: 37.48 dB | BEST: 37.48 dB | MSSSIM: 0.9876 | TIME: 60.44秒 | LR: 1.712e-03
epoch [819/1200] batch [1/132] loss: 0.0001 psnr: 39.56 dB  msssim: 0.9930
epoch [819/1200] batch [51/132] loss: 0.0003 psnr: 37.58 dB  msssim: 0.9881
epoch [819/1200] batch [101/132] loss: 0.0001 psnr: 37.45 dB  msssim: 0.9875
epoch [819/1200] batch [132/132] loss: 0.0003 psnr: 37.48 dB  msssim: 0.9876
======  Epoch 819 完成 ======LOSS: 0.0002 | PSNR: 37.48 dB | BEST: 37.48 dB | MSSSIM: 0.9876 | TIME: 60.31秒 | LR: 1.704e-03
epoch [820/1200] batch [1/132] loss: 0.0002 psnr: 37.14 dB  msssim: 0.9881
epoch [820/1200] batch [51/132] loss: 0.0003 psnr: 37.42 dB  msssim: 0.9876
epoch [820/1200] batch [101/132] loss: 0.0001 psnr: 37.32 dB  msssim: 0.9872
epoch [820/1200] batch [132/132] loss: 0.0004 psnr: 37.45 dB  msssim: 0.9875
======  Epoch 820 完成 ======LOSS: 0.0002 | PSNR: 37.45 dB | BEST: 37.48 dB | MSSSIM: 0.9875 | TIME: 60.39秒 | LR: 1.696e-03
epoch [821/1200] batch [1/132] loss: 0.0001 psnr: 39.98 dB  msssim: 0.9941
epoch [821/1200] batch [51/132] loss: 0.0002 psnr: 37.35 dB  msssim: 0.9873
epoch [821/1200] batch [101/132] loss: 0.0001 psnr: 37.43 dB  msssim: 0.9876
epoch [821/1200] batch [132/132] loss: 0.0001 psnr: 37.44 dB  msssim: 0.9876
======  Epoch 821 完成 ======LOSS: 0.0002 | PSNR: 37.44 dB | BEST: 37.48 dB | MSSSIM: 0.9876 | TIME: 60.36秒 | LR: 1.689e-03
epoch [822/1200] batch [1/132] loss: 0.0001 psnr: 39.51 dB  msssim: 0.9930
epoch [822/1200] batch [51/132] loss: 0.0003 psnr: 37.75 dB  msssim: 0.9884
epoch [822/1200] batch [101/132] loss: 0.0003 psnr: 37.37 dB  msssim: 0.9874
epoch [822/1200] batch [132/132] loss: 0.0002 psnr: 37.41 dB  msssim: 0.9875
======  Epoch 822 完成 ======LOSS: 0.0002 | PSNR: 37.41 dB | BEST: 37.48 dB | MSSSIM: 0.9875 | TIME: 60.36秒 | LR: 1.681e-03
epoch [823/1200] batch [1/132] loss: 0.0002 psnr: 37.19 dB  msssim: 0.9883
epoch [823/1200] batch [51/132] loss: 0.0003 psnr: 37.34 dB  msssim: 0.9873
epoch [823/1200] batch [101/132] loss: 0.0003 psnr: 37.58 dB  msssim: 0.9879
epoch [823/1200] batch [132/132] loss: 0.0002 psnr: 37.44 dB  msssim: 0.9875
======  Epoch 823 完成 ======LOSS: 0.0002 | PSNR: 37.44 dB | BEST: 37.48 dB | MSSSIM: 0.9875 | TIME: 60.52秒 | LR: 1.673e-03
epoch [824/1200] batch [1/132] loss: 0.0001 psnr: 40.31 dB  msssim: 0.9942
epoch [824/1200] batch [51/132] loss: 0.0002 psnr: 37.24 dB  msssim: 0.9870
epoch [824/1200] batch [101/132] loss: 0.0001 psnr: 37.31 dB  msssim: 0.9872
epoch [824/1200] batch [132/132] loss: 0.0002 psnr: 37.43 dB  msssim: 0.9876
======  Epoch 824 完成 ======LOSS: 0.0002 | PSNR: 37.43 dB | BEST: 37.48 dB | MSSSIM: 0.9876 | TIME: 60.58秒 | LR: 1.666e-03
epoch [825/1200] batch [1/132] loss: 0.0002 psnr: 36.23 dB  msssim: 0.9857
epoch [825/1200] batch [51/132] loss: 0.0002 psnr: 37.62 dB  msssim: 0.9879
epoch [825/1200] batch [101/132] loss: 0.0003 psnr: 37.44 dB  msssim: 0.9876
epoch [825/1200] batch [132/132] loss: 0.0001 psnr: 37.44 dB  msssim: 0.9875
======  Epoch 825 完成 ======LOSS: 0.0002 | PSNR: 37.44 dB | BEST: 37.48 dB | MSSSIM: 0.9875 | TIME: 60.59秒 | LR: 1.658e-03
epoch [826/1200] batch [1/132] loss: 0.0004 psnr: 34.31 dB  msssim: 0.9755
epoch [826/1200] batch [51/132] loss: 0.0001 psnr: 37.31 dB  msssim: 0.9873
epoch [826/1200] batch [101/132] loss: 0.0002 psnr: 37.47 dB  msssim: 0.9877
epoch [826/1200] batch [132/132] loss: 0.0004 psnr: 37.45 dB  msssim: 0.9875
======  Epoch 826 完成 ======LOSS: 0.0002 | PSNR: 37.45 dB | BEST: 37.48 dB | MSSSIM: 0.9875 | TIME: 60.39秒 | LR: 1.650e-03
epoch [827/1200] batch [1/132] loss: 0.0001 psnr: 39.67 dB  msssim: 0.9934
epoch [827/1200] batch [51/132] loss: 0.0001 psnr: 37.98 dB  msssim: 0.9890
epoch [827/1200] batch [101/132] loss: 0.0001 psnr: 37.54 dB  msssim: 0.9878
epoch [827/1200] batch [132/132] loss: 0.0001 psnr: 37.46 dB  msssim: 0.9876
======  Epoch 827 完成 ======LOSS: 0.0002 | PSNR: 37.46 dB | BEST: 37.48 dB | MSSSIM: 0.9876 | TIME: 60.39秒 | LR: 1.642e-03
epoch [828/1200] batch [1/132] loss: 0.0004 psnr: 34.51 dB  msssim: 0.9764
epoch [828/1200] batch [51/132] loss: 0.0001 psnr: 37.02 dB  msssim: 0.9862
epoch [828/1200] batch [101/132] loss: 0.0002 psnr: 37.30 dB  msssim: 0.9872
epoch [828/1200] batch [132/132] loss: 0.0003 psnr: 37.42 dB  msssim: 0.9876
======  Epoch 828 完成 ======LOSS: 0.0002 | PSNR: 37.42 dB | BEST: 37.48 dB | MSSSIM: 0.9876 | TIME: 60.36秒 | LR: 1.635e-03
epoch [829/1200] batch [1/132] loss: 0.0003 psnr: 34.82 dB  msssim: 0.9788
epoch [829/1200] batch [51/132] loss: 0.0001 psnr: 37.19 dB  msssim: 0.9870
epoch [829/1200] batch [101/132] loss: 0.0001 psnr: 37.50 dB  msssim: 0.9876
epoch [829/1200] batch [132/132] loss: 0.0001 psnr: 37.47 dB  msssim: 0.9876
======  Epoch 829 完成 ======LOSS: 0.0002 | PSNR: 37.47 dB | BEST: 37.48 dB | MSSSIM: 0.9876 | TIME: 60.44秒 | LR: 1.627e-03
epoch [830/1200] batch [1/132] loss: 0.0004 psnr: 34.32 dB  msssim: 0.9756
epoch [830/1200] batch [51/132] loss: 0.0001 psnr: 37.39 dB  msssim: 0.9874
epoch [830/1200] batch [101/132] loss: 0.0003 psnr: 37.47 dB  msssim: 0.9876
epoch [830/1200] batch [132/132] loss: 0.0001 psnr: 37.50 dB  msssim: 0.9877
======  Epoch 830 完成 ======LOSS: 0.0002 | PSNR: 37.50 dB | BEST: 37.50 dB | MSSSIM: 0.9877 | TIME: 60.38秒 | LR: 1.619e-03
epoch [831/1200] batch [1/132] loss: 0.0003 psnr: 34.73 dB  msssim: 0.9792
epoch [831/1200] batch [51/132] loss: 0.0002 psnr: 37.93 dB  msssim: 0.9888
epoch [831/1200] batch [101/132] loss: 0.0001 psnr: 37.49 dB  msssim: 0.9876
epoch [831/1200] batch [132/132] loss: 0.0002 psnr: 37.52 dB  msssim: 0.9877
======  Epoch 831 完成 ======LOSS: 0.0002 | PSNR: 37.52 dB | BEST: 37.52 dB | MSSSIM: 0.9877 | TIME: 60.34秒 | LR: 1.612e-03
epoch [832/1200] batch [1/132] loss: 0.0001 psnr: 40.23 dB  msssim: 0.9941
epoch [832/1200] batch [51/132] loss: 0.0001 psnr: 37.47 dB  msssim: 0.9876
epoch [832/1200] batch [101/132] loss: 0.0003 psnr: 37.51 dB  msssim: 0.9877
epoch [832/1200] batch [132/132] loss: 0.0001 psnr: 37.50 dB  msssim: 0.9877
======  Epoch 832 完成 ======LOSS: 0.0002 | PSNR: 37.50 dB | BEST: 37.52 dB | MSSSIM: 0.9877 | TIME: 60.37秒 | LR: 1.604e-03
epoch [833/1200] batch [1/132] loss: 0.0002 psnr: 36.38 dB  msssim: 0.9862
epoch [833/1200] batch [51/132] loss: 0.0002 psnr: 37.61 dB  msssim: 0.9879
epoch [833/1200] batch [101/132] loss: 0.0001 psnr: 37.56 dB  msssim: 0.9879
epoch [833/1200] batch [132/132] loss: 0.0001 psnr: 37.50 dB  msssim: 0.9876
======  Epoch 833 完成 ======LOSS: 0.0002 | PSNR: 37.50 dB | BEST: 37.52 dB | MSSSIM: 0.9876 | TIME: 60.48秒 | LR: 1.597e-03
epoch [834/1200] batch [1/132] loss: 0.0001 psnr: 40.09 dB  msssim: 0.9938
epoch [834/1200] batch [51/132] loss: 0.0004 psnr: 37.32 dB  msssim: 0.9870
epoch [834/1200] batch [101/132] loss: 0.0001 psnr: 37.48 dB  msssim: 0.9876
epoch [834/1200] batch [132/132] loss: 0.0002 psnr: 37.49 dB  msssim: 0.9876
======  Epoch 834 完成 ======LOSS: 0.0002 | PSNR: 37.49 dB | BEST: 37.52 dB | MSSSIM: 0.9876 | TIME: 60.32秒 | LR: 1.589e-03
epoch [835/1200] batch [1/132] loss: 0.0001 psnr: 39.16 dB  msssim: 0.9923
epoch [835/1200] batch [51/132] loss: 0.0004 psnr: 37.26 dB  msssim: 0.9868
epoch [835/1200] batch [101/132] loss: 0.0003 psnr: 37.46 dB  msssim: 0.9875
epoch [835/1200] batch [132/132] loss: 0.0001 psnr: 37.48 dB  msssim: 0.9876
======  Epoch 835 完成 ======LOSS: 0.0002 | PSNR: 37.48 dB | BEST: 37.52 dB | MSSSIM: 0.9876 | TIME: 60.35秒 | LR: 1.581e-03
epoch [836/1200] batch [1/132] loss: 0.0002 psnr: 36.02 dB  msssim: 0.9853
epoch [836/1200] batch [51/132] loss: 0.0002 psnr: 37.08 dB  msssim: 0.9866
epoch [836/1200] batch [101/132] loss: 0.0001 psnr: 37.66 dB  msssim: 0.9881
epoch [836/1200] batch [132/132] loss: 0.0001 psnr: 37.50 dB  msssim: 0.9877
======  Epoch 836 完成 ======LOSS: 0.0002 | PSNR: 37.50 dB | BEST: 37.52 dB | MSSSIM: 0.9877 | TIME: 60.44秒 | LR: 1.574e-03
epoch [837/1200] batch [1/132] loss: 0.0003 psnr: 35.66 dB  msssim: 0.9831
epoch [837/1200] batch [51/132] loss: 0.0001 psnr: 37.20 dB  msssim: 0.9870
epoch [837/1200] batch [101/132] loss: 0.0004 psnr: 37.41 dB  msssim: 0.9875
epoch [837/1200] batch [132/132] loss: 0.0002 psnr: 37.45 dB  msssim: 0.9876
======  Epoch 837 完成 ======LOSS: 0.0002 | PSNR: 37.45 dB | BEST: 37.52 dB | MSSSIM: 0.9876 | TIME: 60.77秒 | LR: 1.566e-03
epoch [838/1200] batch [1/132] loss: 0.0001 psnr: 38.71 dB  msssim: 0.9916
epoch [838/1200] batch [51/132] loss: 0.0001 psnr: 37.76 dB  msssim: 0.9886
epoch [838/1200] batch [101/132] loss: 0.0002 psnr: 37.56 dB  msssim: 0.9879
epoch [838/1200] batch [132/132] loss: 0.0004 psnr: 37.48 dB  msssim: 0.9876
======  Epoch 838 完成 ======LOSS: 0.0002 | PSNR: 37.48 dB | BEST: 37.52 dB | MSSSIM: 0.9876 | TIME: 60.62秒 | LR: 1.558e-03
epoch [839/1200] batch [1/132] loss: 0.0001 psnr: 40.08 dB  msssim: 0.9944
epoch [839/1200] batch [51/132] loss: 0.0001 psnr: 37.97 dB  msssim: 0.9889
epoch [839/1200] batch [101/132] loss: 0.0001 psnr: 37.52 dB  msssim: 0.9877
epoch [839/1200] batch [132/132] loss: 0.0001 psnr: 37.49 dB  msssim: 0.9877
======  Epoch 839 完成 ======LOSS: 0.0002 | PSNR: 37.49 dB | BEST: 37.52 dB | MSSSIM: 0.9877 | TIME: 60.53秒 | LR: 1.551e-03
epoch [840/1200] batch [1/132] loss: 0.0001 psnr: 40.43 dB  msssim: 0.9943
epoch [840/1200] batch [51/132] loss: 0.0003 psnr: 37.53 dB  msssim: 0.9877
epoch [840/1200] batch [101/132] loss: 0.0002 psnr: 37.38 dB  msssim: 0.9873
epoch [840/1200] batch [132/132] loss: 0.0001 psnr: 37.51 dB  msssim: 0.9877
======  Epoch 840 完成 ======LOSS: 0.0002 | PSNR: 37.51 dB | BEST: 37.52 dB | MSSSIM: 0.9877 | TIME: 60.61秒 | LR: 1.543e-03
epoch [841/1200] batch [1/132] loss: 0.0003 psnr: 34.83 dB  msssim: 0.9795
epoch [841/1200] batch [51/132] loss: 0.0002 psnr: 37.75 dB  msssim: 0.9883
epoch [841/1200] batch [101/132] loss: 0.0001 psnr: 37.46 dB  msssim: 0.9876
epoch [841/1200] batch [132/132] loss: 0.0003 psnr: 37.51 dB  msssim: 0.9877
======  Epoch 841 完成 ======LOSS: 0.0002 | PSNR: 37.51 dB | BEST: 37.52 dB | MSSSIM: 0.9877 | TIME: 60.41秒 | LR: 1.536e-03
epoch [842/1200] batch [1/132] loss: 0.0003 psnr: 34.60 dB  msssim: 0.9780
epoch [842/1200] batch [51/132] loss: 0.0002 psnr: 37.50 dB  msssim: 0.9879
epoch [842/1200] batch [101/132] loss: 0.0002 psnr: 37.45 dB  msssim: 0.9876
epoch [842/1200] batch [132/132] loss: 0.0001 psnr: 37.52 dB  msssim: 0.9877
======  Epoch 842 完成 ======LOSS: 0.0002 | PSNR: 37.52 dB | BEST: 37.52 dB | MSSSIM: 0.9877 | TIME: 60.46秒 | LR: 1.528e-03
epoch [843/1200] batch [1/132] loss: 0.0002 psnr: 37.19 dB  msssim: 0.9887
epoch [843/1200] batch [51/132] loss: 0.0001 psnr: 37.67 dB  msssim: 0.9883
epoch [843/1200] batch [101/132] loss: 0.0001 psnr: 37.73 dB  msssim: 0.9883
epoch [843/1200] batch [132/132] loss: 0.0001 psnr: 37.54 dB  msssim: 0.9877
======  Epoch 843 完成 ======LOSS: 0.0002 | PSNR: 37.54 dB | BEST: 37.54 dB | MSSSIM: 0.9877 | TIME: 60.83秒 | LR: 1.521e-03
epoch [844/1200] batch [1/132] loss: 0.0001 psnr: 39.20 dB  msssim: 0.9925
epoch [844/1200] batch [51/132] loss: 0.0002 psnr: 37.54 dB  msssim: 0.9878
epoch [844/1200] batch [101/132] loss: 0.0001 psnr: 37.53 dB  msssim: 0.9878
epoch [844/1200] batch [132/132] loss: 0.0003 psnr: 37.54 dB  msssim: 0.9877
======  Epoch 844 完成 ======LOSS: 0.0002 | PSNR: 37.54 dB | BEST: 37.54 dB | MSSSIM: 0.9877 | TIME: 60.75秒 | LR: 1.513e-03
epoch [845/1200] batch [1/132] loss: 0.0001 psnr: 40.00 dB  msssim: 0.9942
epoch [845/1200] batch [51/132] loss: 0.0001 psnr: 37.55 dB  msssim: 0.9878
epoch [845/1200] batch [101/132] loss: 0.0002 psnr: 37.29 dB  msssim: 0.9871
epoch [845/1200] batch [132/132] loss: 0.0001 psnr: 37.53 dB  msssim: 0.9877
======  Epoch 845 完成 ======LOSS: 0.0002 | PSNR: 37.53 dB | BEST: 37.54 dB | MSSSIM: 0.9877 | TIME: 60.79秒 | LR: 1.506e-03
epoch [846/1200] batch [1/132] loss: 0.0001 psnr: 40.28 dB  msssim: 0.9941
epoch [846/1200] batch [51/132] loss: 0.0001 psnr: 37.20 dB  msssim: 0.9867
epoch [846/1200] batch [101/132] loss: 0.0001 psnr: 37.46 dB  msssim: 0.9875
epoch [846/1200] batch [132/132] loss: 0.0003 psnr: 37.54 dB  msssim: 0.9877
======  Epoch 846 完成 ======LOSS: 0.0002 | PSNR: 37.54 dB | BEST: 37.54 dB | MSSSIM: 0.9877 | TIME: 61.11秒 | LR: 1.498e-03
epoch [847/1200] batch [1/132] loss: 0.0001 psnr: 40.07 dB  msssim: 0.9938
epoch [847/1200] batch [51/132] loss: 0.0004 psnr: 37.36 dB  msssim: 0.9873
epoch [847/1200] batch [101/132] loss: 0.0004 psnr: 37.39 dB  msssim: 0.9873
epoch [847/1200] batch [132/132] loss: 0.0003 psnr: 37.52 dB  msssim: 0.9877
======  Epoch 847 完成 ======LOSS: 0.0002 | PSNR: 37.52 dB | BEST: 37.54 dB | MSSSIM: 0.9877 | TIME: 60.67秒 | LR: 1.491e-03
epoch [848/1200] batch [1/132] loss: 0.0001 psnr: 39.83 dB  msssim: 0.9934
epoch [848/1200] batch [51/132] loss: 0.0001 psnr: 37.89 dB  msssim: 0.9884
epoch [848/1200] batch [101/132] loss: 0.0001 psnr: 37.65 dB  msssim: 0.9880
epoch [848/1200] batch [132/132] loss: 0.0003 psnr: 37.53 dB  msssim: 0.9877
======  Epoch 848 完成 ======LOSS: 0.0002 | PSNR: 37.53 dB | BEST: 37.54 dB | MSSSIM: 0.9877 | TIME: 60.81秒 | LR: 1.483e-03
epoch [849/1200] batch [1/132] loss: 0.0004 psnr: 34.53 dB  msssim: 0.9778
epoch [849/1200] batch [51/132] loss: 0.0004 psnr: 37.31 dB  msssim: 0.9871
epoch [849/1200] batch [101/132] loss: 0.0001 psnr: 37.51 dB  msssim: 0.9876
epoch [849/1200] batch [132/132] loss: 0.0003 psnr: 37.51 dB  msssim: 0.9877
======  Epoch 849 完成 ======LOSS: 0.0002 | PSNR: 37.51 dB | BEST: 37.54 dB | MSSSIM: 0.9877 | TIME: 61.07秒 | LR: 1.476e-03
epoch [850/1200] batch [1/132] loss: 0.0004 psnr: 34.27 dB  msssim: 0.9777
epoch [850/1200] batch [51/132] loss: 0.0001 psnr: 37.20 dB  msssim: 0.9871
epoch [850/1200] batch [101/132] loss: 0.0001 psnr: 37.32 dB  msssim: 0.9872
epoch [850/1200] batch [132/132] loss: 0.0003 psnr: 37.49 dB  msssim: 0.9877
======  Epoch 850 完成 ======LOSS: 0.0002 | PSNR: 37.49 dB | BEST: 37.54 dB | MSSSIM: 0.9877 | TIME: 60.76秒 | LR: 1.468e-03
Step [1/132] | Val PSNR: 36.54 dB | Val MSSSIM: 0.9866 | FPS: 39.32
Step [51/132] | Val PSNR: 35.65 dB | Val MSSSIM: 0.9824 | FPS: 202.95
Step [101/132] | Val PSNR: 36.92 dB | Val MSSSIM: 0.9862 | FPS: 209.95
Step [132/132] | Val PSNR: 37.60 dB | Val MSSSIM: 0.9880 | FPS: 212.01
== Epoch 850 测试完成 == PSNR: 37.60 dB | BEST: 37.54 dB | MSSSIM: 0.9880 | TIME: 18.97秒 | 
epoch [851/1200] batch [1/132] loss: 0.0001 psnr: 39.04 dB  msssim: 0.9923
epoch [851/1200] batch [51/132] loss: 0.0001 psnr: 37.19 dB  msssim: 0.9867
epoch [851/1200] batch [101/132] loss: 0.0003 psnr: 37.34 dB  msssim: 0.9873
epoch [851/1200] batch [132/132] loss: 0.0001 psnr: 37.50 dB  msssim: 0.9877
======  Epoch 851 完成 ======LOSS: 0.0002 | PSNR: 37.50 dB | BEST: 37.54 dB | MSSSIM: 0.9877 | TIME: 60.65秒 | LR: 1.461e-03
epoch [852/1200] batch [1/132] loss: 0.0001 psnr: 40.18 dB  msssim: 0.9940
epoch [852/1200] batch [51/132] loss: 0.0001 psnr: 37.20 dB  msssim: 0.9867
epoch [852/1200] batch [101/132] loss: 0.0001 psnr: 37.35 dB  msssim: 0.9872
epoch [852/1200] batch [132/132] loss: 0.0001 psnr: 37.52 dB  msssim: 0.9877
======  Epoch 852 完成 ======LOSS: 0.0002 | PSNR: 37.52 dB | BEST: 37.54 dB | MSSSIM: 0.9877 | TIME: 60.76秒 | LR: 1.453e-03
epoch [853/1200] batch [1/132] loss: 0.0003 psnr: 36.01 dB  msssim: 0.9854
epoch [853/1200] batch [51/132] loss: 0.0002 psnr: 37.11 dB  msssim: 0.9866
epoch [853/1200] batch [101/132] loss: 0.0001 psnr: 37.43 dB  msssim: 0.9875
epoch [853/1200] batch [132/132] loss: 0.0003 psnr: 37.51 dB  msssim: 0.9877
======  Epoch 853 完成 ======LOSS: 0.0002 | PSNR: 37.51 dB | BEST: 37.54 dB | MSSSIM: 0.9877 | TIME: 60.78秒 | LR: 1.446e-03
epoch [854/1200] batch [1/132] loss: 0.0003 psnr: 35.47 dB  msssim: 0.9830
epoch [854/1200] batch [51/132] loss: 0.0003 psnr: 37.23 dB  msssim: 0.9868
epoch [854/1200] batch [101/132] loss: 0.0001 psnr: 37.47 dB  msssim: 0.9876
epoch [854/1200] batch [132/132] loss: 0.0001 psnr: 37.47 dB  msssim: 0.9876
======  Epoch 854 完成 ======LOSS: 0.0002 | PSNR: 37.47 dB | BEST: 37.54 dB | MSSSIM: 0.9876 | TIME: 60.76秒 | LR: 1.439e-03
epoch [855/1200] batch [1/132] loss: 0.0001 psnr: 39.67 dB  msssim: 0.9935
epoch [855/1200] batch [51/132] loss: 0.0001 psnr: 37.90 dB  msssim: 0.9888
epoch [855/1200] batch [101/132] loss: 0.0003 psnr: 37.66 dB  msssim: 0.9881
epoch [855/1200] batch [132/132] loss: 0.0002 psnr: 37.53 dB  msssim: 0.9877
======  Epoch 855 完成 ======LOSS: 0.0002 | PSNR: 37.53 dB | BEST: 37.54 dB | MSSSIM: 0.9877 | TIME: 60.66秒 | LR: 1.431e-03
epoch [856/1200] batch [1/132] loss: 0.0001 psnr: 40.22 dB  msssim: 0.9941
epoch [856/1200] batch [51/132] loss: 0.0004 psnr: 37.87 dB  msssim: 0.9887
epoch [856/1200] batch [101/132] loss: 0.0001 psnr: 37.60 dB  msssim: 0.9879
epoch [856/1200] batch [132/132] loss: 0.0001 psnr: 37.54 dB  msssim: 0.9878
======  Epoch 856 完成 ======LOSS: 0.0002 | PSNR: 37.54 dB | BEST: 37.54 dB | MSSSIM: 0.9878 | TIME: 60.70秒 | LR: 1.424e-03
epoch [857/1200] batch [1/132] loss: 0.0001 psnr: 40.22 dB  msssim: 0.9940
epoch [857/1200] batch [51/132] loss: 0.0004 psnr: 37.16 dB  msssim: 0.9868
epoch [857/1200] batch [101/132] loss: 0.0001 psnr: 37.43 dB  msssim: 0.9875
epoch [857/1200] batch [132/132] loss: 0.0001 psnr: 37.52 dB  msssim: 0.9877
======  Epoch 857 完成 ======LOSS: 0.0002 | PSNR: 37.52 dB | BEST: 37.54 dB | MSSSIM: 0.9877 | TIME: 60.75秒 | LR: 1.416e-03
epoch [858/1200] batch [1/132] loss: 0.0002 psnr: 36.58 dB  msssim: 0.9868
epoch [858/1200] batch [51/132] loss: 0.0002 psnr: 37.87 dB  msssim: 0.9890
epoch [858/1200] batch [101/132] loss: 0.0002 psnr: 37.74 dB  msssim: 0.9884
epoch [858/1200] batch [132/132] loss: 0.0003 psnr: 37.56 dB  msssim: 0.9878
======  Epoch 858 完成 ======LOSS: 0.0002 | PSNR: 37.56 dB | BEST: 37.56 dB | MSSSIM: 0.9878 | TIME: 60.72秒 | LR: 1.409e-03
epoch [859/1200] batch [1/132] loss: 0.0001 psnr: 40.30 dB  msssim: 0.9944
epoch [859/1200] batch [51/132] loss: 0.0001 psnr: 37.84 dB  msssim: 0.9885
epoch [859/1200] batch [101/132] loss: 0.0004 psnr: 37.45 dB  msssim: 0.9875
epoch [859/1200] batch [132/132] loss: 0.0001 psnr: 37.56 dB  msssim: 0.9878
======  Epoch 859 完成 ======LOSS: 0.0002 | PSNR: 37.56 dB | BEST: 37.56 dB | MSSSIM: 0.9878 | TIME: 60.67秒 | LR: 1.402e-03
epoch [860/1200] batch [1/132] loss: 0.0001 psnr: 40.00 dB  msssim: 0.9937
epoch [860/1200] batch [51/132] loss: 0.0002 psnr: 37.61 dB  msssim: 0.9880
epoch [860/1200] batch [101/132] loss: 0.0002 psnr: 37.53 dB  msssim: 0.9877
epoch [860/1200] batch [132/132] loss: 0.0002 psnr: 37.58 dB  msssim: 0.9878
======  Epoch 860 完成 ======LOSS: 0.0002 | PSNR: 37.58 dB | BEST: 37.58 dB | MSSSIM: 0.9878 | TIME: 60.62秒 | LR: 1.394e-03
epoch [861/1200] batch [1/132] loss: 0.0003 psnr: 35.68 dB  msssim: 0.9837
epoch [861/1200] batch [51/132] loss: 0.0001 psnr: 37.61 dB  msssim: 0.9880
epoch [861/1200] batch [101/132] loss: 0.0001 psnr: 37.55 dB  msssim: 0.9878
epoch [861/1200] batch [132/132] loss: 0.0001 psnr: 37.57 dB  msssim: 0.9878
======  Epoch 861 完成 ======LOSS: 0.0002 | PSNR: 37.57 dB | BEST: 37.58 dB | MSSSIM: 0.9878 | TIME: 60.83秒 | LR: 1.387e-03
epoch [862/1200] batch [1/132] loss: 0.0001 psnr: 40.21 dB  msssim: 0.9945
epoch [862/1200] batch [51/132] loss: 0.0001 psnr: 37.66 dB  msssim: 0.9880
epoch [862/1200] batch [101/132] loss: 0.0004 psnr: 37.50 dB  msssim: 0.9877
epoch [862/1200] batch [132/132] loss: 0.0001 psnr: 37.54 dB  msssim: 0.9878
======  Epoch 862 完成 ======LOSS: 0.0002 | PSNR: 37.54 dB | BEST: 37.58 dB | MSSSIM: 0.9878 | TIME: 60.76秒 | LR: 1.380e-03
epoch [863/1200] batch [1/132] loss: 0.0001 psnr: 39.63 dB  msssim: 0.9930
epoch [863/1200] batch [51/132] loss: 0.0001 psnr: 37.40 dB  msssim: 0.9874
epoch [863/1200] batch [101/132] loss: 0.0002 psnr: 37.52 dB  msssim: 0.9877
epoch [863/1200] batch [132/132] loss: 0.0003 psnr: 37.56 dB  msssim: 0.9878
======  Epoch 863 完成 ======LOSS: 0.0002 | PSNR: 37.56 dB | BEST: 37.58 dB | MSSSIM: 0.9878 | TIME: 60.97秒 | LR: 1.372e-03
epoch [864/1200] batch [1/132] loss: 0.0003 psnr: 34.87 dB  msssim: 0.9795
epoch [864/1200] batch [51/132] loss: 0.0001 psnr: 37.65 dB  msssim: 0.9880
epoch [864/1200] batch [101/132] loss: 0.0004 psnr: 37.60 dB  msssim: 0.9878
epoch [864/1200] batch [132/132] loss: 0.0001 psnr: 37.56 dB  msssim: 0.9878
======  Epoch 864 完成 ======LOSS: 0.0002 | PSNR: 37.56 dB | BEST: 37.58 dB | MSSSIM: 0.9878 | TIME: 60.91秒 | LR: 1.365e-03
epoch [865/1200] batch [1/132] loss: 0.0001 psnr: 39.62 dB  msssim: 0.9929
epoch [865/1200] batch [51/132] loss: 0.0001 psnr: 37.51 dB  msssim: 0.9876
epoch [865/1200] batch [101/132] loss: 0.0001 psnr: 37.75 dB  msssim: 0.9885
epoch [865/1200] batch [132/132] loss: 0.0003 psnr: 37.57 dB  msssim: 0.9878
======  Epoch 865 完成 ======LOSS: 0.0002 | PSNR: 37.57 dB | BEST: 37.58 dB | MSSSIM: 0.9878 | TIME: 60.88秒 | LR: 1.358e-03
epoch [866/1200] batch [1/132] loss: 0.0001 psnr: 40.04 dB  msssim: 0.9940
epoch [866/1200] batch [51/132] loss: 0.0004 psnr: 37.66 dB  msssim: 0.9879
epoch [866/1200] batch [101/132] loss: 0.0002 psnr: 37.44 dB  msssim: 0.9875
epoch [866/1200] batch [132/132] loss: 0.0002 psnr: 37.55 dB  msssim: 0.9878
======  Epoch 866 完成 ======LOSS: 0.0002 | PSNR: 37.55 dB | BEST: 37.58 dB | MSSSIM: 0.9878 | TIME: 60.83秒 | LR: 1.351e-03
epoch [867/1200] batch [1/132] loss: 0.0001 psnr: 40.16 dB  msssim: 0.9939
epoch [867/1200] batch [51/132] loss: 0.0001 psnr: 38.06 dB  msssim: 0.9893
epoch [867/1200] batch [101/132] loss: 0.0001 psnr: 37.57 dB  msssim: 0.9878
epoch [867/1200] batch [132/132] loss: 0.0004 psnr: 37.56 dB  msssim: 0.9878
======  Epoch 867 完成 ======LOSS: 0.0002 | PSNR: 37.56 dB | BEST: 37.58 dB | MSSSIM: 0.9878 | TIME: 60.95秒 | LR: 1.343e-03
epoch [868/1200] batch [1/132] loss: 0.0001 psnr: 39.73 dB  msssim: 0.9939
epoch [868/1200] batch [51/132] loss: 0.0003 psnr: 37.53 dB  msssim: 0.9879
epoch [868/1200] batch [101/132] loss: 0.0001 psnr: 37.58 dB  msssim: 0.9879
epoch [868/1200] batch [132/132] loss: 0.0002 psnr: 37.56 dB  msssim: 0.9878
======  Epoch 868 完成 ======LOSS: 0.0002 | PSNR: 37.56 dB | BEST: 37.58 dB | MSSSIM: 0.9878 | TIME: 60.83秒 | LR: 1.336e-03
epoch [869/1200] batch [1/132] loss: 0.0004 psnr: 34.49 dB  msssim: 0.9767
epoch [869/1200] batch [51/132] loss: 0.0003 psnr: 36.87 dB  msssim: 0.9860
epoch [869/1200] batch [101/132] loss: 0.0004 psnr: 37.40 dB  msssim: 0.9874
epoch [869/1200] batch [132/132] loss: 0.0001 psnr: 37.56 dB  msssim: 0.9878
======  Epoch 869 完成 ======LOSS: 0.0002 | PSNR: 37.56 dB | BEST: 37.58 dB | MSSSIM: 0.9878 | TIME: 60.76秒 | LR: 1.329e-03
epoch [870/1200] batch [1/132] loss: 0.0002 psnr: 37.56 dB  msssim: 0.9895
epoch [870/1200] batch [51/132] loss: 0.0001 psnr: 37.37 dB  msssim: 0.9875
epoch [870/1200] batch [101/132] loss: 0.0001 psnr: 37.42 dB  msssim: 0.9876
epoch [870/1200] batch [132/132] loss: 0.0004 psnr: 37.53 dB  msssim: 0.9878
======  Epoch 870 完成 ======LOSS: 0.0002 | PSNR: 37.53 dB | BEST: 37.58 dB | MSSSIM: 0.9878 | TIME: 61.12秒 | LR: 1.322e-03
epoch [871/1200] batch [1/132] loss: 0.0001 psnr: 39.78 dB  msssim: 0.9934
epoch [871/1200] batch [51/132] loss: 0.0002 psnr: 37.62 dB  msssim: 0.9877
epoch [871/1200] batch [101/132] loss: 0.0001 psnr: 37.62 dB  msssim: 0.9880
epoch [871/1200] batch [132/132] loss: 0.0001 psnr: 37.58 dB  msssim: 0.9879
======  Epoch 871 完成 ======LOSS: 0.0002 | PSNR: 37.58 dB | BEST: 37.58 dB | MSSSIM: 0.9879 | TIME: 60.78秒 | LR: 1.314e-03
epoch [872/1200] batch [1/132] loss: 0.0004 psnr: 33.80 dB  msssim: 0.9759
epoch [872/1200] batch [51/132] loss: 0.0001 psnr: 37.27 dB  msssim: 0.9871
epoch [872/1200] batch [101/132] loss: 0.0001 psnr: 37.56 dB  msssim: 0.9878
epoch [872/1200] batch [132/132] loss: 0.0003 psnr: 37.59 dB  msssim: 0.9879
======  Epoch 872 完成 ======LOSS: 0.0002 | PSNR: 37.59 dB | BEST: 37.59 dB | MSSSIM: 0.9879 | TIME: 60.85秒 | LR: 1.307e-03
epoch [873/1200] batch [1/132] loss: 0.0001 psnr: 39.54 dB  msssim: 0.9930
epoch [873/1200] batch [51/132] loss: 0.0003 psnr: 37.99 dB  msssim: 0.9889
epoch [873/1200] batch [101/132] loss: 0.0002 psnr: 37.75 dB  msssim: 0.9882
epoch [873/1200] batch [132/132] loss: 0.0001 psnr: 37.60 dB  msssim: 0.9879
======  Epoch 873 完成 ======LOSS: 0.0002 | PSNR: 37.60 dB | BEST: 37.60 dB | MSSSIM: 0.9879 | TIME: 60.52秒 | LR: 1.300e-03
epoch [874/1200] batch [1/132] loss: 0.0003 psnr: 35.37 dB  msssim: 0.9819
epoch [874/1200] batch [51/132] loss: 0.0001 psnr: 37.55 dB  msssim: 0.9877
epoch [874/1200] batch [101/132] loss: 0.0002 psnr: 37.72 dB  msssim: 0.9883
epoch [874/1200] batch [132/132] loss: 0.0001 psnr: 37.60 dB  msssim: 0.9879
======  Epoch 874 完成 ======LOSS: 0.0002 | PSNR: 37.60 dB | BEST: 37.60 dB | MSSSIM: 0.9879 | TIME: 60.46秒 | LR: 1.293e-03
epoch [875/1200] batch [1/132] loss: 0.0001 psnr: 40.14 dB  msssim: 0.9944
epoch [875/1200] batch [51/132] loss: 0.0003 psnr: 37.86 dB  msssim: 0.9887
epoch [875/1200] batch [101/132] loss: 0.0002 psnr: 37.77 dB  msssim: 0.9884
epoch [875/1200] batch [132/132] loss: 0.0004 psnr: 37.60 dB  msssim: 0.9879
======  Epoch 875 完成 ======LOSS: 0.0002 | PSNR: 37.60 dB | BEST: 37.60 dB | MSSSIM: 0.9879 | TIME: 60.37秒 | LR: 1.286e-03
epoch [876/1200] batch [1/132] loss: 0.0001 psnr: 40.14 dB  msssim: 0.9939
epoch [876/1200] batch [51/132] loss: 0.0002 psnr: 38.18 dB  msssim: 0.9896
epoch [876/1200] batch [101/132] loss: 0.0003 psnr: 37.78 dB  msssim: 0.9884
epoch [876/1200] batch [132/132] loss: 0.0003 psnr: 37.59 dB  msssim: 0.9879
======  Epoch 876 完成 ======LOSS: 0.0002 | PSNR: 37.59 dB | BEST: 37.60 dB | MSSSIM: 0.9879 | TIME: 60.38秒 | LR: 1.279e-03
epoch [877/1200] batch [1/132] loss: 0.0001 psnr: 39.59 dB  msssim: 0.9931
epoch [877/1200] batch [51/132] loss: 0.0002 psnr: 37.79 dB  msssim: 0.9885
epoch [877/1200] batch [101/132] loss: 0.0001 psnr: 37.67 dB  msssim: 0.9881
epoch [877/1200] batch [132/132] loss: 0.0003 psnr: 37.58 dB  msssim: 0.9879
======  Epoch 877 完成 ======LOSS: 0.0002 | PSNR: 37.58 dB | BEST: 37.60 dB | MSSSIM: 0.9879 | TIME: 60.33秒 | LR: 1.271e-03
epoch [878/1200] batch [1/132] loss: 0.0003 psnr: 36.02 dB  msssim: 0.9845
epoch [878/1200] batch [51/132] loss: 0.0001 psnr: 37.38 dB  msssim: 0.9874
epoch [878/1200] batch [101/132] loss: 0.0001 psnr: 37.55 dB  msssim: 0.9878
epoch [878/1200] batch [132/132] loss: 0.0001 psnr: 37.56 dB  msssim: 0.9879
======  Epoch 878 完成 ======LOSS: 0.0002 | PSNR: 37.56 dB | BEST: 37.60 dB | MSSSIM: 0.9879 | TIME: 60.31秒 | LR: 1.264e-03
epoch [879/1200] batch [1/132] loss: 0.0003 psnr: 35.35 dB  msssim: 0.9814
epoch [879/1200] batch [51/132] loss: 0.0001 psnr: 37.56 dB  msssim: 0.9880
epoch [879/1200] batch [101/132] loss: 0.0001 psnr: 37.60 dB  msssim: 0.9879
epoch [879/1200] batch [132/132] loss: 0.0002 psnr: 37.58 dB  msssim: 0.9879
======  Epoch 879 完成 ======LOSS: 0.0002 | PSNR: 37.58 dB | BEST: 37.60 dB | MSSSIM: 0.9879 | TIME: 60.29秒 | LR: 1.257e-03
epoch [880/1200] batch [1/132] loss: 0.0001 psnr: 39.43 dB  msssim: 0.9926
epoch [880/1200] batch [51/132] loss: 0.0001 psnr: 37.23 dB  msssim: 0.9867
epoch [880/1200] batch [101/132] loss: 0.0002 psnr: 37.41 dB  msssim: 0.9874
epoch [880/1200] batch [132/132] loss: 0.0003 psnr: 37.58 dB  msssim: 0.9879
======  Epoch 880 完成 ======LOSS: 0.0002 | PSNR: 37.58 dB | BEST: 37.60 dB | MSSSIM: 0.9879 | TIME: 60.30秒 | LR: 1.250e-03
epoch [881/1200] batch [1/132] loss: 0.0001 psnr: 39.40 dB  msssim: 0.9925
epoch [881/1200] batch [51/132] loss: 0.0002 psnr: 37.36 dB  msssim: 0.9871
epoch [881/1200] batch [101/132] loss: 0.0002 psnr: 37.39 dB  msssim: 0.9874
epoch [881/1200] batch [132/132] loss: 0.0001 psnr: 37.58 dB  msssim: 0.9879
======  Epoch 881 完成 ======LOSS: 0.0002 | PSNR: 37.58 dB | BEST: 37.60 dB | MSSSIM: 0.9879 | TIME: 60.34秒 | LR: 1.243e-03
epoch [882/1200] batch [1/132] loss: 0.0001 psnr: 40.14 dB  msssim: 0.9945
epoch [882/1200] batch [51/132] loss: 0.0002 psnr: 37.64 dB  msssim: 0.9880
epoch [882/1200] batch [101/132] loss: 0.0002 psnr: 37.82 dB  msssim: 0.9885
epoch [882/1200] batch [132/132] loss: 0.0002 psnr: 37.58 dB  msssim: 0.9879
======  Epoch 882 完成 ======LOSS: 0.0002 | PSNR: 37.58 dB | BEST: 37.60 dB | MSSSIM: 0.9879 | TIME: 60.28秒 | LR: 1.236e-03
epoch [883/1200] batch [1/132] loss: 0.0001 psnr: 39.95 dB  msssim: 0.9943
epoch [883/1200] batch [51/132] loss: 0.0003 psnr: 37.62 dB  msssim: 0.9881
epoch [883/1200] batch [101/132] loss: 0.0003 psnr: 37.53 dB  msssim: 0.9878
epoch [883/1200] batch [132/132] loss: 0.0001 psnr: 37.59 dB  msssim: 0.9879
======  Epoch 883 完成 ======LOSS: 0.0002 | PSNR: 37.59 dB | BEST: 37.60 dB | MSSSIM: 0.9879 | TIME: 60.32秒 | LR: 1.229e-03
epoch [884/1200] batch [1/132] loss: 0.0001 psnr: 40.27 dB  msssim: 0.9946
epoch [884/1200] batch [51/132] loss: 0.0002 psnr: 37.35 dB  msssim: 0.9870
epoch [884/1200] batch [101/132] loss: 0.0001 psnr: 37.54 dB  msssim: 0.9877
epoch [884/1200] batch [132/132] loss: 0.0001 psnr: 37.60 dB  msssim: 0.9879
======  Epoch 884 完成 ======LOSS: 0.0002 | PSNR: 37.60 dB | BEST: 37.60 dB | MSSSIM: 0.9879 | TIME: 60.48秒 | LR: 1.222e-03
epoch [885/1200] batch [1/132] loss: 0.0001 psnr: 40.35 dB  msssim: 0.9942
epoch [885/1200] batch [51/132] loss: 0.0001 psnr: 37.83 dB  msssim: 0.9885
epoch [885/1200] batch [101/132] loss: 0.0003 psnr: 37.50 dB  msssim: 0.9876
epoch [885/1200] batch [132/132] loss: 0.0002 psnr: 37.61 dB  msssim: 0.9879
======  Epoch 885 完成 ======LOSS: 0.0002 | PSNR: 37.61 dB | BEST: 37.61 dB | MSSSIM: 0.9879 | TIME: 60.35秒 | LR: 1.215e-03
epoch [886/1200] batch [1/132] loss: 0.0004 psnr: 34.22 dB  msssim: 0.9776
epoch [886/1200] batch [51/132] loss: 0.0003 psnr: 37.17 dB  msssim: 0.9870
epoch [886/1200] batch [101/132] loss: 0.0001 psnr: 37.41 dB  msssim: 0.9874
epoch [886/1200] batch [132/132] loss: 0.0003 psnr: 37.62 dB  msssim: 0.9880
======  Epoch 886 完成 ======LOSS: 0.0002 | PSNR: 37.62 dB | BEST: 37.62 dB | MSSSIM: 0.9880 | TIME: 60.40秒 | LR: 1.208e-03
epoch [887/1200] batch [1/132] loss: 0.0001 psnr: 39.40 dB  msssim: 0.9927
epoch [887/1200] batch [51/132] loss: 0.0003 psnr: 37.87 dB  msssim: 0.9886
epoch [887/1200] batch [101/132] loss: 0.0003 psnr: 37.52 dB  msssim: 0.9877
epoch [887/1200] batch [132/132] loss: 0.0002 psnr: 37.62 dB  msssim: 0.9879
======  Epoch 887 完成 ======LOSS: 0.0002 | PSNR: 37.62 dB | BEST: 37.62 dB | MSSSIM: 0.9879 | TIME: 60.35秒 | LR: 1.201e-03
epoch [888/1200] batch [1/132] loss: 0.0001 psnr: 39.10 dB  msssim: 0.9924
epoch [888/1200] batch [51/132] loss: 0.0003 psnr: 37.78 dB  msssim: 0.9885
epoch [888/1200] batch [101/132] loss: 0.0003 psnr: 37.65 dB  msssim: 0.9880
epoch [888/1200] batch [132/132] loss: 0.0002 psnr: 37.61 dB  msssim: 0.9879
======  Epoch 888 完成 ======LOSS: 0.0002 | PSNR: 37.61 dB | BEST: 37.62 dB | MSSSIM: 0.9879 | TIME: 60.37秒 | LR: 1.194e-03
epoch [889/1200] batch [1/132] loss: 0.0001 psnr: 40.10 dB  msssim: 0.9938
epoch [889/1200] batch [51/132] loss: 0.0002 psnr: 37.47 dB  msssim: 0.9877
epoch [889/1200] batch [101/132] loss: 0.0003 psnr: 37.52 dB  msssim: 0.9877
epoch [889/1200] batch [132/132] loss: 0.0001 psnr: 37.59 dB  msssim: 0.9879
======  Epoch 889 完成 ======LOSS: 0.0002 | PSNR: 37.59 dB | BEST: 37.62 dB | MSSSIM: 0.9879 | TIME: 60.36秒 | LR: 1.187e-03
epoch [890/1200] batch [1/132] loss: 0.0002 psnr: 36.85 dB  msssim: 0.9869
epoch [890/1200] batch [51/132] loss: 0.0002 psnr: 37.53 dB  msssim: 0.9877
epoch [890/1200] batch [101/132] loss: 0.0002 psnr: 37.52 dB  msssim: 0.9877
epoch [890/1200] batch [132/132] loss: 0.0003 psnr: 37.61 dB  msssim: 0.9879
======  Epoch 890 完成 ======LOSS: 0.0002 | PSNR: 37.61 dB | BEST: 37.62 dB | MSSSIM: 0.9879 | TIME: 60.37秒 | LR: 1.180e-03
epoch [891/1200] batch [1/132] loss: 0.0001 psnr: 40.51 dB  msssim: 0.9944
epoch [891/1200] batch [51/132] loss: 0.0002 psnr: 38.13 dB  msssim: 0.9895
epoch [891/1200] batch [101/132] loss: 0.0002 psnr: 37.80 dB  msssim: 0.9885
epoch [891/1200] batch [132/132] loss: 0.0001 psnr: 37.62 dB  msssim: 0.9880
======  Epoch 891 完成 ======LOSS: 0.0002 | PSNR: 37.62 dB | BEST: 37.62 dB | MSSSIM: 0.9880 | TIME: 60.37秒 | LR: 1.173e-03
epoch [892/1200] batch [1/132] loss: 0.0001 psnr: 39.28 dB  msssim: 0.9926
epoch [892/1200] batch [51/132] loss: 0.0001 psnr: 37.44 dB  msssim: 0.9874
epoch [892/1200] batch [101/132] loss: 0.0001 psnr: 37.70 dB  msssim: 0.9883
epoch [892/1200] batch [132/132] loss: 0.0003 psnr: 37.62 dB  msssim: 0.9880
======  Epoch 892 完成 ======LOSS: 0.0002 | PSNR: 37.62 dB | BEST: 37.62 dB | MSSSIM: 0.9880 | TIME: 60.34秒 | LR: 1.166e-03
epoch [893/1200] batch [1/132] loss: 0.0002 psnr: 37.39 dB  msssim: 0.9889
epoch [893/1200] batch [51/132] loss: 0.0003 psnr: 37.82 dB  msssim: 0.9886
epoch [893/1200] batch [101/132] loss: 0.0003 psnr: 37.65 dB  msssim: 0.9880
epoch [893/1200] batch [132/132] loss: 0.0003 psnr: 37.62 dB  msssim: 0.9879
======  Epoch 893 完成 ======LOSS: 0.0002 | PSNR: 37.62 dB | BEST: 37.62 dB | MSSSIM: 0.9879 | TIME: 60.48秒 | LR: 1.159e-03
epoch [894/1200] batch [1/132] loss: 0.0003 psnr: 34.75 dB  msssim: 0.9791
epoch [894/1200] batch [51/132] loss: 0.0003 psnr: 37.72 dB  msssim: 0.9881
epoch [894/1200] batch [101/132] loss: 0.0003 psnr: 37.78 dB  msssim: 0.9884
epoch [894/1200] batch [132/132] loss: 0.0001 psnr: 37.61 dB  msssim: 0.9879
======  Epoch 894 完成 ======LOSS: 0.0002 | PSNR: 37.61 dB | BEST: 37.62 dB | MSSSIM: 0.9879 | TIME: 60.62秒 | LR: 1.152e-03
epoch [895/1200] batch [1/132] loss: 0.0001 psnr: 40.23 dB  msssim: 0.9942
epoch [895/1200] batch [51/132] loss: 0.0001 psnr: 37.42 dB  msssim: 0.9873
epoch [895/1200] batch [101/132] loss: 0.0001 psnr: 37.64 dB  msssim: 0.9880
epoch [895/1200] batch [132/132] loss: 0.0001 psnr: 37.63 dB  msssim: 0.9880
======  Epoch 895 完成 ======LOSS: 0.0002 | PSNR: 37.63 dB | BEST: 37.63 dB | MSSSIM: 0.9880 | TIME: 60.34秒 | LR: 1.145e-03
epoch [896/1200] batch [1/132] loss: 0.0001 psnr: 38.47 dB  msssim: 0.9911
epoch [896/1200] batch [51/132] loss: 0.0001 psnr: 37.80 dB  msssim: 0.9886
epoch [896/1200] batch [101/132] loss: 0.0001 psnr: 37.62 dB  msssim: 0.9880
epoch [896/1200] batch [132/132] loss: 0.0003 psnr: 37.62 dB  msssim: 0.9880
======  Epoch 896 完成 ======LOSS: 0.0002 | PSNR: 37.62 dB | BEST: 37.63 dB | MSSSIM: 0.9880 | TIME: 60.43秒 | LR: 1.138e-03
epoch [897/1200] batch [1/132] loss: 0.0003 psnr: 35.59 dB  msssim: 0.9830
epoch [897/1200] batch [51/132] loss: 0.0003 psnr: 36.95 dB  msssim: 0.9861
epoch [897/1200] batch [101/132] loss: 0.0001 psnr: 37.52 dB  msssim: 0.9876
epoch [897/1200] batch [132/132] loss: 0.0002 psnr: 37.62 dB  msssim: 0.9880
======  Epoch 897 完成 ======LOSS: 0.0002 | PSNR: 37.62 dB | BEST: 37.63 dB | MSSSIM: 0.9880 | TIME: 60.43秒 | LR: 1.132e-03
epoch [898/1200] batch [1/132] loss: 0.0001 psnr: 40.21 dB  msssim: 0.9946
epoch [898/1200] batch [51/132] loss: 0.0001 psnr: 37.90 dB  msssim: 0.9887
epoch [898/1200] batch [101/132] loss: 0.0003 psnr: 37.63 dB  msssim: 0.9880
epoch [898/1200] batch [132/132] loss: 0.0003 psnr: 37.63 dB  msssim: 0.9880
======  Epoch 898 完成 ======LOSS: 0.0002 | PSNR: 37.63 dB | BEST: 37.63 dB | MSSSIM: 0.9880 | TIME: 60.33秒 | LR: 1.125e-03
epoch [899/1200] batch [1/132] loss: 0.0002 psnr: 38.17 dB  msssim: 0.9904
epoch [899/1200] batch [51/132] loss: 0.0002 psnr: 37.55 dB  msssim: 0.9878
epoch [899/1200] batch [101/132] loss: 0.0002 psnr: 37.56 dB  msssim: 0.9879
epoch [899/1200] batch [132/132] loss: 0.0003 psnr: 37.63 dB  msssim: 0.9880
======  Epoch 899 完成 ======LOSS: 0.0002 | PSNR: 37.63 dB | BEST: 37.63 dB | MSSSIM: 0.9880 | TIME: 60.31秒 | LR: 1.118e-03
epoch [900/1200] batch [1/132] loss: 0.0001 psnr: 39.36 dB  msssim: 0.9926
epoch [900/1200] batch [51/132] loss: 0.0002 psnr: 37.52 dB  msssim: 0.9878
epoch [900/1200] batch [101/132] loss: 0.0003 psnr: 37.57 dB  msssim: 0.9878
epoch [900/1200] batch [132/132] loss: 0.0004 psnr: 37.63 dB  msssim: 0.9880
======  Epoch 900 完成 ======LOSS: 0.0002 | PSNR: 37.63 dB | BEST: 37.63 dB | MSSSIM: 0.9880 | TIME: 60.33秒 | LR: 1.111e-03
Step [1/132] | Val PSNR: 36.59 dB | Val MSSSIM: 0.9868 | FPS: 104.65
Step [51/132] | Val PSNR: 35.74 dB | Val MSSSIM: 0.9827 | FPS: 225.74
Step [101/132] | Val PSNR: 37.01 dB | Val MSSSIM: 0.9864 | FPS: 228.00
Step [132/132] | Val PSNR: 37.70 dB | Val MSSSIM: 0.9882 | FPS: 229.13
== Epoch 900 测试完成 == PSNR: 37.70 dB | BEST: 37.63 dB | MSSSIM: 0.9882 | TIME: 18.77秒 | 
epoch [901/1200] batch [1/132] loss: 0.0003 psnr: 35.27 dB  msssim: 0.9812
epoch [901/1200] batch [51/132] loss: 0.0002 psnr: 37.51 dB  msssim: 0.9879
epoch [901/1200] batch [101/132] loss: 0.0003 psnr: 37.62 dB  msssim: 0.9881
epoch [901/1200] batch [132/132] loss: 0.0001 psnr: 37.63 dB  msssim: 0.9880
======  Epoch 901 完成 ======LOSS: 0.0002 | PSNR: 37.63 dB | BEST: 37.63 dB | MSSSIM: 0.9880 | TIME: 60.30秒 | LR: 1.104e-03
epoch [902/1200] batch [1/132] loss: 0.0004 psnr: 34.33 dB  msssim: 0.9782
epoch [902/1200] batch [51/132] loss: 0.0002 psnr: 37.68 dB  msssim: 0.9881
epoch [902/1200] batch [101/132] loss: 0.0001 psnr: 37.59 dB  msssim: 0.9880
epoch [902/1200] batch [132/132] loss: 0.0003 psnr: 37.63 dB  msssim: 0.9880
======  Epoch 902 完成 ======LOSS: 0.0002 | PSNR: 37.63 dB | BEST: 37.63 dB | MSSSIM: 0.9880 | TIME: 60.42秒 | LR: 1.098e-03
epoch [903/1200] batch [1/132] loss: 0.0003 psnr: 35.30 dB  msssim: 0.9812
epoch [903/1200] batch [51/132] loss: 0.0001 psnr: 37.80 dB  msssim: 0.9883
epoch [903/1200] batch [101/132] loss: 0.0003 psnr: 37.71 dB  msssim: 0.9882
epoch [903/1200] batch [132/132] loss: 0.0002 psnr: 37.61 dB  msssim: 0.9879
======  Epoch 903 完成 ======LOSS: 0.0002 | PSNR: 37.61 dB | BEST: 37.63 dB | MSSSIM: 0.9879 | TIME: 60.33秒 | LR: 1.091e-03
epoch [904/1200] batch [1/132] loss: 0.0001 psnr: 38.31 dB  msssim: 0.9907
epoch [904/1200] batch [51/132] loss: 0.0001 psnr: 37.86 dB  msssim: 0.9888
epoch [904/1200] batch [101/132] loss: 0.0002 psnr: 37.88 dB  msssim: 0.9888
epoch [904/1200] batch [132/132] loss: 0.0002 psnr: 37.62 dB  msssim: 0.9880
======  Epoch 904 完成 ======LOSS: 0.0002 | PSNR: 37.62 dB | BEST: 37.63 dB | MSSSIM: 0.9880 | TIME: 60.33秒 | LR: 1.084e-03
epoch [905/1200] batch [1/132] loss: 0.0001 psnr: 38.80 dB  msssim: 0.9917
epoch [905/1200] batch [51/132] loss: 0.0003 psnr: 37.39 dB  msssim: 0.9875
epoch [905/1200] batch [101/132] loss: 0.0001 psnr: 37.70 dB  msssim: 0.9882
epoch [905/1200] batch [132/132] loss: 0.0001 psnr: 37.63 dB  msssim: 0.9880
======  Epoch 905 完成 ======LOSS: 0.0002 | PSNR: 37.63 dB | BEST: 37.63 dB | MSSSIM: 0.9880 | TIME: 60.33秒 | LR: 1.077e-03
epoch [906/1200] batch [1/132] loss: 0.0003 psnr: 35.05 dB  msssim: 0.9796
epoch [906/1200] batch [51/132] loss: 0.0004 psnr: 37.78 dB  msssim: 0.9883
epoch [906/1200] batch [101/132] loss: 0.0001 psnr: 37.54 dB  msssim: 0.9878
epoch [906/1200] batch [132/132] loss: 0.0002 psnr: 37.64 dB  msssim: 0.9880
======  Epoch 906 完成 ======LOSS: 0.0002 | PSNR: 37.64 dB | BEST: 37.64 dB | MSSSIM: 0.9880 | TIME: 60.41秒 | LR: 1.071e-03
epoch [907/1200] batch [1/132] loss: 0.0002 psnr: 37.29 dB  msssim: 0.9886
epoch [907/1200] batch [51/132] loss: 0.0003 psnr: 37.69 dB  msssim: 0.9882
epoch [907/1200] batch [101/132] loss: 0.0001 psnr: 37.63 dB  msssim: 0.9879
epoch [907/1200] batch [132/132] loss: 0.0002 psnr: 37.64 dB  msssim: 0.9880
======  Epoch 907 完成 ======LOSS: 0.0002 | PSNR: 37.64 dB | BEST: 37.64 dB | MSSSIM: 0.9880 | TIME: 60.32秒 | LR: 1.064e-03
epoch [908/1200] batch [1/132] loss: 0.0003 psnr: 35.11 dB  msssim: 0.9806
epoch [908/1200] batch [51/132] loss: 0.0002 psnr: 37.71 dB  msssim: 0.9885
epoch [908/1200] batch [101/132] loss: 0.0001 psnr: 37.76 dB  msssim: 0.9885
epoch [908/1200] batch [132/132] loss: 0.0003 psnr: 37.64 dB  msssim: 0.9880
======  Epoch 908 完成 ======LOSS: 0.0002 | PSNR: 37.64 dB | BEST: 37.64 dB | MSSSIM: 0.9880 | TIME: 60.28秒 | LR: 1.057e-03
epoch [909/1200] batch [1/132] loss: 0.0001 psnr: 40.07 dB  msssim: 0.9938
epoch [909/1200] batch [51/132] loss: 0.0002 psnr: 37.38 dB  msssim: 0.9873
epoch [909/1200] batch [101/132] loss: 0.0001 psnr: 37.59 dB  msssim: 0.9880
epoch [909/1200] batch [132/132] loss: 0.0003 psnr: 37.65 dB  msssim: 0.9880
======  Epoch 909 完成 ======LOSS: 0.0002 | PSNR: 37.65 dB | BEST: 37.65 dB | MSSSIM: 0.9880 | TIME: 60.36秒 | LR: 1.051e-03
epoch [910/1200] batch [1/132] loss: 0.0002 psnr: 37.27 dB  msssim: 0.9888
epoch [910/1200] batch [51/132] loss: 0.0001 psnr: 37.89 dB  msssim: 0.9885
epoch [910/1200] batch [101/132] loss: 0.0001 psnr: 37.68 dB  msssim: 0.9881
epoch [910/1200] batch [132/132] loss: 0.0002 psnr: 37.64 dB  msssim: 0.9880
======  Epoch 910 完成 ======LOSS: 0.0002 | PSNR: 37.64 dB | BEST: 37.65 dB | MSSSIM: 0.9880 | TIME: 60.39秒 | LR: 1.044e-03
epoch [911/1200] batch [1/132] loss: 0.0003 psnr: 35.52 dB  msssim: 0.9825
epoch [911/1200] batch [51/132] loss: 0.0002 psnr: 37.68 dB  msssim: 0.9881
epoch [911/1200] batch [101/132] loss: 0.0003 psnr: 37.64 dB  msssim: 0.9881
epoch [911/1200] batch [132/132] loss: 0.0001 psnr: 37.64 dB  msssim: 0.9880
======  Epoch 911 完成 ======LOSS: 0.0002 | PSNR: 37.64 dB | BEST: 37.65 dB | MSSSIM: 0.9880 | TIME: 60.35秒 | LR: 1.037e-03
epoch [912/1200] batch [1/132] loss: 0.0001 psnr: 40.18 dB  msssim: 0.9944
epoch [912/1200] batch [51/132] loss: 0.0002 psnr: 37.53 dB  msssim: 0.9877
epoch [912/1200] batch [101/132] loss: 0.0001 psnr: 37.70 dB  msssim: 0.9882
epoch [912/1200] batch [132/132] loss: 0.0002 psnr: 37.65 dB  msssim: 0.9880
======  Epoch 912 完成 ======LOSS: 0.0002 | PSNR: 37.65 dB | BEST: 37.65 dB | MSSSIM: 0.9880 | TIME: 60.35秒 | LR: 1.031e-03
epoch [913/1200] batch [1/132] loss: 0.0003 psnr: 35.40 dB  msssim: 0.9818
epoch [913/1200] batch [51/132] loss: 0.0001 psnr: 38.07 dB  msssim: 0.9893
epoch [913/1200] batch [101/132] loss: 0.0003 psnr: 37.72 dB  msssim: 0.9882
epoch [913/1200] batch [132/132] loss: 0.0004 psnr: 37.65 dB  msssim: 0.9880
======  Epoch 913 完成 ======LOSS: 0.0002 | PSNR: 37.65 dB | BEST: 37.65 dB | MSSSIM: 0.9880 | TIME: 60.40秒 | LR: 1.024e-03
epoch [914/1200] batch [1/132] loss: 0.0001 psnr: 40.31 dB  msssim: 0.9946
epoch [914/1200] batch [51/132] loss: 0.0001 psnr: 37.41 dB  msssim: 0.9872
epoch [914/1200] batch [101/132] loss: 0.0004 psnr: 37.56 dB  msssim: 0.9878
epoch [914/1200] batch [132/132] loss: 0.0003 psnr: 37.65 dB  msssim: 0.9880
======  Epoch 914 完成 ======LOSS: 0.0002 | PSNR: 37.65 dB | BEST: 37.65 dB | MSSSIM: 0.9880 | TIME: 60.55秒 | LR: 1.017e-03
epoch [915/1200] batch [1/132] loss: 0.0003 psnr: 35.22 dB  msssim: 0.9809
epoch [915/1200] batch [51/132] loss: 0.0001 psnr: 37.61 dB  msssim: 0.9882
epoch [915/1200] batch [101/132] loss: 0.0004 psnr: 37.71 dB  msssim: 0.9882
epoch [915/1200] batch [132/132] loss: 0.0003 psnr: 37.66 dB  msssim: 0.9880
======  Epoch 915 完成 ======LOSS: 0.0002 | PSNR: 37.66 dB | BEST: 37.66 dB | MSSSIM: 0.9880 | TIME: 60.45秒 | LR: 1.011e-03
epoch [916/1200] batch [1/132] loss: 0.0001 psnr: 40.22 dB  msssim: 0.9944
epoch [916/1200] batch [51/132] loss: 0.0003 psnr: 38.08 dB  msssim: 0.9892
epoch [916/1200] batch [101/132] loss: 0.0001 psnr: 37.68 dB  msssim: 0.9881
epoch [916/1200] batch [132/132] loss: 0.0001 psnr: 37.66 dB  msssim: 0.9881
======  Epoch 916 完成 ======LOSS: 0.0002 | PSNR: 37.66 dB | BEST: 37.66 dB | MSSSIM: 0.9881 | TIME: 60.34秒 | LR: 1.004e-03
epoch [917/1200] batch [1/132] loss: 0.0003 psnr: 34.60 dB  msssim: 0.9773
epoch [917/1200] batch [51/132] loss: 0.0001 psnr: 38.11 dB  msssim: 0.9893
epoch [917/1200] batch [101/132] loss: 0.0002 psnr: 37.57 dB  msssim: 0.9878
epoch [917/1200] batch [132/132] loss: 0.0002 psnr: 37.65 dB  msssim: 0.9880
======  Epoch 917 完成 ======LOSS: 0.0002 | PSNR: 37.65 dB | BEST: 37.66 dB | MSSSIM: 0.9880 | TIME: 60.33秒 | LR: 9.977e-04
epoch [918/1200] batch [1/132] loss: 0.0002 psnr: 37.66 dB  msssim: 0.9897
epoch [918/1200] batch [51/132] loss: 0.0001 psnr: 37.72 dB  msssim: 0.9882
epoch [918/1200] batch [101/132] loss: 0.0003 psnr: 37.67 dB  msssim: 0.9881
epoch [918/1200] batch [132/132] loss: 0.0002 psnr: 37.66 dB  msssim: 0.9881
======  Epoch 918 完成 ======LOSS: 0.0002 | PSNR: 37.66 dB | BEST: 37.66 dB | MSSSIM: 0.9881 | TIME: 60.32秒 | LR: 9.912e-04
epoch [919/1200] batch [1/132] loss: 0.0002 psnr: 36.34 dB  msssim: 0.9863
epoch [919/1200] batch [51/132] loss: 0.0003 psnr: 37.60 dB  msssim: 0.9882
epoch [919/1200] batch [101/132] loss: 0.0001 psnr: 37.61 dB  msssim: 0.9880
epoch [919/1200] batch [132/132] loss: 0.0001 psnr: 37.66 dB  msssim: 0.9881
======  Epoch 919 完成 ======LOSS: 0.0002 | PSNR: 37.66 dB | BEST: 37.66 dB | MSSSIM: 0.9881 | TIME: 60.47秒 | LR: 9.846e-04
epoch [920/1200] batch [1/132] loss: 0.0002 psnr: 37.90 dB  msssim: 0.9899
epoch [920/1200] batch [51/132] loss: 0.0001 psnr: 37.81 dB  msssim: 0.9884
epoch [920/1200] batch [101/132] loss: 0.0004 psnr: 37.63 dB  msssim: 0.9880
epoch [920/1200] batch [132/132] loss: 0.0002 psnr: 37.66 dB  msssim: 0.9881
======  Epoch 920 完成 ======LOSS: 0.0002 | PSNR: 37.66 dB | BEST: 37.66 dB | MSSSIM: 0.9881 | TIME: 60.31秒 | LR: 9.781e-04
epoch [921/1200] batch [1/132] loss: 0.0002 psnr: 36.02 dB  msssim: 0.9850
epoch [921/1200] batch [51/132] loss: 0.0001 psnr: 38.07 dB  msssim: 0.9888
epoch [921/1200] batch [101/132] loss: 0.0003 psnr: 38.00 dB  msssim: 0.9888
epoch [921/1200] batch [132/132] loss: 0.0003 psnr: 37.68 dB  msssim: 0.9881
======  Epoch 921 完成 ======LOSS: 0.0002 | PSNR: 37.68 dB | BEST: 37.68 dB | MSSSIM: 0.9881 | TIME: 60.43秒 | LR: 9.717e-04
epoch [922/1200] batch [1/132] loss: 0.0002 psnr: 37.05 dB  msssim: 0.9874
epoch [922/1200] batch [51/132] loss: 0.0003 psnr: 37.16 dB  msssim: 0.9869
epoch [922/1200] batch [101/132] loss: 0.0001 psnr: 37.57 dB  msssim: 0.9879
epoch [922/1200] batch [132/132] loss: 0.0003 psnr: 37.67 dB  msssim: 0.9881
======  Epoch 922 完成 ======LOSS: 0.0002 | PSNR: 37.67 dB | BEST: 37.68 dB | MSSSIM: 0.9881 | TIME: 60.40秒 | LR: 9.652e-04
epoch [923/1200] batch [1/132] loss: 0.0001 psnr: 40.07 dB  msssim: 0.9944
epoch [923/1200] batch [51/132] loss: 0.0002 psnr: 37.75 dB  msssim: 0.9882
epoch [923/1200] batch [101/132] loss: 0.0002 psnr: 37.56 dB  msssim: 0.9878
epoch [923/1200] batch [132/132] loss: 0.0003 psnr: 37.66 dB  msssim: 0.9881
======  Epoch 923 完成 ======LOSS: 0.0002 | PSNR: 37.66 dB | BEST: 37.68 dB | MSSSIM: 0.9881 | TIME: 60.30秒 | LR: 9.587e-04
epoch [924/1200] batch [1/132] loss: 0.0001 psnr: 39.93 dB  msssim: 0.9935
epoch [924/1200] batch [51/132] loss: 0.0003 psnr: 38.04 dB  msssim: 0.9889
epoch [924/1200] batch [101/132] loss: 0.0001 psnr: 37.73 dB  msssim: 0.9881
epoch [924/1200] batch [132/132] loss: 0.0001 psnr: 37.67 dB  msssim: 0.9881
======  Epoch 924 完成 ======LOSS: 0.0002 | PSNR: 37.67 dB | BEST: 37.68 dB | MSSSIM: 0.9881 | TIME: 60.32秒 | LR: 9.523e-04
epoch [925/1200] batch [1/132] loss: 0.0003 psnr: 35.75 dB  msssim: 0.9837
epoch [925/1200] batch [51/132] loss: 0.0002 psnr: 37.76 dB  msssim: 0.9885
epoch [925/1200] batch [101/132] loss: 0.0003 psnr: 37.68 dB  msssim: 0.9881
epoch [925/1200] batch [132/132] loss: 0.0001 psnr: 37.67 dB  msssim: 0.9881
======  Epoch 925 完成 ======LOSS: 0.0002 | PSNR: 37.67 dB | BEST: 37.68 dB | MSSSIM: 0.9881 | TIME: 60.32秒 | LR: 9.459e-04
epoch [926/1200] batch [1/132] loss: 0.0002 psnr: 36.56 dB  msssim: 0.9862
epoch [926/1200] batch [51/132] loss: 0.0002 psnr: 37.77 dB  msssim: 0.9886
epoch [926/1200] batch [101/132] loss: 0.0003 psnr: 37.77 dB  msssim: 0.9885
epoch [926/1200] batch [132/132] loss: 0.0003 psnr: 37.67 dB  msssim: 0.9881
======  Epoch 926 完成 ======LOSS: 0.0002 | PSNR: 37.67 dB | BEST: 37.68 dB | MSSSIM: 0.9881 | TIME: 60.33秒 | LR: 9.395e-04
epoch [927/1200] batch [1/132] loss: 0.0003 psnr: 35.74 dB  msssim: 0.9837
epoch [927/1200] batch [51/132] loss: 0.0002 psnr: 37.94 dB  msssim: 0.9889
epoch [927/1200] batch [101/132] loss: 0.0001 psnr: 37.77 dB  msssim: 0.9884
epoch [927/1200] batch [132/132] loss: 0.0003 psnr: 37.68 dB  msssim: 0.9881
======  Epoch 927 完成 ======LOSS: 0.0002 | PSNR: 37.68 dB | BEST: 37.68 dB | MSSSIM: 0.9881 | TIME: 60.43秒 | LR: 9.331e-04
epoch [928/1200] batch [1/132] loss: 0.0002 psnr: 37.61 dB  msssim: 0.9896
epoch [928/1200] batch [51/132] loss: 0.0001 psnr: 37.30 dB  msssim: 0.9872
epoch [928/1200] batch [101/132] loss: 0.0001 psnr: 37.37 dB  msssim: 0.9873
epoch [928/1200] batch [132/132] loss: 0.0001 psnr: 37.66 dB  msssim: 0.9881
======  Epoch 928 完成 ======LOSS: 0.0002 | PSNR: 37.66 dB | BEST: 37.68 dB | MSSSIM: 0.9881 | TIME: 60.28秒 | LR: 9.267e-04
epoch [929/1200] batch [1/132] loss: 0.0002 psnr: 36.76 dB  msssim: 0.9867
epoch [929/1200] batch [51/132] loss: 0.0001 psnr: 37.70 dB  msssim: 0.9882
epoch [929/1200] batch [101/132] loss: 0.0002 psnr: 37.67 dB  msssim: 0.9880
epoch [929/1200] batch [132/132] loss: 0.0001 psnr: 37.66 dB  msssim: 0.9881
======  Epoch 929 完成 ======LOSS: 0.0002 | PSNR: 37.66 dB | BEST: 37.68 dB | MSSSIM: 0.9881 | TIME: 60.36秒 | LR: 9.204e-04
epoch [930/1200] batch [1/132] loss: 0.0002 psnr: 36.29 dB  msssim: 0.9861
epoch [930/1200] batch [51/132] loss: 0.0002 psnr: 38.04 dB  msssim: 0.9892
epoch [930/1200] batch [101/132] loss: 0.0002 psnr: 37.71 dB  msssim: 0.9882
epoch [930/1200] batch [132/132] loss: 0.0002 psnr: 37.67 dB  msssim: 0.9881
======  Epoch 930 完成 ======LOSS: 0.0002 | PSNR: 37.67 dB | BEST: 37.68 dB | MSSSIM: 0.9881 | TIME: 60.35秒 | LR: 9.141e-04
epoch [931/1200] batch [1/132] loss: 0.0001 psnr: 39.08 dB  msssim: 0.9924
epoch [931/1200] batch [51/132] loss: 0.0003 psnr: 37.40 dB  msssim: 0.9874
epoch [931/1200] batch [101/132] loss: 0.0001 psnr: 37.73 dB  msssim: 0.9882
epoch [931/1200] batch [132/132] loss: 0.0003 psnr: 37.68 dB  msssim: 0.9881
======  Epoch 931 完成 ======LOSS: 0.0002 | PSNR: 37.68 dB | BEST: 37.68 dB | MSSSIM: 0.9881 | TIME: 60.35秒 | LR: 9.077e-04
epoch [932/1200] batch [1/132] loss: 0.0003 psnr: 34.75 dB  msssim: 0.9779
epoch [932/1200] batch [51/132] loss: 0.0003 psnr: 37.59 dB  msssim: 0.9878
epoch [932/1200] batch [101/132] loss: 0.0001 psnr: 37.68 dB  msssim: 0.9882
epoch [932/1200] batch [132/132] loss: 0.0001 psnr: 37.67 dB  msssim: 0.9881
======  Epoch 932 完成 ======LOSS: 0.0002 | PSNR: 37.67 dB | BEST: 37.68 dB | MSSSIM: 0.9881 | TIME: 60.41秒 | LR: 9.015e-04
epoch [933/1200] batch [1/132] loss: 0.0003 psnr: 34.62 dB  msssim: 0.9771
epoch [933/1200] batch [51/132] loss: 0.0003 psnr: 37.35 dB  msssim: 0.9874
epoch [933/1200] batch [101/132] loss: 0.0003 psnr: 37.68 dB  msssim: 0.9882
epoch [933/1200] batch [132/132] loss: 0.0001 psnr: 37.69 dB  msssim: 0.9881
======  Epoch 933 完成 ======LOSS: 0.0002 | PSNR: 37.69 dB | BEST: 37.69 dB | MSSSIM: 0.9881 | TIME: 60.36秒 | LR: 8.952e-04
epoch [934/1200] batch [1/132] loss: 0.0001 psnr: 39.26 dB  msssim: 0.9929
epoch [934/1200] batch [51/132] loss: 0.0002 psnr: 37.30 dB  msssim: 0.9872
epoch [934/1200] batch [101/132] loss: 0.0001 psnr: 37.74 dB  msssim: 0.9883
epoch [934/1200] batch [132/132] loss: 0.0001 psnr: 37.69 dB  msssim: 0.9881
======  Epoch 934 完成 ======LOSS: 0.0002 | PSNR: 37.69 dB | BEST: 37.69 dB | MSSSIM: 0.9881 | TIME: 60.35秒 | LR: 8.889e-04
epoch [935/1200] batch [1/132] loss: 0.0002 psnr: 37.37 dB  msssim: 0.9887
epoch [935/1200] batch [51/132] loss: 0.0001 psnr: 37.93 dB  msssim: 0.9890
epoch [935/1200] batch [101/132] loss: 0.0001 psnr: 37.83 dB  msssim: 0.9885
epoch [935/1200] batch [132/132] loss: 0.0003 psnr: 37.69 dB  msssim: 0.9881
======  Epoch 935 完成 ======LOSS: 0.0002 | PSNR: 37.69 dB | BEST: 37.69 dB | MSSSIM: 0.9881 | TIME: 60.41秒 | LR: 8.827e-04
epoch [936/1200] batch [1/132] loss: 0.0003 psnr: 35.00 dB  msssim: 0.9794
epoch [936/1200] batch [51/132] loss: 0.0003 psnr: 37.58 dB  msssim: 0.9881
epoch [936/1200] batch [101/132] loss: 0.0003 psnr: 37.80 dB  msssim: 0.9885
epoch [936/1200] batch [132/132] loss: 0.0001 psnr: 37.68 dB  msssim: 0.9881
======  Epoch 936 完成 ======LOSS: 0.0002 | PSNR: 37.68 dB | BEST: 37.69 dB | MSSSIM: 0.9881 | TIME: 60.58秒 | LR: 8.764e-04
epoch [937/1200] batch [1/132] loss: 0.0002 psnr: 37.57 dB  msssim: 0.9892
epoch [937/1200] batch [51/132] loss: 0.0002 psnr: 37.96 dB  msssim: 0.9888
epoch [937/1200] batch [101/132] loss: 0.0001 psnr: 37.80 dB  msssim: 0.9884
epoch [937/1200] batch [132/132] loss: 0.0003 psnr: 37.68 dB  msssim: 0.9881
======  Epoch 937 完成 ======LOSS: 0.0002 | PSNR: 37.68 dB | BEST: 37.69 dB | MSSSIM: 0.9881 | TIME: 60.50秒 | LR: 8.702e-04
epoch [938/1200] batch [1/132] loss: 0.0002 psnr: 37.12 dB  msssim: 0.9882
epoch [938/1200] batch [51/132] loss: 0.0003 psnr: 37.89 dB  msssim: 0.9889
epoch [938/1200] batch [101/132] loss: 0.0001 psnr: 37.79 dB  msssim: 0.9885
epoch [938/1200] batch [132/132] loss: 0.0002 psnr: 37.70 dB  msssim: 0.9881
======  Epoch 938 完成 ======LOSS: 0.0002 | PSNR: 37.70 dB | BEST: 37.70 dB | MSSSIM: 0.9881 | TIME: 60.42秒 | LR: 8.640e-04
epoch [939/1200] batch [1/132] loss: 0.0003 psnr: 34.69 dB  msssim: 0.9776
epoch [939/1200] batch [51/132] loss: 0.0001 psnr: 37.35 dB  msssim: 0.9872
epoch [939/1200] batch [101/132] loss: 0.0003 psnr: 37.68 dB  msssim: 0.9881
epoch [939/1200] batch [132/132] loss: 0.0001 psnr: 37.70 dB  msssim: 0.9881
======  Epoch 939 完成 ======LOSS: 0.0002 | PSNR: 37.70 dB | BEST: 37.70 dB | MSSSIM: 0.9881 | TIME: 60.40秒 | LR: 8.578e-04
epoch [940/1200] batch [1/132] loss: 0.0002 psnr: 37.07 dB  msssim: 0.9881
epoch [940/1200] batch [51/132] loss: 0.0002 psnr: 37.42 dB  msssim: 0.9874
epoch [940/1200] batch [101/132] loss: 0.0003 psnr: 37.65 dB  msssim: 0.9881
epoch [940/1200] batch [132/132] loss: 0.0003 psnr: 37.69 dB  msssim: 0.9881
======  Epoch 940 完成 ======LOSS: 0.0002 | PSNR: 37.69 dB | BEST: 37.70 dB | MSSSIM: 0.9881 | TIME: 60.41秒 | LR: 8.517e-04
epoch [941/1200] batch [1/132] loss: 0.0001 psnr: 39.65 dB  msssim: 0.9932
epoch [941/1200] batch [51/132] loss: 0.0002 psnr: 37.60 dB  msssim: 0.9880
epoch [941/1200] batch [101/132] loss: 0.0002 psnr: 37.76 dB  msssim: 0.9884
epoch [941/1200] batch [132/132] loss: 0.0001 psnr: 37.69 dB  msssim: 0.9881
======  Epoch 941 完成 ======LOSS: 0.0002 | PSNR: 37.69 dB | BEST: 37.70 dB | MSSSIM: 0.9881 | TIME: 60.47秒 | LR: 8.455e-04
epoch [942/1200] batch [1/132] loss: 0.0002 psnr: 37.96 dB  msssim: 0.9901
epoch [942/1200] batch [51/132] loss: 0.0001 psnr: 38.07 dB  msssim: 0.9890
epoch [942/1200] batch [101/132] loss: 0.0002 psnr: 37.69 dB  msssim: 0.9881
epoch [942/1200] batch [132/132] loss: 0.0002 psnr: 37.70 dB  msssim: 0.9882
======  Epoch 942 完成 ======LOSS: 0.0002 | PSNR: 37.70 dB | BEST: 37.70 dB | MSSSIM: 0.9882 | TIME: 60.43秒 | LR: 8.394e-04
epoch [943/1200] batch [1/132] loss: 0.0003 psnr: 35.39 dB  msssim: 0.9816
epoch [943/1200] batch [51/132] loss: 0.0002 psnr: 37.68 dB  msssim: 0.9884
epoch [943/1200] batch [101/132] loss: 0.0001 psnr: 37.70 dB  msssim: 0.9882
epoch [943/1200] batch [132/132] loss: 0.0001 psnr: 37.70 dB  msssim: 0.9881
======  Epoch 943 完成 ======LOSS: 0.0002 | PSNR: 37.70 dB | BEST: 37.70 dB | MSSSIM: 0.9881 | TIME: 60.30秒 | LR: 8.333e-04
epoch [944/1200] batch [1/132] loss: 0.0002 psnr: 36.32 dB  msssim: 0.9861
epoch [944/1200] batch [51/132] loss: 0.0003 psnr: 37.51 dB  msssim: 0.9876
epoch [944/1200] batch [101/132] loss: 0.0001 psnr: 37.70 dB  msssim: 0.9880
epoch [944/1200] batch [132/132] loss: 0.0002 psnr: 37.71 dB  msssim: 0.9882
======  Epoch 944 完成 ======LOSS: 0.0002 | PSNR: 37.71 dB | BEST: 37.71 dB | MSSSIM: 0.9882 | TIME: 60.42秒 | LR: 8.272e-04
epoch [945/1200] batch [1/132] loss: 0.0003 psnr: 34.90 dB  msssim: 0.9796
epoch [945/1200] batch [51/132] loss: 0.0004 psnr: 37.80 dB  msssim: 0.9884
epoch [945/1200] batch [101/132] loss: 0.0001 psnr: 37.70 dB  msssim: 0.9882
epoch [945/1200] batch [132/132] loss: 0.0003 psnr: 37.70 dB  msssim: 0.9882
======  Epoch 945 完成 ======LOSS: 0.0002 | PSNR: 37.70 dB | BEST: 37.71 dB | MSSSIM: 0.9882 | TIME: 60.41秒 | LR: 8.211e-04
epoch [946/1200] batch [1/132] loss: 0.0003 psnr: 34.94 dB  msssim: 0.9792
epoch [946/1200] batch [51/132] loss: 0.0001 psnr: 37.89 dB  msssim: 0.9886
epoch [946/1200] batch [101/132] loss: 0.0002 psnr: 37.66 dB  msssim: 0.9880
epoch [946/1200] batch [132/132] loss: 0.0003 psnr: 37.70 dB  msssim: 0.9882
======  Epoch 946 完成 ======LOSS: 0.0002 | PSNR: 37.70 dB | BEST: 37.71 dB | MSSSIM: 0.9882 | TIME: 60.38秒 | LR: 8.151e-04
epoch [947/1200] batch [1/132] loss: 0.0002 psnr: 36.61 dB  msssim: 0.9863
epoch [947/1200] batch [51/132] loss: 0.0002 psnr: 37.82 dB  msssim: 0.9885
epoch [947/1200] batch [101/132] loss: 0.0001 psnr: 37.47 dB  msssim: 0.9875
epoch [947/1200] batch [132/132] loss: 0.0001 psnr: 37.70 dB  msssim: 0.9882
======  Epoch 947 完成 ======LOSS: 0.0002 | PSNR: 37.70 dB | BEST: 37.71 dB | MSSSIM: 0.9882 | TIME: 60.37秒 | LR: 8.091e-04
epoch [948/1200] batch [1/132] loss: 0.0001 psnr: 40.38 dB  msssim: 0.9947
epoch [948/1200] batch [51/132] loss: 0.0002 psnr: 38.07 dB  msssim: 0.9893
epoch [948/1200] batch [101/132] loss: 0.0003 psnr: 37.67 dB  msssim: 0.9881
epoch [948/1200] batch [132/132] loss: 0.0001 psnr: 37.70 dB  msssim: 0.9881
======  Epoch 948 完成 ======LOSS: 0.0002 | PSNR: 37.70 dB | BEST: 37.71 dB | MSSSIM: 0.9881 | TIME: 60.40秒 | LR: 8.030e-04
epoch [949/1200] batch [1/132] loss: 0.0003 psnr: 35.12 dB  msssim: 0.9806
epoch [949/1200] batch [51/132] loss: 0.0001 psnr: 38.17 dB  msssim: 0.9895
epoch [949/1200] batch [101/132] loss: 0.0003 psnr: 37.89 dB  msssim: 0.9887
epoch [949/1200] batch [132/132] loss: 0.0001 psnr: 37.71 dB  msssim: 0.9882
======  Epoch 949 完成 ======LOSS: 0.0002 | PSNR: 37.71 dB | BEST: 37.71 dB | MSSSIM: 0.9882 | TIME: 60.33秒 | LR: 7.970e-04
epoch [950/1200] batch [1/132] loss: 0.0003 psnr: 35.89 dB  msssim: 0.9839
epoch [950/1200] batch [51/132] loss: 0.0003 psnr: 37.20 dB  msssim: 0.9869
epoch [950/1200] batch [101/132] loss: 0.0001 psnr: 37.45 dB  msssim: 0.9875
epoch [950/1200] batch [132/132] loss: 0.0001 psnr: 37.70 dB  msssim: 0.9882
======  Epoch 950 完成 ======LOSS: 0.0002 | PSNR: 37.70 dB | BEST: 37.71 dB | MSSSIM: 0.9882 | TIME: 60.29秒 | LR: 7.911e-04
Step [1/132] | Val PSNR: 36.70 dB | Val MSSSIM: 0.9871 | FPS: 86.23
Step [51/132] | Val PSNR: 35.81 dB | Val MSSSIM: 0.9830 | FPS: 226.32
Step [101/132] | Val PSNR: 37.06 dB | Val MSSSIM: 0.9866 | FPS: 227.19
Step [132/132] | Val PSNR: 37.76 dB | Val MSSSIM: 0.9883 | FPS: 224.54
== Epoch 950 测试完成 == PSNR: 37.76 dB | BEST: 37.71 dB | MSSSIM: 0.9883 | TIME: 18.69秒 | 
epoch [951/1200] batch [1/132] loss: 0.0002 psnr: 36.42 dB  msssim: 0.9863
epoch [951/1200] batch [51/132] loss: 0.0001 psnr: 38.18 dB  msssim: 0.9896
epoch [951/1200] batch [101/132] loss: 0.0003 psnr: 37.78 dB  msssim: 0.9884
epoch [951/1200] batch [132/132] loss: 0.0001 psnr: 37.70 dB  msssim: 0.9882
======  Epoch 951 完成 ======LOSS: 0.0002 | PSNR: 37.70 dB | BEST: 37.71 dB | MSSSIM: 0.9882 | TIME: 60.31秒 | LR: 7.851e-04
epoch [952/1200] batch [1/132] loss: 0.0002 psnr: 36.75 dB  msssim: 0.9872
epoch [952/1200] batch [51/132] loss: 0.0004 psnr: 37.82 dB  msssim: 0.9882
epoch [952/1200] batch [101/132] loss: 0.0002 psnr: 37.67 dB  msssim: 0.9880
epoch [952/1200] batch [132/132] loss: 0.0003 psnr: 37.71 dB  msssim: 0.9882
======  Epoch 952 完成 ======LOSS: 0.0002 | PSNR: 37.71 dB | BEST: 37.71 dB | MSSSIM: 0.9882 | TIME: 60.40秒 | LR: 7.792e-04
epoch [953/1200] batch [1/132] loss: 0.0003 psnr: 35.04 dB  msssim: 0.9795
epoch [953/1200] batch [51/132] loss: 0.0002 psnr: 38.04 dB  msssim: 0.9890
epoch [953/1200] batch [101/132] loss: 0.0003 psnr: 37.67 dB  msssim: 0.9881
epoch [953/1200] batch [132/132] loss: 0.0001 psnr: 37.71 dB  msssim: 0.9882
======  Epoch 953 完成 ======LOSS: 0.0002 | PSNR: 37.71 dB | BEST: 37.71 dB | MSSSIM: 0.9882 | TIME: 60.29秒 | LR: 7.732e-04
epoch [954/1200] batch [1/132] loss: 0.0001 psnr: 40.24 dB  msssim: 0.9944
epoch [954/1200] batch [51/132] loss: 0.0003 psnr: 37.84 dB  msssim: 0.9884
epoch [954/1200] batch [101/132] loss: 0.0003 psnr: 37.68 dB  msssim: 0.9881
epoch [954/1200] batch [132/132] loss: 0.0001 psnr: 37.71 dB  msssim: 0.9882
======  Epoch 954 完成 ======LOSS: 0.0002 | PSNR: 37.71 dB | BEST: 37.71 dB | MSSSIM: 0.9882 | TIME: 60.41秒 | LR: 7.673e-04
epoch [955/1200] batch [1/132] loss: 0.0001 psnr: 40.53 dB  msssim: 0.9949
epoch [955/1200] batch [51/132] loss: 0.0002 psnr: 38.03 dB  msssim: 0.9891
epoch [955/1200] batch [101/132] loss: 0.0002 psnr: 37.83 dB  msssim: 0.9885
epoch [955/1200] batch [132/132] loss: 0.0003 psnr: 37.71 dB  msssim: 0.9882
======  Epoch 955 完成 ======LOSS: 0.0002 | PSNR: 37.71 dB | BEST: 37.71 dB | MSSSIM: 0.9882 | TIME: 60.34秒 | LR: 7.614e-04
epoch [956/1200] batch [1/132] loss: 0.0001 psnr: 40.58 dB  msssim: 0.9945
epoch [956/1200] batch [51/132] loss: 0.0001 psnr: 38.12 dB  msssim: 0.9895
epoch [956/1200] batch [101/132] loss: 0.0001 psnr: 37.67 dB  msssim: 0.9881
epoch [956/1200] batch [132/132] loss: 0.0001 psnr: 37.72 dB  msssim: 0.9882
======  Epoch 956 完成 ======LOSS: 0.0002 | PSNR: 37.72 dB | BEST: 37.72 dB | MSSSIM: 0.9882 | TIME: 60.40秒 | LR: 7.556e-04
epoch [957/1200] batch [1/132] loss: 0.0002 psnr: 36.19 dB  msssim: 0.9849
epoch [957/1200] batch [51/132] loss: 0.0001 psnr: 37.79 dB  msssim: 0.9885
epoch [957/1200] batch [101/132] loss: 0.0003 psnr: 37.63 dB  msssim: 0.9880
epoch [957/1200] batch [132/132] loss: 0.0001 psnr: 37.72 dB  msssim: 0.9882
======  Epoch 957 完成 ======LOSS: 0.0002 | PSNR: 37.72 dB | BEST: 37.72 dB | MSSSIM: 0.9882 | TIME: 60.39秒 | LR: 7.497e-04
epoch [958/1200] batch [1/132] loss: 0.0003 psnr: 34.74 dB  msssim: 0.9781
epoch [958/1200] batch [51/132] loss: 0.0002 psnr: 37.51 dB  msssim: 0.9878
epoch [958/1200] batch [101/132] loss: 0.0003 psnr: 37.65 dB  msssim: 0.9881
epoch [958/1200] batch [132/132] loss: 0.0003 psnr: 37.72 dB  msssim: 0.9882
======  Epoch 958 完成 ======LOSS: 0.0002 | PSNR: 37.72 dB | BEST: 37.72 dB | MSSSIM: 0.9882 | TIME: 60.36秒 | LR: 7.439e-04
epoch [959/1200] batch [1/132] loss: 0.0003 psnr: 35.21 dB  msssim: 0.9811
epoch [959/1200] batch [51/132] loss: 0.0003 psnr: 37.70 dB  msssim: 0.9883
epoch [959/1200] batch [101/132] loss: 0.0001 psnr: 37.79 dB  msssim: 0.9884
epoch [959/1200] batch [132/132] loss: 0.0003 psnr: 37.72 dB  msssim: 0.9882
======  Epoch 959 完成 ======LOSS: 0.0002 | PSNR: 37.72 dB | BEST: 37.72 dB | MSSSIM: 0.9882 | TIME: 60.33秒 | LR: 7.381e-04
epoch [960/1200] batch [1/132] loss: 0.0002 psnr: 37.32 dB  msssim: 0.9888
epoch [960/1200] batch [51/132] loss: 0.0001 psnr: 37.40 dB  msssim: 0.9874
epoch [960/1200] batch [101/132] loss: 0.0003 psnr: 37.77 dB  msssim: 0.9883
epoch [960/1200] batch [132/132] loss: 0.0003 psnr: 37.72 dB  msssim: 0.9882
======  Epoch 960 完成 ======LOSS: 0.0002 | PSNR: 37.72 dB | BEST: 37.72 dB | MSSSIM: 0.9882 | TIME: 60.34秒 | LR: 7.323e-04
epoch [961/1200] batch [1/132] loss: 0.0001 psnr: 39.69 dB  msssim: 0.9932
epoch [961/1200] batch [51/132] loss: 0.0002 psnr: 37.82 dB  msssim: 0.9884
epoch [961/1200] batch [101/132] loss: 0.0001 psnr: 37.80 dB  msssim: 0.9883
epoch [961/1200] batch [132/132] loss: 0.0003 psnr: 37.72 dB  msssim: 0.9882
======  Epoch 961 完成 ======LOSS: 0.0002 | PSNR: 37.72 dB | BEST: 37.72 dB | MSSSIM: 0.9882 | TIME: 60.49秒 | LR: 7.265e-04
epoch [962/1200] batch [1/132] loss: 0.0003 psnr: 35.80 dB  msssim: 0.9833
epoch [962/1200] batch [51/132] loss: 0.0003 psnr: 37.79 dB  msssim: 0.9885
epoch [962/1200] batch [101/132] loss: 0.0001 psnr: 37.62 dB  msssim: 0.9879
epoch [962/1200] batch [132/132] loss: 0.0002 psnr: 37.72 dB  msssim: 0.9882
======  Epoch 962 完成 ======LOSS: 0.0002 | PSNR: 37.72 dB | BEST: 37.72 dB | MSSSIM: 0.9882 | TIME: 60.26秒 | LR: 7.207e-04
epoch [963/1200] batch [1/132] loss: 0.0001 psnr: 40.38 dB  msssim: 0.9942
epoch [963/1200] batch [51/132] loss: 0.0003 psnr: 37.60 dB  msssim: 0.9880
epoch [963/1200] batch [101/132] loss: 0.0001 psnr: 37.79 dB  msssim: 0.9885
epoch [963/1200] batch [132/132] loss: 0.0001 psnr: 37.72 dB  msssim: 0.9882
======  Epoch 963 完成 ======LOSS: 0.0002 | PSNR: 37.72 dB | BEST: 37.72 dB | MSSSIM: 0.9882 | TIME: 60.35秒 | LR: 7.150e-04
epoch [964/1200] batch [1/132] loss: 0.0003 psnr: 35.79 dB  msssim: 0.9839
epoch [964/1200] batch [51/132] loss: 0.0002 psnr: 37.50 dB  msssim: 0.9876
epoch [964/1200] batch [101/132] loss: 0.0003 psnr: 37.69 dB  msssim: 0.9882
epoch [964/1200] batch [132/132] loss: 0.0003 psnr: 37.73 dB  msssim: 0.9882
======  Epoch 964 完成 ======LOSS: 0.0002 | PSNR: 37.73 dB | BEST: 37.73 dB | MSSSIM: 0.9882 | TIME: 60.34秒 | LR: 7.093e-04
epoch [965/1200] batch [1/132] loss: 0.0002 psnr: 37.14 dB  msssim: 0.9882
epoch [965/1200] batch [51/132] loss: 0.0003 psnr: 37.65 dB  msssim: 0.9880
epoch [965/1200] batch [101/132] loss: 0.0003 psnr: 37.62 dB  msssim: 0.9879
epoch [965/1200] batch [132/132] loss: 0.0001 psnr: 37.72 dB  msssim: 0.9882
======  Epoch 965 完成 ======LOSS: 0.0002 | PSNR: 37.72 dB | BEST: 37.73 dB | MSSSIM: 0.9882 | TIME: 60.39秒 | LR: 7.036e-04
epoch [966/1200] batch [1/132] loss: 0.0002 psnr: 36.02 dB  msssim: 0.9845
epoch [966/1200] batch [51/132] loss: 0.0001 psnr: 37.22 dB  msssim: 0.9870
epoch [966/1200] batch [101/132] loss: 0.0002 psnr: 37.58 dB  msssim: 0.9879
epoch [966/1200] batch [132/132] loss: 0.0002 psnr: 37.72 dB  msssim: 0.9882
======  Epoch 966 完成 ======LOSS: 0.0002 | PSNR: 37.72 dB | BEST: 37.73 dB | MSSSIM: 0.9882 | TIME: 60.42秒 | LR: 6.979e-04
epoch [967/1200] batch [1/132] loss: 0.0002 psnr: 36.55 dB  msssim: 0.9866
epoch [967/1200] batch [51/132] loss: 0.0001 psnr: 37.99 dB  msssim: 0.9890
epoch [967/1200] batch [101/132] loss: 0.0003 psnr: 37.83 dB  msssim: 0.9885
epoch [967/1200] batch [132/132] loss: 0.0003 psnr: 37.72 dB  msssim: 0.9882
======  Epoch 967 完成 ======LOSS: 0.0002 | PSNR: 37.72 dB | BEST: 37.73 dB | MSSSIM: 0.9882 | TIME: 60.44秒 | LR: 6.922e-04
epoch [968/1200] batch [1/132] loss: 0.0003 psnr: 35.72 dB  msssim: 0.9836
epoch [968/1200] batch [51/132] loss: 0.0001 psnr: 37.75 dB  msssim: 0.9885
epoch [968/1200] batch [101/132] loss: 0.0001 psnr: 37.72 dB  msssim: 0.9882
epoch [968/1200] batch [132/132] loss: 0.0003 psnr: 37.72 dB  msssim: 0.9882
======  Epoch 968 完成 ======LOSS: 0.0002 | PSNR: 37.72 dB | BEST: 37.73 dB | MSSSIM: 0.9882 | TIME: 60.54秒 | LR: 6.866e-04
epoch [969/1200] batch [1/132] loss: 0.0003 psnr: 35.15 dB  msssim: 0.9807
epoch [969/1200] batch [51/132] loss: 0.0002 psnr: 37.59 dB  msssim: 0.9879
epoch [969/1200] batch [101/132] loss: 0.0003 psnr: 37.79 dB  msssim: 0.9884
epoch [969/1200] batch [132/132] loss: 0.0003 psnr: 37.72 dB  msssim: 0.9882
======  Epoch 969 完成 ======LOSS: 0.0002 | PSNR: 37.72 dB | BEST: 37.73 dB | MSSSIM: 0.9882 | TIME: 60.40秒 | LR: 6.810e-04
epoch [970/1200] batch [1/132] loss: 0.0001 psnr: 40.28 dB  msssim: 0.9940
epoch [970/1200] batch [51/132] loss: 0.0001 psnr: 37.56 dB  msssim: 0.9877
epoch [970/1200] batch [101/132] loss: 0.0001 psnr: 37.75 dB  msssim: 0.9882
epoch [970/1200] batch [132/132] loss: 0.0003 psnr: 37.73 dB  msssim: 0.9882
======  Epoch 970 完成 ======LOSS: 0.0002 | PSNR: 37.73 dB | BEST: 37.73 dB | MSSSIM: 0.9882 | TIME: 60.34秒 | LR: 6.754e-04
epoch [971/1200] batch [1/132] loss: 0.0003 psnr: 35.66 dB  msssim: 0.9832
epoch [971/1200] batch [51/132] loss: 0.0001 psnr: 37.45 dB  msssim: 0.9874
epoch [971/1200] batch [101/132] loss: 0.0001 psnr: 37.74 dB  msssim: 0.9882
epoch [971/1200] batch [132/132] loss: 0.0002 psnr: 37.73 dB  msssim: 0.9882
======  Epoch 971 完成 ======LOSS: 0.0002 | PSNR: 37.73 dB | BEST: 37.73 dB | MSSSIM: 0.9882 | TIME: 60.33秒 | LR: 6.698e-04
epoch [972/1200] batch [1/132] loss: 0.0003 psnr: 35.95 dB  msssim: 0.9842
epoch [972/1200] batch [51/132] loss: 0.0001 psnr: 37.73 dB  msssim: 0.9881
epoch [972/1200] batch [101/132] loss: 0.0004 psnr: 37.80 dB  msssim: 0.9884
epoch [972/1200] batch [132/132] loss: 0.0002 psnr: 37.73 dB  msssim: 0.9882
======  Epoch 972 完成 ======LOSS: 0.0002 | PSNR: 37.73 dB | BEST: 37.73 dB | MSSSIM: 0.9882 | TIME: 60.42秒 | LR: 6.642e-04
epoch [973/1200] batch [1/132] loss: 0.0002 psnr: 37.25 dB  msssim: 0.9882
epoch [973/1200] batch [51/132] loss: 0.0001 psnr: 37.91 dB  msssim: 0.9885
epoch [973/1200] batch [101/132] loss: 0.0002 psnr: 37.73 dB  msssim: 0.9883
epoch [973/1200] batch [132/132] loss: 0.0004 psnr: 37.74 dB  msssim: 0.9882
======  Epoch 973 完成 ======LOSS: 0.0002 | PSNR: 37.74 dB | BEST: 37.74 dB | MSSSIM: 0.9882 | TIME: 60.39秒 | LR: 6.587e-04
epoch [974/1200] batch [1/132] loss: 0.0003 psnr: 35.62 dB  msssim: 0.9827
epoch [974/1200] batch [51/132] loss: 0.0001 psnr: 37.74 dB  msssim: 0.9882
epoch [974/1200] batch [101/132] loss: 0.0001 psnr: 37.78 dB  msssim: 0.9883
epoch [974/1200] batch [132/132] loss: 0.0003 psnr: 37.73 dB  msssim: 0.9882
======  Epoch 974 完成 ======LOSS: 0.0002 | PSNR: 37.73 dB | BEST: 37.74 dB | MSSSIM: 0.9882 | TIME: 60.41秒 | LR: 6.532e-04
epoch [975/1200] batch [1/132] loss: 0.0001 psnr: 40.52 dB  msssim: 0.9949
epoch [975/1200] batch [51/132] loss: 0.0001 psnr: 38.18 dB  msssim: 0.9893
epoch [975/1200] batch [101/132] loss: 0.0001 psnr: 38.01 dB  msssim: 0.9890
epoch [975/1200] batch [132/132] loss: 0.0001 psnr: 37.74 dB  msssim: 0.9882
======  Epoch 975 完成 ======LOSS: 0.0002 | PSNR: 37.74 dB | BEST: 37.74 dB | MSSSIM: 0.9882 | TIME: 60.39秒 | LR: 6.477e-04
epoch [976/1200] batch [1/132] loss: 0.0003 psnr: 34.72 dB  msssim: 0.9777
epoch [976/1200] batch [51/132] loss: 0.0001 psnr: 37.55 dB  msssim: 0.9876
epoch [976/1200] batch [101/132] loss: 0.0001 psnr: 37.64 dB  msssim: 0.9880
epoch [976/1200] batch [132/132] loss: 0.0001 psnr: 37.73 dB  msssim: 0.9882
======  Epoch 976 完成 ======LOSS: 0.0002 | PSNR: 37.73 dB | BEST: 37.74 dB | MSSSIM: 0.9882 | TIME: 60.43秒 | LR: 6.422e-04
epoch [977/1200] batch [1/132] loss: 0.0001 psnr: 39.96 dB  msssim: 0.9937
epoch [977/1200] batch [51/132] loss: 0.0003 psnr: 37.29 dB  msssim: 0.9871
epoch [977/1200] batch [101/132] loss: 0.0003 psnr: 37.68 dB  msssim: 0.9880
epoch [977/1200] batch [132/132] loss: 0.0001 psnr: 37.73 dB  msssim: 0.9882
======  Epoch 977 完成 ======LOSS: 0.0002 | PSNR: 37.73 dB | BEST: 37.74 dB | MSSSIM: 0.9882 | TIME: 60.33秒 | LR: 6.367e-04
epoch [978/1200] batch [1/132] loss: 0.0002 psnr: 38.15 dB  msssim: 0.9904
epoch [978/1200] batch [51/132] loss: 0.0003 psnr: 37.50 dB  msssim: 0.9878
epoch [978/1200] batch [101/132] loss: 0.0002 psnr: 37.70 dB  msssim: 0.9882
epoch [978/1200] batch [132/132] loss: 0.0001 psnr: 37.73 dB  msssim: 0.9882
======  Epoch 978 完成 ======LOSS: 0.0002 | PSNR: 37.73 dB | BEST: 37.74 dB | MSSSIM: 0.9882 | TIME: 60.40秒 | LR: 6.313e-04
epoch [979/1200] batch [1/132] loss: 0.0001 psnr: 39.64 dB  msssim: 0.9931
epoch [979/1200] batch [51/132] loss: 0.0003 psnr: 37.72 dB  msssim: 0.9881
epoch [979/1200] batch [101/132] loss: 0.0001 psnr: 37.79 dB  msssim: 0.9883
epoch [979/1200] batch [132/132] loss: 0.0001 psnr: 37.74 dB  msssim: 0.9883
======  Epoch 979 完成 ======LOSS: 0.0002 | PSNR: 37.74 dB | BEST: 37.74 dB | MSSSIM: 0.9883 | TIME: 60.40秒 | LR: 6.258e-04
epoch [980/1200] batch [1/132] loss: 0.0002 psnr: 36.33 dB  msssim: 0.9862
epoch [980/1200] batch [51/132] loss: 0.0001 psnr: 38.05 dB  msssim: 0.9892
epoch [980/1200] batch [101/132] loss: 0.0003 psnr: 37.74 dB  msssim: 0.9883
epoch [980/1200] batch [132/132] loss: 0.0002 psnr: 37.74 dB  msssim: 0.9882
======  Epoch 980 完成 ======LOSS: 0.0002 | PSNR: 37.74 dB | BEST: 37.74 dB | MSSSIM: 0.9882 | TIME: 60.37秒 | LR: 6.204e-04
epoch [981/1200] batch [1/132] loss: 0.0002 psnr: 36.82 dB  msssim: 0.9869
epoch [981/1200] batch [51/132] loss: 0.0002 psnr: 37.54 dB  msssim: 0.9876
epoch [981/1200] batch [101/132] loss: 0.0003 psnr: 37.57 dB  msssim: 0.9877
epoch [981/1200] batch [132/132] loss: 0.0001 psnr: 37.74 dB  msssim: 0.9883
======  Epoch 981 完成 ======LOSS: 0.0002 | PSNR: 37.74 dB | BEST: 37.74 dB | MSSSIM: 0.9883 | TIME: 60.36秒 | LR: 6.151e-04
epoch [982/1200] batch [1/132] loss: 0.0001 psnr: 40.00 dB  msssim: 0.9936
epoch [982/1200] batch [51/132] loss: 0.0002 psnr: 37.59 dB  msssim: 0.9879
epoch [982/1200] batch [101/132] loss: 0.0001 psnr: 37.81 dB  msssim: 0.9884
epoch [982/1200] batch [132/132] loss: 0.0002 psnr: 37.74 dB  msssim: 0.9883
======  Epoch 982 完成 ======LOSS: 0.0002 | PSNR: 37.74 dB | BEST: 37.74 dB | MSSSIM: 0.9883 | TIME: 60.32秒 | LR: 6.097e-04
epoch [983/1200] batch [1/132] loss: 0.0001 psnr: 39.67 dB  msssim: 0.9930
epoch [983/1200] batch [51/132] loss: 0.0002 psnr: 37.84 dB  msssim: 0.9886
epoch [983/1200] batch [101/132] loss: 0.0002 psnr: 37.80 dB  msssim: 0.9884
epoch [983/1200] batch [132/132] loss: 0.0002 psnr: 37.75 dB  msssim: 0.9883
======  Epoch 983 完成 ======LOSS: 0.0002 | PSNR: 37.75 dB | BEST: 37.75 dB | MSSSIM: 0.9883 | TIME: 60.41秒 | LR: 6.043e-04
epoch [984/1200] batch [1/132] loss: 0.0001 psnr: 40.40 dB  msssim: 0.9943
epoch [984/1200] batch [51/132] loss: 0.0002 psnr: 37.68 dB  msssim: 0.9881
epoch [984/1200] batch [101/132] loss: 0.0003 psnr: 37.67 dB  msssim: 0.9881
epoch [984/1200] batch [132/132] loss: 0.0003 psnr: 37.75 dB  msssim: 0.9883
======  Epoch 984 完成 ======LOSS: 0.0002 | PSNR: 37.75 dB | BEST: 37.75 dB | MSSSIM: 0.9883 | TIME: 60.32秒 | LR: 5.990e-04
epoch [985/1200] batch [1/132] loss: 0.0003 psnr: 35.24 dB  msssim: 0.9803
epoch [985/1200] batch [51/132] loss: 0.0001 psnr: 37.80 dB  msssim: 0.9884
epoch [985/1200] batch [101/132] loss: 0.0002 psnr: 37.73 dB  msssim: 0.9882
epoch [985/1200] batch [132/132] loss: 0.0003 psnr: 37.74 dB  msssim: 0.9883
======  Epoch 985 完成 ======LOSS: 0.0002 | PSNR: 37.74 dB | BEST: 37.75 dB | MSSSIM: 0.9883 | TIME: 60.38秒 | LR: 5.937e-04
epoch [986/1200] batch [1/132] loss: 0.0002 psnr: 37.22 dB  msssim: 0.9884
epoch [986/1200] batch [51/132] loss: 0.0003 psnr: 37.57 dB  msssim: 0.9880
epoch [986/1200] batch [101/132] loss: 0.0001 psnr: 37.59 dB  msssim: 0.9878
epoch [986/1200] batch [132/132] loss: 0.0001 psnr: 37.75 dB  msssim: 0.9883
======  Epoch 986 完成 ======LOSS: 0.0002 | PSNR: 37.75 dB | BEST: 37.75 dB | MSSSIM: 0.9883 | TIME: 60.41秒 | LR: 5.884e-04
epoch [987/1200] batch [1/132] loss: 0.0001 psnr: 38.36 dB  msssim: 0.9908
epoch [987/1200] batch [51/132] loss: 0.0001 psnr: 37.55 dB  msssim: 0.9877
epoch [987/1200] batch [101/132] loss: 0.0001 psnr: 37.66 dB  msssim: 0.9880
epoch [987/1200] batch [132/132] loss: 0.0001 psnr: 37.75 dB  msssim: 0.9883
======  Epoch 987 完成 ======LOSS: 0.0002 | PSNR: 37.75 dB | BEST: 37.75 dB | MSSSIM: 0.9883 | TIME: 60.32秒 | LR: 5.832e-04
epoch [988/1200] batch [1/132] loss: 0.0001 psnr: 40.43 dB  msssim: 0.9946
epoch [988/1200] batch [51/132] loss: 0.0001 psnr: 37.85 dB  msssim: 0.9886
epoch [988/1200] batch [101/132] loss: 0.0001 psnr: 37.70 dB  msssim: 0.9881
epoch [988/1200] batch [132/132] loss: 0.0001 psnr: 37.75 dB  msssim: 0.9883
======  Epoch 988 完成 ======LOSS: 0.0002 | PSNR: 37.75 dB | BEST: 37.75 dB | MSSSIM: 0.9883 | TIME: 60.45秒 | LR: 5.779e-04
epoch [989/1200] batch [1/132] loss: 0.0003 psnr: 35.73 dB  msssim: 0.9836
epoch [989/1200] batch [51/132] loss: 0.0002 psnr: 37.59 dB  msssim: 0.9879
epoch [989/1200] batch [101/132] loss: 0.0002 psnr: 37.72 dB  msssim: 0.9882
epoch [989/1200] batch [132/132] loss: 0.0001 psnr: 37.75 dB  msssim: 0.9883
======  Epoch 989 完成 ======LOSS: 0.0002 | PSNR: 37.75 dB | BEST: 37.75 dB | MSSSIM: 0.9883 | TIME: 60.37秒 | LR: 5.727e-04
epoch [990/1200] batch [1/132] loss: 0.0001 psnr: 40.41 dB  msssim: 0.9947
epoch [990/1200] batch [51/132] loss: 0.0003 psnr: 37.81 dB  msssim: 0.9887
epoch [990/1200] batch [101/132] loss: 0.0003 psnr: 37.85 dB  msssim: 0.9887
epoch [990/1200] batch [132/132] loss: 0.0003 psnr: 37.75 dB  msssim: 0.9883
======  Epoch 990 完成 ======LOSS: 0.0002 | PSNR: 37.75 dB | BEST: 37.75 dB | MSSSIM: 0.9883 | TIME: 60.32秒 | LR: 5.675e-04
epoch [991/1200] batch [1/132] loss: 0.0002 psnr: 37.39 dB  msssim: 0.9888
epoch [991/1200] batch [51/132] loss: 0.0003 psnr: 37.79 dB  msssim: 0.9886
epoch [991/1200] batch [101/132] loss: 0.0001 psnr: 37.73 dB  msssim: 0.9882
epoch [991/1200] batch [132/132] loss: 0.0002 psnr: 37.75 dB  msssim: 0.9883
======  Epoch 991 完成 ======LOSS: 0.0002 | PSNR: 37.75 dB | BEST: 37.75 dB | MSSSIM: 0.9883 | TIME: 60.32秒 | LR: 5.623e-04
epoch [992/1200] batch [1/132] loss: 0.0003 psnr: 35.43 dB  msssim: 0.9818
epoch [992/1200] batch [51/132] loss: 0.0002 psnr: 37.89 dB  msssim: 0.9887
epoch [992/1200] batch [101/132] loss: 0.0002 psnr: 37.83 dB  msssim: 0.9885
epoch [992/1200] batch [132/132] loss: 0.0001 psnr: 37.75 dB  msssim: 0.9883
======  Epoch 992 完成 ======LOSS: 0.0002 | PSNR: 37.75 dB | BEST: 37.75 dB | MSSSIM: 0.9883 | TIME: 60.41秒 | LR: 5.572e-04
epoch [993/1200] batch [1/132] loss: 0.0002 psnr: 36.27 dB  msssim: 0.9859
epoch [993/1200] batch [51/132] loss: 0.0003 psnr: 37.47 dB  msssim: 0.9877
epoch [993/1200] batch [101/132] loss: 0.0001 psnr: 37.70 dB  msssim: 0.9881
epoch [993/1200] batch [132/132] loss: 0.0003 psnr: 37.75 dB  msssim: 0.9883
======  Epoch 993 完成 ======LOSS: 0.0002 | PSNR: 37.75 dB | BEST: 37.75 dB | MSSSIM: 0.9883 | TIME: 60.40秒 | LR: 5.520e-04
epoch [994/1200] batch [1/132] loss: 0.0001 psnr: 40.20 dB  msssim: 0.9942
epoch [994/1200] batch [51/132] loss: 0.0002 psnr: 37.64 dB  msssim: 0.9881
epoch [994/1200] batch [101/132] loss: 0.0003 psnr: 37.75 dB  msssim: 0.9883
epoch [994/1200] batch [132/132] loss: 0.0002 psnr: 37.75 dB  msssim: 0.9883
======  Epoch 994 完成 ======LOSS: 0.0002 | PSNR: 37.75 dB | BEST: 37.75 dB | MSSSIM: 0.9883 | TIME: 60.32秒 | LR: 5.469e-04
epoch [995/1200] batch [1/132] loss: 0.0002 psnr: 36.74 dB  msssim: 0.9871
epoch [995/1200] batch [51/132] loss: 0.0001 psnr: 37.86 dB  msssim: 0.9885
epoch [995/1200] batch [101/132] loss: 0.0002 psnr: 37.71 dB  msssim: 0.9881
epoch [995/1200] batch [132/132] loss: 0.0002 psnr: 37.75 dB  msssim: 0.9883
======  Epoch 995 完成 ======LOSS: 0.0002 | PSNR: 37.75 dB | BEST: 37.75 dB | MSSSIM: 0.9883 | TIME: 60.38秒 | LR: 5.418e-04
epoch [996/1200] batch [1/132] loss: 0.0003 psnr: 34.74 dB  msssim: 0.9777
epoch [996/1200] batch [51/132] loss: 0.0003 psnr: 37.76 dB  msssim: 0.9881
epoch [996/1200] batch [101/132] loss: 0.0002 psnr: 37.82 dB  msssim: 0.9885
epoch [996/1200] batch [132/132] loss: 0.0003 psnr: 37.76 dB  msssim: 0.9883
======  Epoch 996 完成 ======LOSS: 0.0002 | PSNR: 37.76 dB | BEST: 37.76 dB | MSSSIM: 0.9883 | TIME: 60.31秒 | LR: 5.367e-04
epoch [997/1200] batch [1/132] loss: 0.0003 psnr: 35.37 dB  msssim: 0.9814
epoch [997/1200] batch [51/132] loss: 0.0002 psnr: 37.98 dB  msssim: 0.9890
epoch [997/1200] batch [101/132] loss: 0.0001 psnr: 37.92 dB  msssim: 0.9887
epoch [997/1200] batch [132/132] loss: 0.0003 psnr: 37.76 dB  msssim: 0.9883
======  Epoch 997 完成 ======LOSS: 0.0002 | PSNR: 37.76 dB | BEST: 37.76 dB | MSSSIM: 0.9883 | TIME: 60.33秒 | LR: 5.317e-04
epoch [998/1200] batch [1/132] loss: 0.0001 psnr: 40.48 dB  msssim: 0.9948
epoch [998/1200] batch [51/132] loss: 0.0001 psnr: 38.10 dB  msssim: 0.9891
epoch [998/1200] batch [101/132] loss: 0.0001 psnr: 37.62 dB  msssim: 0.9879
epoch [998/1200] batch [132/132] loss: 0.0001 psnr: 37.75 dB  msssim: 0.9883
======  Epoch 998 完成 ======LOSS: 0.0002 | PSNR: 37.75 dB | BEST: 37.76 dB | MSSSIM: 0.9883 | TIME: 60.46秒 | LR: 5.267e-04
epoch [999/1200] batch [1/132] loss: 0.0001 psnr: 40.47 dB  msssim: 0.9948
epoch [999/1200] batch [51/132] loss: 0.0003 psnr: 37.89 dB  msssim: 0.9887
epoch [999/1200] batch [101/132] loss: 0.0002 psnr: 37.88 dB  msssim: 0.9887
epoch [999/1200] batch [132/132] loss: 0.0002 psnr: 37.76 dB  msssim: 0.9883
======  Epoch 999 完成 ======LOSS: 0.0002 | PSNR: 37.76 dB | BEST: 37.76 dB | MSSSIM: 0.9883 | TIME: 60.47秒 | LR: 5.216e-04
epoch [1000/1200] batch [1/132] loss: 0.0002 psnr: 37.59 dB  msssim: 0.9893
epoch [1000/1200] batch [51/132] loss: 0.0001 psnr: 37.82 dB  msssim: 0.9887
epoch [1000/1200] batch [101/132] loss: 0.0002 psnr: 37.67 dB  msssim: 0.9881
epoch [1000/1200] batch [132/132] loss: 0.0001 psnr: 37.76 dB  msssim: 0.9883
======  Epoch 1000 完成 ======LOSS: 0.0002 | PSNR: 37.76 dB | BEST: 37.76 dB | MSSSIM: 0.9883 | TIME: 60.32秒 | LR: 5.167e-04
Step [1/132] | Val PSNR: 36.69 dB | Val MSSSIM: 0.9870 | FPS: 93.71
Step [51/132] | Val PSNR: 35.87 dB | Val MSSSIM: 0.9831 | FPS: 208.09
Step [101/132] | Val PSNR: 37.11 dB | Val MSSSIM: 0.9867 | FPS: 215.37
Step [132/132] | Val PSNR: 37.81 dB | Val MSSSIM: 0.9884 | FPS: 216.79
== Epoch 1000 测试完成 == PSNR: 37.81 dB | BEST: 37.76 dB | MSSSIM: 0.9884 | TIME: 18.81秒 | 
epoch [1001/1200] batch [1/132] loss: 0.0001 psnr: 40.41 dB  msssim: 0.9947
epoch [1001/1200] batch [51/132] loss: 0.0002 psnr: 37.89 dB  msssim: 0.9887
epoch [1001/1200] batch [101/132] loss: 0.0003 psnr: 37.86 dB  msssim: 0.9886
epoch [1001/1200] batch [132/132] loss: 0.0002 psnr: 37.76 dB  msssim: 0.9883
======  Epoch 1001 完成 ======LOSS: 0.0002 | PSNR: 37.76 dB | BEST: 37.76 dB | MSSSIM: 0.9883 | TIME: 60.40秒 | LR: 5.117e-04
epoch [1002/1200] batch [1/132] loss: 0.0003 psnr: 35.45 dB  msssim: 0.9818
epoch [1002/1200] batch [51/132] loss: 0.0001 psnr: 37.88 dB  msssim: 0.9886
epoch [1002/1200] batch [101/132] loss: 0.0003 psnr: 37.86 dB  msssim: 0.9887
epoch [1002/1200] batch [132/132] loss: 0.0001 psnr: 37.76 dB  msssim: 0.9883
======  Epoch 1002 完成 ======LOSS: 0.0002 | PSNR: 37.76 dB | BEST: 37.76 dB | MSSSIM: 0.9883 | TIME: 60.35秒 | LR: 5.067e-04
epoch [1003/1200] batch [1/132] loss: 0.0003 psnr: 34.77 dB  msssim: 0.9779
epoch [1003/1200] batch [51/132] loss: 0.0002 psnr: 37.59 dB  msssim: 0.9879
epoch [1003/1200] batch [101/132] loss: 0.0003 psnr: 37.78 dB  msssim: 0.9884
epoch [1003/1200] batch [132/132] loss: 0.0001 psnr: 37.76 dB  msssim: 0.9883
======  Epoch 1003 完成 ======LOSS: 0.0002 | PSNR: 37.76 dB | BEST: 37.76 dB | MSSSIM: 0.9883 | TIME: 60.36秒 | LR: 5.018e-04
epoch [1004/1200] batch [1/132] loss: 0.0001 psnr: 39.22 dB  msssim: 0.9925
epoch [1004/1200] batch [51/132] loss: 0.0002 psnr: 37.20 dB  msssim: 0.9868
epoch [1004/1200] batch [101/132] loss: 0.0001 psnr: 37.85 dB  msssim: 0.9886
epoch [1004/1200] batch [132/132] loss: 0.0002 psnr: 37.76 dB  msssim: 0.9883
======  Epoch 1004 完成 ======LOSS: 0.0002 | PSNR: 37.76 dB | BEST: 37.76 dB | MSSSIM: 0.9883 | TIME: 60.39秒 | LR: 4.969e-04
epoch [1005/1200] batch [1/132] loss: 0.0001 psnr: 40.19 dB  msssim: 0.9945
epoch [1005/1200] batch [51/132] loss: 0.0001 psnr: 37.83 dB  msssim: 0.9887
epoch [1005/1200] batch [101/132] loss: 0.0001 psnr: 37.79 dB  msssim: 0.9884
epoch [1005/1200] batch [132/132] loss: 0.0003 psnr: 37.77 dB  msssim: 0.9883
======  Epoch 1005 完成 ======LOSS: 0.0002 | PSNR: 37.77 dB | BEST: 37.77 dB | MSSSIM: 0.9883 | TIME: 60.39秒 | LR: 4.920e-04
epoch [1006/1200] batch [1/132] loss: 0.0001 psnr: 39.20 dB  msssim: 0.9925
epoch [1006/1200] batch [51/132] loss: 0.0003 psnr: 37.67 dB  msssim: 0.9879
epoch [1006/1200] batch [101/132] loss: 0.0003 psnr: 37.75 dB  msssim: 0.9882
epoch [1006/1200] batch [132/132] loss: 0.0002 psnr: 37.77 dB  msssim: 0.9883
======  Epoch 1006 完成 ======LOSS: 0.0002 | PSNR: 37.77 dB | BEST: 37.77 dB | MSSSIM: 0.9883 | TIME: 60.42秒 | LR: 4.872e-04
epoch [1007/1200] batch [1/132] loss: 0.0001 psnr: 40.22 dB  msssim: 0.9944
epoch [1007/1200] batch [51/132] loss: 0.0001 psnr: 37.61 dB  msssim: 0.9880
epoch [1007/1200] batch [101/132] loss: 0.0004 psnr: 37.66 dB  msssim: 0.9880
epoch [1007/1200] batch [132/132] loss: 0.0002 psnr: 37.77 dB  msssim: 0.9883
======  Epoch 1007 完成 ======LOSS: 0.0002 | PSNR: 37.77 dB | BEST: 37.77 dB | MSSSIM: 0.9883 | TIME: 60.31秒 | LR: 4.823e-04
epoch [1008/1200] batch [1/132] loss: 0.0003 psnr: 34.83 dB  msssim: 0.9783
epoch [1008/1200] batch [51/132] loss: 0.0001 psnr: 37.85 dB  msssim: 0.9884
epoch [1008/1200] batch [101/132] loss: 0.0003 psnr: 37.86 dB  msssim: 0.9886
epoch [1008/1200] batch [132/132] loss: 0.0002 psnr: 37.77 dB  msssim: 0.9883
======  Epoch 1008 完成 ======LOSS: 0.0002 | PSNR: 37.77 dB | BEST: 37.77 dB | MSSSIM: 0.9883 | TIME: 60.33秒 | LR: 4.775e-04
epoch [1009/1200] batch [1/132] loss: 0.0003 psnr: 35.78 dB  msssim: 0.9832
epoch [1009/1200] batch [51/132] loss: 0.0002 psnr: 37.92 dB  msssim: 0.9885
epoch [1009/1200] batch [101/132] loss: 0.0003 psnr: 37.82 dB  msssim: 0.9884
epoch [1009/1200] batch [132/132] loss: 0.0002 psnr: 37.77 dB  msssim: 0.9883
======  Epoch 1009 完成 ======LOSS: 0.0002 | PSNR: 37.77 dB | BEST: 37.77 dB | MSSSIM: 0.9883 | TIME: 60.31秒 | LR: 4.727e-04
epoch [1010/1200] batch [1/132] loss: 0.0003 psnr: 35.22 dB  msssim: 0.9810
epoch [1010/1200] batch [51/132] loss: 0.0001 psnr: 37.62 dB  msssim: 0.9880
epoch [1010/1200] batch [101/132] loss: 0.0002 psnr: 37.79 dB  msssim: 0.9884
epoch [1010/1200] batch [132/132] loss: 0.0003 psnr: 37.77 dB  msssim: 0.9883
======  Epoch 1010 完成 ======LOSS: 0.0002 | PSNR: 37.77 dB | BEST: 37.77 dB | MSSSIM: 0.9883 | TIME: 60.37秒 | LR: 4.679e-04
epoch [1011/1200] batch [1/132] loss: 0.0001 psnr: 40.43 dB  msssim: 0.9943
epoch [1011/1200] batch [51/132] loss: 0.0001 psnr: 38.01 dB  msssim: 0.9889
epoch [1011/1200] batch [101/132] loss: 0.0003 psnr: 37.78 dB  msssim: 0.9885
epoch [1011/1200] batch [132/132] loss: 0.0002 psnr: 37.77 dB  msssim: 0.9883
======  Epoch 1011 完成 ======LOSS: 0.0002 | PSNR: 37.77 dB | BEST: 37.77 dB | MSSSIM: 0.9883 | TIME: 60.31秒 | LR: 4.632e-04
epoch [1012/1200] batch [1/132] loss: 0.0001 psnr: 39.53 dB  msssim: 0.9928
epoch [1012/1200] batch [51/132] loss: 0.0002 psnr: 37.35 dB  msssim: 0.9873
epoch [1012/1200] batch [101/132] loss: 0.0002 psnr: 37.70 dB  msssim: 0.9882
epoch [1012/1200] batch [132/132] loss: 0.0002 psnr: 37.77 dB  msssim: 0.9883
======  Epoch 1012 完成 ======LOSS: 0.0002 | PSNR: 37.77 dB | BEST: 37.77 dB | MSSSIM: 0.9883 | TIME: 60.36秒 | LR: 4.584e-04
epoch [1013/1200] batch [1/132] loss: 0.0002 psnr: 38.21 dB  msssim: 0.9905
epoch [1013/1200] batch [51/132] loss: 0.0001 psnr: 37.58 dB  msssim: 0.9878
epoch [1013/1200] batch [101/132] loss: 0.0001 psnr: 37.78 dB  msssim: 0.9884
epoch [1013/1200] batch [132/132] loss: 0.0001 psnr: 37.77 dB  msssim: 0.9883
======  Epoch 1013 完成 ======LOSS: 0.0002 | PSNR: 37.77 dB | BEST: 37.77 dB | MSSSIM: 0.9883 | TIME: 60.39秒 | LR: 4.537e-04
epoch [1014/1200] batch [1/132] loss: 0.0002 psnr: 36.32 dB  msssim: 0.9862
epoch [1014/1200] batch [51/132] loss: 0.0001 psnr: 37.78 dB  msssim: 0.9884
epoch [1014/1200] batch [101/132] loss: 0.0003 psnr: 37.79 dB  msssim: 0.9884
epoch [1014/1200] batch [132/132] loss: 0.0001 psnr: 37.77 dB  msssim: 0.9883
======  Epoch 1014 完成 ======LOSS: 0.0002 | PSNR: 37.77 dB | BEST: 37.77 dB | MSSSIM: 0.9883 | TIME: 60.35秒 | LR: 4.490e-04
epoch [1015/1200] batch [1/132] loss: 0.0001 psnr: 40.33 dB  msssim: 0.9947
epoch [1015/1200] batch [51/132] loss: 0.0001 psnr: 37.67 dB  msssim: 0.9881
epoch [1015/1200] batch [101/132] loss: 0.0002 psnr: 37.65 dB  msssim: 0.9880
epoch [1015/1200] batch [132/132] loss: 0.0001 psnr: 37.77 dB  msssim: 0.9883
======  Epoch 1015 完成 ======LOSS: 0.0002 | PSNR: 37.77 dB | BEST: 37.77 dB | MSSSIM: 0.9883 | TIME: 60.31秒 | LR: 4.444e-04
epoch [1016/1200] batch [1/132] loss: 0.0003 psnr: 35.34 dB  msssim: 0.9811
epoch [1016/1200] batch [51/132] loss: 0.0002 psnr: 37.77 dB  msssim: 0.9884
epoch [1016/1200] batch [101/132] loss: 0.0003 psnr: 37.88 dB  msssim: 0.9885
epoch [1016/1200] batch [132/132] loss: 0.0002 psnr: 37.77 dB  msssim: 0.9883
======  Epoch 1016 完成 ======LOSS: 0.0002 | PSNR: 37.77 dB | BEST: 37.77 dB | MSSSIM: 0.9883 | TIME: 60.46秒 | LR: 4.397e-04
epoch [1017/1200] batch [1/132] loss: 0.0001 psnr: 40.62 dB  msssim: 0.9945
epoch [1017/1200] batch [51/132] loss: 0.0001 psnr: 37.41 dB  msssim: 0.9874
epoch [1017/1200] batch [101/132] loss: 0.0001 psnr: 37.68 dB  msssim: 0.9880
epoch [1017/1200] batch [132/132] loss: 0.0002 psnr: 37.78 dB  msssim: 0.9883
======  Epoch 1017 完成 ======LOSS: 0.0002 | PSNR: 37.78 dB | BEST: 37.78 dB | MSSSIM: 0.9883 | TIME: 60.40秒 | LR: 4.351e-04
epoch [1018/1200] batch [1/132] loss: 0.0001 psnr: 40.44 dB  msssim: 0.9943
epoch [1018/1200] batch [51/132] loss: 0.0001 psnr: 38.06 dB  msssim: 0.9889
epoch [1018/1200] batch [101/132] loss: 0.0001 psnr: 37.81 dB  msssim: 0.9884
epoch [1018/1200] batch [132/132] loss: 0.0003 psnr: 37.78 dB  msssim: 0.9883
======  Epoch 1018 完成 ======LOSS: 0.0002 | PSNR: 37.78 dB | BEST: 37.78 dB | MSSSIM: 0.9883 | TIME: 60.40秒 | LR: 4.305e-04
epoch [1019/1200] batch [1/132] loss: 0.0002 psnr: 36.30 dB  msssim: 0.9861
epoch [1019/1200] batch [51/132] loss: 0.0001 psnr: 37.96 dB  msssim: 0.9888
epoch [1019/1200] batch [101/132] loss: 0.0002 psnr: 37.80 dB  msssim: 0.9884
epoch [1019/1200] batch [132/132] loss: 0.0001 psnr: 37.78 dB  msssim: 0.9883
======  Epoch 1019 完成 ======LOSS: 0.0002 | PSNR: 37.78 dB | BEST: 37.78 dB | MSSSIM: 0.9883 | TIME: 60.29秒 | LR: 4.259e-04
epoch [1020/1200] batch [1/132] loss: 0.0003 psnr: 34.87 dB  msssim: 0.9785
epoch [1020/1200] batch [51/132] loss: 0.0001 psnr: 37.61 dB  msssim: 0.9879
epoch [1020/1200] batch [101/132] loss: 0.0001 psnr: 37.78 dB  msssim: 0.9884
epoch [1020/1200] batch [132/132] loss: 0.0001 psnr: 37.78 dB  msssim: 0.9884
======  Epoch 1020 完成 ======LOSS: 0.0002 | PSNR: 37.78 dB | BEST: 37.78 dB | MSSSIM: 0.9884 | TIME: 60.31秒 | LR: 4.214e-04
epoch [1021/1200] batch [1/132] loss: 0.0003 psnr: 35.45 dB  msssim: 0.9818
epoch [1021/1200] batch [51/132] loss: 0.0002 psnr: 37.93 dB  msssim: 0.9886
epoch [1021/1200] batch [101/132] loss: 0.0001 psnr: 37.91 dB  msssim: 0.9887
epoch [1021/1200] batch [132/132] loss: 0.0003 psnr: 37.78 dB  msssim: 0.9883
======  Epoch 1021 完成 ======LOSS: 0.0002 | PSNR: 37.78 dB | BEST: 37.78 dB | MSSSIM: 0.9883 | TIME: 60.37秒 | LR: 4.168e-04
epoch [1022/1200] batch [1/132] loss: 0.0003 psnr: 34.78 dB  msssim: 0.9781
epoch [1022/1200] batch [51/132] loss: 0.0002 psnr: 37.69 dB  msssim: 0.9882
epoch [1022/1200] batch [101/132] loss: 0.0002 psnr: 37.69 dB  msssim: 0.9882
epoch [1022/1200] batch [132/132] loss: 0.0001 psnr: 37.78 dB  msssim: 0.9883
======  Epoch 1022 完成 ======LOSS: 0.0002 | PSNR: 37.78 dB | BEST: 37.78 dB | MSSSIM: 0.9883 | TIME: 60.39秒 | LR: 4.123e-04
epoch [1023/1200] batch [1/132] loss: 0.0003 psnr: 34.95 dB  msssim: 0.9796
epoch [1023/1200] batch [51/132] loss: 0.0003 psnr: 37.67 dB  msssim: 0.9881
epoch [1023/1200] batch [101/132] loss: 0.0002 psnr: 37.85 dB  msssim: 0.9885
epoch [1023/1200] batch [132/132] loss: 0.0001 psnr: 37.78 dB  msssim: 0.9884
======  Epoch 1023 完成 ======LOSS: 0.0002 | PSNR: 37.78 dB | BEST: 37.78 dB | MSSSIM: 0.9884 | TIME: 60.49秒 | LR: 4.078e-04
epoch [1024/1200] batch [1/132] loss: 0.0001 psnr: 39.57 dB  msssim: 0.9927
epoch [1024/1200] batch [51/132] loss: 0.0001 psnr: 37.93 dB  msssim: 0.9888
epoch [1024/1200] batch [101/132] loss: 0.0002 psnr: 37.77 dB  msssim: 0.9883
epoch [1024/1200] batch [132/132] loss: 0.0002 psnr: 37.78 dB  msssim: 0.9883
======  Epoch 1024 完成 ======LOSS: 0.0002 | PSNR: 37.78 dB | BEST: 37.78 dB | MSSSIM: 0.9883 | TIME: 60.40秒 | LR: 4.034e-04
epoch [1025/1200] batch [1/132] loss: 0.0001 psnr: 39.81 dB  msssim: 0.9932
epoch [1025/1200] batch [51/132] loss: 0.0002 psnr: 37.22 dB  msssim: 0.9869
epoch [1025/1200] batch [101/132] loss: 0.0002 psnr: 37.74 dB  msssim: 0.9882
epoch [1025/1200] batch [132/132] loss: 0.0002 psnr: 37.78 dB  msssim: 0.9884
======  Epoch 1025 完成 ======LOSS: 0.0002 | PSNR: 37.78 dB | BEST: 37.78 dB | MSSSIM: 0.9884 | TIME: 60.29秒 | LR: 3.989e-04
epoch [1026/1200] batch [1/132] loss: 0.0003 psnr: 34.79 dB  msssim: 0.9782
epoch [1026/1200] batch [51/132] loss: 0.0002 psnr: 37.59 dB  msssim: 0.9879
epoch [1026/1200] batch [101/132] loss: 0.0003 psnr: 37.67 dB  msssim: 0.9881
epoch [1026/1200] batch [132/132] loss: 0.0003 psnr: 37.78 dB  msssim: 0.9884
======  Epoch 1026 完成 ======LOSS: 0.0002 | PSNR: 37.78 dB | BEST: 37.78 dB | MSSSIM: 0.9884 | TIME: 60.27秒 | LR: 3.945e-04
epoch [1027/1200] batch [1/132] loss: 0.0002 psnr: 36.65 dB  msssim: 0.9863
epoch [1027/1200] batch [51/132] loss: 0.0002 psnr: 37.59 dB  msssim: 0.9877
epoch [1027/1200] batch [101/132] loss: 0.0002 psnr: 37.77 dB  msssim: 0.9884
epoch [1027/1200] batch [132/132] loss: 0.0001 psnr: 37.78 dB  msssim: 0.9884
======  Epoch 1027 完成 ======LOSS: 0.0002 | PSNR: 37.78 dB | BEST: 37.78 dB | MSSSIM: 0.9884 | TIME: 60.37秒 | LR: 3.901e-04
epoch [1028/1200] batch [1/132] loss: 0.0001 psnr: 40.32 dB  msssim: 0.9947
epoch [1028/1200] batch [51/132] loss: 0.0002 psnr: 37.63 dB  msssim: 0.9881
epoch [1028/1200] batch [101/132] loss: 0.0003 psnr: 37.75 dB  msssim: 0.9884
epoch [1028/1200] batch [132/132] loss: 0.0001 psnr: 37.78 dB  msssim: 0.9884
======  Epoch 1028 完成 ======LOSS: 0.0002 | PSNR: 37.78 dB | BEST: 37.78 dB | MSSSIM: 0.9884 | TIME: 60.32秒 | LR: 3.857e-04
epoch [1029/1200] batch [1/132] loss: 0.0002 psnr: 36.69 dB  msssim: 0.9865
epoch [1029/1200] batch [51/132] loss: 0.0003 psnr: 38.10 dB  msssim: 0.9892
epoch [1029/1200] batch [101/132] loss: 0.0002 psnr: 37.84 dB  msssim: 0.9886
epoch [1029/1200] batch [132/132] loss: 0.0001 psnr: 37.79 dB  msssim: 0.9884
======  Epoch 1029 完成 ======LOSS: 0.0002 | PSNR: 37.79 dB | BEST: 37.79 dB | MSSSIM: 0.9884 | TIME: 60.31秒 | LR: 3.814e-04
epoch [1030/1200] batch [1/132] loss: 0.0003 psnr: 35.16 dB  msssim: 0.9809
epoch [1030/1200] batch [51/132] loss: 0.0001 psnr: 38.00 dB  msssim: 0.9889
epoch [1030/1200] batch [101/132] loss: 0.0003 psnr: 37.84 dB  msssim: 0.9885
epoch [1030/1200] batch [132/132] loss: 0.0002 psnr: 37.79 dB  msssim: 0.9884
======  Epoch 1030 完成 ======LOSS: 0.0002 | PSNR: 37.79 dB | BEST: 37.79 dB | MSSSIM: 0.9884 | TIME: 60.36秒 | LR: 3.770e-04
epoch [1031/1200] batch [1/132] loss: 0.0003 psnr: 35.72 dB  msssim: 0.9833
epoch [1031/1200] batch [51/132] loss: 0.0001 psnr: 37.60 dB  msssim: 0.9878
epoch [1031/1200] batch [101/132] loss: 0.0001 psnr: 37.98 dB  msssim: 0.9888
epoch [1031/1200] batch [132/132] loss: 0.0002 psnr: 37.79 dB  msssim: 0.9884
======  Epoch 1031 完成 ======LOSS: 0.0002 | PSNR: 37.79 dB | BEST: 37.79 dB | MSSSIM: 0.9884 | TIME: 60.34秒 | LR: 3.727e-04
epoch [1032/1200] batch [1/132] loss: 0.0003 psnr: 35.94 dB  msssim: 0.9840
epoch [1032/1200] batch [51/132] loss: 0.0002 psnr: 37.69 dB  msssim: 0.9883
epoch [1032/1200] batch [101/132] loss: 0.0003 psnr: 37.69 dB  msssim: 0.9882
epoch [1032/1200] batch [132/132] loss: 0.0003 psnr: 37.79 dB  msssim: 0.9884
======  Epoch 1032 完成 ======LOSS: 0.0002 | PSNR: 37.79 dB | BEST: 37.79 dB | MSSSIM: 0.9884 | TIME: 60.40秒 | LR: 3.684e-04
epoch [1033/1200] batch [1/132] loss: 0.0003 psnr: 35.88 dB  msssim: 0.9845
epoch [1033/1200] batch [51/132] loss: 0.0001 psnr: 37.64 dB  msssim: 0.9882
epoch [1033/1200] batch [101/132] loss: 0.0003 psnr: 37.77 dB  msssim: 0.9883
epoch [1033/1200] batch [132/132] loss: 0.0003 psnr: 37.79 dB  msssim: 0.9884
======  Epoch 1033 完成 ======LOSS: 0.0002 | PSNR: 37.79 dB | BEST: 37.79 dB | MSSSIM: 0.9884 | TIME: 60.33秒 | LR: 3.642e-04
epoch [1034/1200] batch [1/132] loss: 0.0001 psnr: 40.44 dB  msssim: 0.9943
epoch [1034/1200] batch [51/132] loss: 0.0001 psnr: 37.62 dB  msssim: 0.9880
epoch [1034/1200] batch [101/132] loss: 0.0001 psnr: 37.75 dB  msssim: 0.9883
epoch [1034/1200] batch [132/132] loss: 0.0003 psnr: 37.79 dB  msssim: 0.9884
======  Epoch 1034 完成 ======LOSS: 0.0002 | PSNR: 37.79 dB | BEST: 37.79 dB | MSSSIM: 0.9884 | TIME: 60.42秒 | LR: 3.599e-04
epoch [1035/1200] batch [1/132] loss: 0.0001 psnr: 39.55 dB  msssim: 0.9929
epoch [1035/1200] batch [51/132] loss: 0.0001 psnr: 37.73 dB  msssim: 0.9882
epoch [1035/1200] batch [101/132] loss: 0.0001 psnr: 37.84 dB  msssim: 0.9885
epoch [1035/1200] batch [132/132] loss: 0.0001 psnr: 37.79 dB  msssim: 0.9884
======  Epoch 1035 完成 ======LOSS: 0.0002 | PSNR: 37.79 dB | BEST: 37.79 dB | MSSSIM: 0.9884 | TIME: 60.40秒 | LR: 3.557e-04
epoch [1036/1200] batch [1/132] loss: 0.0001 psnr: 40.00 dB  msssim: 0.9937
epoch [1036/1200] batch [51/132] loss: 0.0002 psnr: 37.60 dB  msssim: 0.9877
epoch [1036/1200] batch [101/132] loss: 0.0001 psnr: 37.84 dB  msssim: 0.9884
epoch [1036/1200] batch [132/132] loss: 0.0003 psnr: 37.79 dB  msssim: 0.9884
======  Epoch 1036 完成 ======LOSS: 0.0002 | PSNR: 37.79 dB | BEST: 37.79 dB | MSSSIM: 0.9884 | TIME: 60.34秒 | LR: 3.515e-04
epoch [1037/1200] batch [1/132] loss: 0.0002 psnr: 37.72 dB  msssim: 0.9898
epoch [1037/1200] batch [51/132] loss: 0.0002 psnr: 37.60 dB  msssim: 0.9878
epoch [1037/1200] batch [101/132] loss: 0.0003 psnr: 37.68 dB  msssim: 0.9881
epoch [1037/1200] batch [132/132] loss: 0.0003 psnr: 37.79 dB  msssim: 0.9884
======  Epoch 1037 完成 ======LOSS: 0.0002 | PSNR: 37.79 dB | BEST: 37.79 dB | MSSSIM: 0.9884 | TIME: 60.29秒 | LR: 3.473e-04
epoch [1038/1200] batch [1/132] loss: 0.0002 psnr: 36.42 dB  msssim: 0.9856
epoch [1038/1200] batch [51/132] loss: 0.0003 psnr: 37.45 dB  msssim: 0.9873
epoch [1038/1200] batch [101/132] loss: 0.0002 psnr: 37.76 dB  msssim: 0.9882
epoch [1038/1200] batch [132/132] loss: 0.0001 psnr: 37.79 dB  msssim: 0.9884
======  Epoch 1038 完成 ======LOSS: 0.0002 | PSNR: 37.79 dB | BEST: 37.79 dB | MSSSIM: 0.9884 | TIME: 60.37秒 | LR: 3.432e-04
epoch [1039/1200] batch [1/132] loss: 0.0002 psnr: 37.21 dB  msssim: 0.9886
epoch [1039/1200] batch [51/132] loss: 0.0002 psnr: 38.06 dB  msssim: 0.9891
epoch [1039/1200] batch [101/132] loss: 0.0001 psnr: 37.76 dB  msssim: 0.9883
epoch [1039/1200] batch [132/132] loss: 0.0004 psnr: 37.79 dB  msssim: 0.9884
======  Epoch 1039 完成 ======LOSS: 0.0002 | PSNR: 37.79 dB | BEST: 37.79 dB | MSSSIM: 0.9884 | TIME: 60.27秒 | LR: 3.391e-04
epoch [1040/1200] batch [1/132] loss: 0.0003 psnr: 34.78 dB  msssim: 0.9779
epoch [1040/1200] batch [51/132] loss: 0.0002 psnr: 37.70 dB  msssim: 0.9882
epoch [1040/1200] batch [101/132] loss: 0.0001 psnr: 37.65 dB  msssim: 0.9881
epoch [1040/1200] batch [132/132] loss: 0.0001 psnr: 37.79 dB  msssim: 0.9884
======  Epoch 1040 完成 ======LOSS: 0.0002 | PSNR: 37.79 dB | BEST: 37.79 dB | MSSSIM: 0.9884 | TIME: 60.37秒 | LR: 3.350e-04
epoch [1041/1200] batch [1/132] loss: 0.0001 psnr: 39.41 dB  msssim: 0.9928
epoch [1041/1200] batch [51/132] loss: 0.0003 psnr: 38.02 dB  msssim: 0.9890
epoch [1041/1200] batch [101/132] loss: 0.0001 psnr: 38.05 dB  msssim: 0.9891
epoch [1041/1200] batch [132/132] loss: 0.0003 psnr: 37.80 dB  msssim: 0.9884
======  Epoch 1041 完成 ======LOSS: 0.0002 | PSNR: 37.80 dB | BEST: 37.80 dB | MSSSIM: 0.9884 | TIME: 60.51秒 | LR: 3.309e-04
epoch [1042/1200] batch [1/132] loss: 0.0002 psnr: 37.18 dB  msssim: 0.9883
epoch [1042/1200] batch [51/132] loss: 0.0003 psnr: 38.36 dB  msssim: 0.9898
epoch [1042/1200] batch [101/132] loss: 0.0002 psnr: 37.90 dB  msssim: 0.9888
epoch [1042/1200] batch [132/132] loss: 0.0001 psnr: 37.79 dB  msssim: 0.9884
======  Epoch 1042 完成 ======LOSS: 0.0002 | PSNR: 37.79 dB | BEST: 37.80 dB | MSSSIM: 0.9884 | TIME: 60.36秒 | LR: 3.268e-04
epoch [1043/1200] batch [1/132] loss: 0.0002 psnr: 36.33 dB  msssim: 0.9861
epoch [1043/1200] batch [51/132] loss: 0.0001 psnr: 38.03 dB  msssim: 0.9890
epoch [1043/1200] batch [101/132] loss: 0.0001 psnr: 37.79 dB  msssim: 0.9883
epoch [1043/1200] batch [132/132] loss: 0.0002 psnr: 37.80 dB  msssim: 0.9884
======  Epoch 1043 完成 ======LOSS: 0.0002 | PSNR: 37.80 dB | BEST: 37.80 dB | MSSSIM: 0.9884 | TIME: 60.40秒 | LR: 3.228e-04
epoch [1044/1200] batch [1/132] loss: 0.0002 psnr: 37.39 dB  msssim: 0.9889
epoch [1044/1200] batch [51/132] loss: 0.0001 psnr: 37.51 dB  msssim: 0.9876
epoch [1044/1200] batch [101/132] loss: 0.0001 psnr: 37.73 dB  msssim: 0.9883
epoch [1044/1200] batch [132/132] loss: 0.0001 psnr: 37.79 dB  msssim: 0.9884
======  Epoch 1044 完成 ======LOSS: 0.0002 | PSNR: 37.79 dB | BEST: 37.80 dB | MSSSIM: 0.9884 | TIME: 60.50秒 | LR: 3.188e-04
epoch [1045/1200] batch [1/132] loss: 0.0001 psnr: 39.65 dB  msssim: 0.9931
epoch [1045/1200] batch [51/132] loss: 0.0001 psnr: 38.21 dB  msssim: 0.9898
epoch [1045/1200] batch [101/132] loss: 0.0003 psnr: 38.13 dB  msssim: 0.9893
epoch [1045/1200] batch [132/132] loss: 0.0003 psnr: 37.80 dB  msssim: 0.9884
======  Epoch 1045 完成 ======LOSS: 0.0002 | PSNR: 37.80 dB | BEST: 37.80 dB | MSSSIM: 0.9884 | TIME: 60.38秒 | LR: 3.148e-04
epoch [1046/1200] batch [1/132] loss: 0.0001 psnr: 40.42 dB  msssim: 0.9943
epoch [1046/1200] batch [51/132] loss: 0.0001 psnr: 38.06 dB  msssim: 0.9893
epoch [1046/1200] batch [101/132] loss: 0.0003 psnr: 37.93 dB  msssim: 0.9888
epoch [1046/1200] batch [132/132] loss: 0.0001 psnr: 37.80 dB  msssim: 0.9884
======  Epoch 1046 完成 ======LOSS: 0.0002 | PSNR: 37.80 dB | BEST: 37.80 dB | MSSSIM: 0.9884 | TIME: 60.41秒 | LR: 3.108e-04
epoch [1047/1200] batch [1/132] loss: 0.0001 psnr: 39.65 dB  msssim: 0.9929
epoch [1047/1200] batch [51/132] loss: 0.0002 psnr: 37.74 dB  msssim: 0.9883
epoch [1047/1200] batch [101/132] loss: 0.0001 psnr: 37.83 dB  msssim: 0.9885
epoch [1047/1200] batch [132/132] loss: 0.0003 psnr: 37.80 dB  msssim: 0.9884
======  Epoch 1047 完成 ======LOSS: 0.0002 | PSNR: 37.80 dB | BEST: 37.80 dB | MSSSIM: 0.9884 | TIME: 60.37秒 | LR: 3.069e-04
epoch [1048/1200] batch [1/132] loss: 0.0001 psnr: 39.84 dB  msssim: 0.9933
epoch [1048/1200] batch [51/132] loss: 0.0001 psnr: 37.84 dB  msssim: 0.9885
epoch [1048/1200] batch [101/132] loss: 0.0001 psnr: 37.81 dB  msssim: 0.9884
epoch [1048/1200] batch [132/132] loss: 0.0003 psnr: 37.80 dB  msssim: 0.9884
======  Epoch 1048 完成 ======LOSS: 0.0002 | PSNR: 37.80 dB | BEST: 37.80 dB | MSSSIM: 0.9884 | TIME: 60.41秒 | LR: 3.030e-04
epoch [1049/1200] batch [1/132] loss: 0.0003 psnr: 35.81 dB  msssim: 0.9834
epoch [1049/1200] batch [51/132] loss: 0.0003 psnr: 37.57 dB  msssim: 0.9877
epoch [1049/1200] batch [101/132] loss: 0.0001 psnr: 37.94 dB  msssim: 0.9888
epoch [1049/1200] batch [132/132] loss: 0.0001 psnr: 37.80 dB  msssim: 0.9884
======  Epoch 1049 完成 ======LOSS: 0.0002 | PSNR: 37.80 dB | BEST: 37.80 dB | MSSSIM: 0.9884 | TIME: 60.34秒 | LR: 2.991e-04
epoch [1050/1200] batch [1/132] loss: 0.0003 psnr: 35.51 dB  msssim: 0.9820
epoch [1050/1200] batch [51/132] loss: 0.0001 psnr: 37.45 dB  msssim: 0.9874
epoch [1050/1200] batch [101/132] loss: 0.0001 psnr: 37.89 dB  msssim: 0.9885
epoch [1050/1200] batch [132/132] loss: 0.0003 psnr: 37.80 dB  msssim: 0.9884
======  Epoch 1050 完成 ======LOSS: 0.0002 | PSNR: 37.80 dB | BEST: 37.80 dB | MSSSIM: 0.9884 | TIME: 60.38秒 | LR: 2.952e-04
Step [1/132] | Val PSNR: 36.72 dB | Val MSSSIM: 0.9871 | FPS: 128.29
Step [51/132] | Val PSNR: 35.89 dB | Val MSSSIM: 0.9832 | FPS: 229.96
Step [101/132] | Val PSNR: 37.13 dB | Val MSSSIM: 0.9868 | FPS: 231.39
Step [132/132] | Val PSNR: 37.83 dB | Val MSSSIM: 0.9885 | FPS: 228.77
== Epoch 1050 测试完成 == PSNR: 37.83 dB | BEST: 37.80 dB | MSSSIM: 0.9885 | TIME: 18.75秒 | 
epoch [1051/1200] batch [1/132] loss: 0.0001 psnr: 40.35 dB  msssim: 0.9947
epoch [1051/1200] batch [51/132] loss: 0.0003 psnr: 37.81 dB  msssim: 0.9886
epoch [1051/1200] batch [101/132] loss: 0.0002 psnr: 37.99 dB  msssim: 0.9889
epoch [1051/1200] batch [132/132] loss: 0.0001 psnr: 37.80 dB  msssim: 0.9884
======  Epoch 1051 完成 ======LOSS: 0.0002 | PSNR: 37.80 dB | BEST: 37.80 dB | MSSSIM: 0.9884 | TIME: 60.28秒 | LR: 2.914e-04
epoch [1052/1200] batch [1/132] loss: 0.0002 psnr: 37.22 dB  msssim: 0.9886
epoch [1052/1200] batch [51/132] loss: 0.0003 psnr: 37.71 dB  msssim: 0.9881
epoch [1052/1200] batch [101/132] loss: 0.0002 psnr: 37.94 dB  msssim: 0.9888
epoch [1052/1200] batch [132/132] loss: 0.0004 psnr: 37.80 dB  msssim: 0.9884
======  Epoch 1052 完成 ======LOSS: 0.0002 | PSNR: 37.80 dB | BEST: 37.80 dB | MSSSIM: 0.9884 | TIME: 60.34秒 | LR: 2.876e-04
epoch [1053/1200] batch [1/132] loss: 0.0001 psnr: 40.32 dB  msssim: 0.9945
epoch [1053/1200] batch [51/132] loss: 0.0002 psnr: 37.88 dB  msssim: 0.9884
epoch [1053/1200] batch [101/132] loss: 0.0002 psnr: 37.71 dB  msssim: 0.9881
epoch [1053/1200] batch [132/132] loss: 0.0002 psnr: 37.80 dB  msssim: 0.9884
======  Epoch 1053 完成 ======LOSS: 0.0002 | PSNR: 37.80 dB | BEST: 37.80 dB | MSSSIM: 0.9884 | TIME: 60.32秒 | LR: 2.838e-04
epoch [1054/1200] batch [1/132] loss: 0.0001 psnr: 39.81 dB  msssim: 0.9932
epoch [1054/1200] batch [51/132] loss: 0.0001 psnr: 37.49 dB  msssim: 0.9877
epoch [1054/1200] batch [101/132] loss: 0.0001 psnr: 37.72 dB  msssim: 0.9882
epoch [1054/1200] batch [132/132] loss: 0.0001 psnr: 37.80 dB  msssim: 0.9884
======  Epoch 1054 完成 ======LOSS: 0.0002 | PSNR: 37.80 dB | BEST: 37.80 dB | MSSSIM: 0.9884 | TIME: 60.33秒 | LR: 2.800e-04
epoch [1055/1200] batch [1/132] loss: 0.0002 psnr: 36.85 dB  msssim: 0.9869
epoch [1055/1200] batch [51/132] loss: 0.0001 psnr: 38.24 dB  msssim: 0.9896
epoch [1055/1200] batch [101/132] loss: 0.0002 psnr: 37.90 dB  msssim: 0.9887
epoch [1055/1200] batch [132/132] loss: 0.0001 psnr: 37.80 dB  msssim: 0.9884
======  Epoch 1055 完成 ======LOSS: 0.0002 | PSNR: 37.80 dB | BEST: 37.80 dB | MSSSIM: 0.9884 | TIME: 60.44秒 | LR: 2.762e-04
epoch [1056/1200] batch [1/132] loss: 0.0001 psnr: 39.82 dB  msssim: 0.9932
epoch [1056/1200] batch [51/132] loss: 0.0002 psnr: 37.43 dB  msssim: 0.9875
epoch [1056/1200] batch [101/132] loss: 0.0002 psnr: 37.80 dB  msssim: 0.9884
epoch [1056/1200] batch [132/132] loss: 0.0002 psnr: 37.80 dB  msssim: 0.9884
======  Epoch 1056 完成 ======LOSS: 0.0002 | PSNR: 37.80 dB | BEST: 37.80 dB | MSSSIM: 0.9884 | TIME: 60.35秒 | LR: 2.725e-04
epoch [1057/1200] batch [1/132] loss: 0.0001 psnr: 38.44 dB  msssim: 0.9909
epoch [1057/1200] batch [51/132] loss: 0.0003 psnr: 38.04 dB  msssim: 0.9891
epoch [1057/1200] batch [101/132] loss: 0.0001 psnr: 37.85 dB  msssim: 0.9885
epoch [1057/1200] batch [132/132] loss: 0.0001 psnr: 37.80 dB  msssim: 0.9884
======  Epoch 1057 完成 ======LOSS: 0.0002 | PSNR: 37.80 dB | BEST: 37.80 dB | MSSSIM: 0.9884 | TIME: 60.36秒 | LR: 2.688e-04
epoch [1058/1200] batch [1/132] loss: 0.0003 psnr: 35.82 dB  msssim: 0.9842
epoch [1058/1200] batch [51/132] loss: 0.0002 psnr: 37.61 dB  msssim: 0.9879
epoch [1058/1200] batch [101/132] loss: 0.0001 psnr: 37.79 dB  msssim: 0.9884
epoch [1058/1200] batch [132/132] loss: 0.0001 psnr: 37.80 dB  msssim: 0.9884
======  Epoch 1058 完成 ======LOSS: 0.0002 | PSNR: 37.80 dB | BEST: 37.80 dB | MSSSIM: 0.9884 | TIME: 60.30秒 | LR: 2.651e-04
epoch [1059/1200] batch [1/132] loss: 0.0002 psnr: 36.73 dB  msssim: 0.9867
epoch [1059/1200] batch [51/132] loss: 0.0002 psnr: 37.61 dB  msssim: 0.9878
epoch [1059/1200] batch [101/132] loss: 0.0001 psnr: 37.82 dB  msssim: 0.9884
epoch [1059/1200] batch [132/132] loss: 0.0003 psnr: 37.81 dB  msssim: 0.9884
======  Epoch 1059 完成 ======LOSS: 0.0002 | PSNR: 37.81 dB | BEST: 37.81 dB | MSSSIM: 0.9884 | TIME: 60.45秒 | LR: 2.615e-04
epoch [1060/1200] batch [1/132] loss: 0.0001 psnr: 40.47 dB  msssim: 0.9943
epoch [1060/1200] batch [51/132] loss: 0.0002 psnr: 37.78 dB  msssim: 0.9883
epoch [1060/1200] batch [101/132] loss: 0.0002 psnr: 37.74 dB  msssim: 0.9882
epoch [1060/1200] batch [132/132] loss: 0.0002 psnr: 37.81 dB  msssim: 0.9884
======  Epoch 1060 完成 ======LOSS: 0.0002 | PSNR: 37.81 dB | BEST: 37.81 dB | MSSSIM: 0.9884 | TIME: 60.36秒 | LR: 2.578e-04
epoch [1061/1200] batch [1/132] loss: 0.0002 psnr: 36.77 dB  msssim: 0.9872
epoch [1061/1200] batch [51/132] loss: 0.0001 psnr: 37.72 dB  msssim: 0.9880
epoch [1061/1200] batch [101/132] loss: 0.0002 psnr: 37.78 dB  msssim: 0.9883
epoch [1061/1200] batch [132/132] loss: 0.0002 psnr: 37.81 dB  msssim: 0.9884
======  Epoch 1061 完成 ======LOSS: 0.0002 | PSNR: 37.81 dB | BEST: 37.81 dB | MSSSIM: 0.9884 | TIME: 60.27秒 | LR: 2.542e-04
epoch [1062/1200] batch [1/132] loss: 0.0001 psnr: 40.46 dB  msssim: 0.9943
epoch [1062/1200] batch [51/132] loss: 0.0004 psnr: 37.49 dB  msssim: 0.9873
epoch [1062/1200] batch [101/132] loss: 0.0001 psnr: 37.73 dB  msssim: 0.9882
epoch [1062/1200] batch [132/132] loss: 0.0002 psnr: 37.81 dB  msssim: 0.9884
======  Epoch 1062 完成 ======LOSS: 0.0002 | PSNR: 37.81 dB | BEST: 37.81 dB | MSSSIM: 0.9884 | TIME: 60.27秒 | LR: 2.507e-04
epoch [1063/1200] batch [1/132] loss: 0.0001 psnr: 40.48 dB  msssim: 0.9948
epoch [1063/1200] batch [51/132] loss: 0.0003 psnr: 37.90 dB  msssim: 0.9887
epoch [1063/1200] batch [101/132] loss: 0.0002 psnr: 37.78 dB  msssim: 0.9884
epoch [1063/1200] batch [132/132] loss: 0.0002 psnr: 37.81 dB  msssim: 0.9884
======  Epoch 1063 完成 ======LOSS: 0.0002 | PSNR: 37.81 dB | BEST: 37.81 dB | MSSSIM: 0.9884 | TIME: 60.29秒 | LR: 2.471e-04
epoch [1064/1200] batch [1/132] loss: 0.0002 psnr: 36.36 dB  msssim: 0.9862
epoch [1064/1200] batch [51/132] loss: 0.0003 psnr: 37.61 dB  msssim: 0.9878
epoch [1064/1200] batch [101/132] loss: 0.0003 psnr: 37.92 dB  msssim: 0.9886
epoch [1064/1200] batch [132/132] loss: 0.0001 psnr: 37.81 dB  msssim: 0.9884
======  Epoch 1064 完成 ======LOSS: 0.0002 | PSNR: 37.81 dB | BEST: 37.81 dB | MSSSIM: 0.9884 | TIME: 60.25秒 | LR: 2.436e-04
epoch [1065/1200] batch [1/132] loss: 0.0001 psnr: 40.45 dB  msssim: 0.9943
epoch [1065/1200] batch [51/132] loss: 0.0001 psnr: 37.84 dB  msssim: 0.9885
epoch [1065/1200] batch [101/132] loss: 0.0001 psnr: 37.66 dB  msssim: 0.9880
epoch [1065/1200] batch [132/132] loss: 0.0003 psnr: 37.81 dB  msssim: 0.9884
======  Epoch 1065 完成 ======LOSS: 0.0002 | PSNR: 37.81 dB | BEST: 37.81 dB | MSSSIM: 0.9884 | TIME: 60.30秒 | LR: 2.401e-04
epoch [1066/1200] batch [1/132] loss: 0.0002 psnr: 36.84 dB  msssim: 0.9869
epoch [1066/1200] batch [51/132] loss: 0.0003 psnr: 37.58 dB  msssim: 0.9878
epoch [1066/1200] batch [101/132] loss: 0.0002 psnr: 37.77 dB  msssim: 0.9883
epoch [1066/1200] batch [132/132] loss: 0.0003 psnr: 37.81 dB  msssim: 0.9884
======  Epoch 1066 完成 ======LOSS: 0.0002 | PSNR: 37.81 dB | BEST: 37.81 dB | MSSSIM: 0.9884 | TIME: 60.28秒 | LR: 2.366e-04
epoch [1067/1200] batch [1/132] loss: 0.0001 psnr: 38.95 dB  msssim: 0.9920
epoch [1067/1200] batch [51/132] loss: 0.0002 psnr: 37.91 dB  msssim: 0.9887
epoch [1067/1200] batch [101/132] loss: 0.0003 psnr: 37.79 dB  msssim: 0.9884
epoch [1067/1200] batch [132/132] loss: 0.0001 psnr: 37.81 dB  msssim: 0.9884
======  Epoch 1067 完成 ======LOSS: 0.0002 | PSNR: 37.81 dB | BEST: 37.81 dB | MSSSIM: 0.9884 | TIME: 60.31秒 | LR: 2.331e-04
epoch [1068/1200] batch [1/132] loss: 0.0002 psnr: 37.83 dB  msssim: 0.9898
epoch [1068/1200] batch [51/132] loss: 0.0001 psnr: 37.88 dB  msssim: 0.9888
epoch [1068/1200] batch [101/132] loss: 0.0001 psnr: 37.68 dB  msssim: 0.9882
epoch [1068/1200] batch [132/132] loss: 0.0003 psnr: 37.81 dB  msssim: 0.9884
======  Epoch 1068 完成 ======LOSS: 0.0002 | PSNR: 37.81 dB | BEST: 37.81 dB | MSSSIM: 0.9884 | TIME: 60.27秒 | LR: 2.297e-04
epoch [1069/1200] batch [1/132] loss: 0.0003 psnr: 35.99 dB  msssim: 0.9856
epoch [1069/1200] batch [51/132] loss: 0.0001 psnr: 37.90 dB  msssim: 0.9887
epoch [1069/1200] batch [101/132] loss: 0.0003 psnr: 37.99 dB  msssim: 0.9890
epoch [1069/1200] batch [132/132] loss: 0.0002 psnr: 37.81 dB  msssim: 0.9884
======  Epoch 1069 完成 ======LOSS: 0.0002 | PSNR: 37.81 dB | BEST: 37.81 dB | MSSSIM: 0.9884 | TIME: 60.32秒 | LR: 2.263e-04
epoch [1070/1200] batch [1/132] loss: 0.0003 psnr: 35.15 dB  msssim: 0.9806
epoch [1070/1200] batch [51/132] loss: 0.0002 psnr: 37.79 dB  msssim: 0.9884
epoch [1070/1200] batch [101/132] loss: 0.0003 psnr: 37.96 dB  msssim: 0.9888
epoch [1070/1200] batch [132/132] loss: 0.0003 psnr: 37.81 dB  msssim: 0.9884
======  Epoch 1070 完成 ======LOSS: 0.0002 | PSNR: 37.81 dB | BEST: 37.81 dB | MSSSIM: 0.9884 | TIME: 60.29秒 | LR: 2.229e-04
epoch [1071/1200] batch [1/132] loss: 0.0001 psnr: 40.59 dB  msssim: 0.9949
epoch [1071/1200] batch [51/132] loss: 0.0001 psnr: 37.83 dB  msssim: 0.9884
epoch [1071/1200] batch [101/132] loss: 0.0002 psnr: 37.83 dB  msssim: 0.9886
epoch [1071/1200] batch [132/132] loss: 0.0003 psnr: 37.81 dB  msssim: 0.9884
======  Epoch 1071 完成 ======LOSS: 0.0002 | PSNR: 37.81 dB | BEST: 37.81 dB | MSSSIM: 0.9884 | TIME: 60.29秒 | LR: 2.195e-04
epoch [1072/1200] batch [1/132] loss: 0.0003 psnr: 35.38 dB  msssim: 0.9814
epoch [1072/1200] batch [51/132] loss: 0.0001 psnr: 37.58 dB  msssim: 0.9878
epoch [1072/1200] batch [101/132] loss: 0.0001 psnr: 37.81 dB  msssim: 0.9885
epoch [1072/1200] batch [132/132] loss: 0.0003 psnr: 37.81 dB  msssim: 0.9884
======  Epoch 1072 完成 ======LOSS: 0.0002 | PSNR: 37.81 dB | BEST: 37.81 dB | MSSSIM: 0.9884 | TIME: 60.38秒 | LR: 2.162e-04
epoch [1073/1200] batch [1/132] loss: 0.0003 psnr: 35.22 dB  msssim: 0.9802
epoch [1073/1200] batch [51/132] loss: 0.0003 psnr: 37.76 dB  msssim: 0.9882
epoch [1073/1200] batch [101/132] loss: 0.0002 psnr: 37.81 dB  msssim: 0.9884
epoch [1073/1200] batch [132/132] loss: 0.0001 psnr: 37.81 dB  msssim: 0.9884
======  Epoch 1073 完成 ======LOSS: 0.0002 | PSNR: 37.81 dB | BEST: 37.81 dB | MSSSIM: 0.9884 | TIME: 60.30秒 | LR: 2.128e-04
epoch [1074/1200] batch [1/132] loss: 0.0002 psnr: 37.44 dB  msssim: 0.9889
epoch [1074/1200] batch [51/132] loss: 0.0003 psnr: 37.77 dB  msssim: 0.9883
epoch [1074/1200] batch [101/132] loss: 0.0001 psnr: 37.79 dB  msssim: 0.9885
epoch [1074/1200] batch [132/132] loss: 0.0002 psnr: 37.81 dB  msssim: 0.9884
======  Epoch 1074 完成 ======LOSS: 0.0002 | PSNR: 37.81 dB | BEST: 37.81 dB | MSSSIM: 0.9884 | TIME: 60.29秒 | LR: 2.096e-04
epoch [1075/1200] batch [1/132] loss: 0.0001 psnr: 40.26 dB  msssim: 0.9943
epoch [1075/1200] batch [51/132] loss: 0.0002 psnr: 37.68 dB  msssim: 0.9881
epoch [1075/1200] batch [101/132] loss: 0.0001 psnr: 37.82 dB  msssim: 0.9884
epoch [1075/1200] batch [132/132] loss: 0.0001 psnr: 37.81 dB  msssim: 0.9884
======  Epoch 1075 完成 ======LOSS: 0.0002 | PSNR: 37.81 dB | BEST: 37.81 dB | MSSSIM: 0.9884 | TIME: 60.25秒 | LR: 2.063e-04
epoch [1076/1200] batch [1/132] loss: 0.0003 psnr: 35.85 dB  msssim: 0.9835
epoch [1076/1200] batch [51/132] loss: 0.0001 psnr: 38.07 dB  msssim: 0.9891
epoch [1076/1200] batch [101/132] loss: 0.0003 psnr: 37.93 dB  msssim: 0.9887
epoch [1076/1200] batch [132/132] loss: 0.0001 psnr: 37.82 dB  msssim: 0.9884
======  Epoch 1076 完成 ======LOSS: 0.0002 | PSNR: 37.82 dB | BEST: 37.82 dB | MSSSIM: 0.9884 | TIME: 60.33秒 | LR: 2.030e-04
epoch [1077/1200] batch [1/132] loss: 0.0003 psnr: 36.00 dB  msssim: 0.9856
epoch [1077/1200] batch [51/132] loss: 0.0001 psnr: 37.65 dB  msssim: 0.9880
epoch [1077/1200] batch [101/132] loss: 0.0003 psnr: 37.75 dB  msssim: 0.9883
epoch [1077/1200] batch [132/132] loss: 0.0002 psnr: 37.82 dB  msssim: 0.9884
======  Epoch 1077 完成 ======LOSS: 0.0002 | PSNR: 37.82 dB | BEST: 37.82 dB | MSSSIM: 0.9884 | TIME: 60.35秒 | LR: 1.998e-04
epoch [1078/1200] batch [1/132] loss: 0.0001 psnr: 39.95 dB  msssim: 0.9936
epoch [1078/1200] batch [51/132] loss: 0.0001 psnr: 37.91 dB  msssim: 0.9886
epoch [1078/1200] batch [101/132] loss: 0.0003 psnr: 37.72 dB  msssim: 0.9882
epoch [1078/1200] batch [132/132] loss: 0.0003 psnr: 37.82 dB  msssim: 0.9884
======  Epoch 1078 完成 ======LOSS: 0.0002 | PSNR: 37.82 dB | BEST: 37.82 dB | MSSSIM: 0.9884 | TIME: 60.29秒 | LR: 1.966e-04
epoch [1079/1200] batch [1/132] loss: 0.0003 psnr: 35.69 dB  msssim: 0.9830
epoch [1079/1200] batch [51/132] loss: 0.0002 psnr: 38.07 dB  msssim: 0.9890
epoch [1079/1200] batch [101/132] loss: 0.0003 psnr: 37.88 dB  msssim: 0.9887
epoch [1079/1200] batch [132/132] loss: 0.0002 psnr: 37.82 dB  msssim: 0.9884
======  Epoch 1079 完成 ======LOSS: 0.0002 | PSNR: 37.82 dB | BEST: 37.82 dB | MSSSIM: 0.9884 | TIME: 60.32秒 | LR: 1.935e-04
epoch [1080/1200] batch [1/132] loss: 0.0001 psnr: 40.46 dB  msssim: 0.9943
epoch [1080/1200] batch [51/132] loss: 0.0002 psnr: 37.76 dB  msssim: 0.9882
epoch [1080/1200] batch [101/132] loss: 0.0001 psnr: 37.69 dB  msssim: 0.9882
epoch [1080/1200] batch [132/132] loss: 0.0002 psnr: 37.81 dB  msssim: 0.9884
======  Epoch 1080 完成 ======LOSS: 0.0002 | PSNR: 37.81 dB | BEST: 37.82 dB | MSSSIM: 0.9884 | TIME: 60.42秒 | LR: 1.903e-04
epoch [1081/1200] batch [1/132] loss: 0.0002 psnr: 36.32 dB  msssim: 0.9862
epoch [1081/1200] batch [51/132] loss: 0.0002 psnr: 37.87 dB  msssim: 0.9886
epoch [1081/1200] batch [101/132] loss: 0.0003 psnr: 37.93 dB  msssim: 0.9887
epoch [1081/1200] batch [132/132] loss: 0.0001 psnr: 37.82 dB  msssim: 0.9884
======  Epoch 1081 完成 ======LOSS: 0.0002 | PSNR: 37.82 dB | BEST: 37.82 dB | MSSSIM: 0.9884 | TIME: 60.38秒 | LR: 1.872e-04
epoch [1082/1200] batch [1/132] loss: 0.0002 psnr: 36.43 dB  msssim: 0.9863
epoch [1082/1200] batch [51/132] loss: 0.0002 psnr: 37.92 dB  msssim: 0.9886
epoch [1082/1200] batch [101/132] loss: 0.0003 psnr: 37.76 dB  msssim: 0.9883
epoch [1082/1200] batch [132/132] loss: 0.0002 psnr: 37.82 dB  msssim: 0.9884
======  Epoch 1082 完成 ======LOSS: 0.0002 | PSNR: 37.82 dB | BEST: 37.82 dB | MSSSIM: 0.9884 | TIME: 60.38秒 | LR: 1.841e-04
epoch [1083/1200] batch [1/132] loss: 0.0001 psnr: 39.16 dB  msssim: 0.9925
epoch [1083/1200] batch [51/132] loss: 0.0003 psnr: 37.81 dB  msssim: 0.9885
epoch [1083/1200] batch [101/132] loss: 0.0001 psnr: 37.93 dB  msssim: 0.9887
epoch [1083/1200] batch [132/132] loss: 0.0002 psnr: 37.82 dB  msssim: 0.9885
======  Epoch 1083 完成 ======LOSS: 0.0002 | PSNR: 37.82 dB | BEST: 37.82 dB | MSSSIM: 0.9885 | TIME: 60.38秒 | LR: 1.810e-04
epoch [1084/1200] batch [1/132] loss: 0.0001 psnr: 40.28 dB  msssim: 0.9941
epoch [1084/1200] batch [51/132] loss: 0.0004 psnr: 37.67 dB  msssim: 0.9883
epoch [1084/1200] batch [101/132] loss: 0.0003 psnr: 37.81 dB  msssim: 0.9885
epoch [1084/1200] batch [132/132] loss: 0.0003 psnr: 37.82 dB  msssim: 0.9885
======  Epoch 1084 完成 ======LOSS: 0.0002 | PSNR: 37.82 dB | BEST: 37.82 dB | MSSSIM: 0.9885 | TIME: 60.40秒 | LR: 1.780e-04
epoch [1085/1200] batch [1/132] loss: 0.0002 psnr: 37.00 dB  msssim: 0.9878
epoch [1085/1200] batch [51/132] loss: 0.0002 psnr: 38.21 dB  msssim: 0.9892
epoch [1085/1200] batch [101/132] loss: 0.0001 psnr: 37.97 dB  msssim: 0.9888
epoch [1085/1200] batch [132/132] loss: 0.0002 psnr: 37.82 dB  msssim: 0.9885
======  Epoch 1085 完成 ======LOSS: 0.0002 | PSNR: 37.82 dB | BEST: 37.82 dB | MSSSIM: 0.9885 | TIME: 60.49秒 | LR: 1.750e-04
epoch [1086/1200] batch [1/132] loss: 0.0002 psnr: 36.73 dB  msssim: 0.9871
epoch [1086/1200] batch [51/132] loss: 0.0001 psnr: 37.86 dB  msssim: 0.9884
epoch [1086/1200] batch [101/132] loss: 0.0003 psnr: 37.84 dB  msssim: 0.9885
epoch [1086/1200] batch [132/132] loss: 0.0002 psnr: 37.82 dB  msssim: 0.9885
======  Epoch 1086 完成 ======LOSS: 0.0002 | PSNR: 37.82 dB | BEST: 37.82 dB | MSSSIM: 0.9885 | TIME: 60.38秒 | LR: 1.720e-04
epoch [1087/1200] batch [1/132] loss: 0.0001 psnr: 39.83 dB  msssim: 0.9932
epoch [1087/1200] batch [51/132] loss: 0.0002 psnr: 38.25 dB  msssim: 0.9894
epoch [1087/1200] batch [101/132] loss: 0.0002 psnr: 37.70 dB  msssim: 0.9881
epoch [1087/1200] batch [132/132] loss: 0.0001 psnr: 37.82 dB  msssim: 0.9885
======  Epoch 1087 完成 ======LOSS: 0.0002 | PSNR: 37.82 dB | BEST: 37.82 dB | MSSSIM: 0.9885 | TIME: 60.33秒 | LR: 1.690e-04
epoch [1088/1200] batch [1/132] loss: 0.0003 psnr: 35.16 dB  msssim: 0.9807
epoch [1088/1200] batch [51/132] loss: 0.0001 psnr: 37.98 dB  msssim: 0.9885
epoch [1088/1200] batch [101/132] loss: 0.0001 psnr: 37.81 dB  msssim: 0.9884
epoch [1088/1200] batch [132/132] loss: 0.0002 psnr: 37.82 dB  msssim: 0.9885
======  Epoch 1088 完成 ======LOSS: 0.0002 | PSNR: 37.82 dB | BEST: 37.82 dB | MSSSIM: 0.9885 | TIME: 60.33秒 | LR: 1.661e-04
epoch [1089/1200] batch [1/132] loss: 0.0001 psnr: 40.66 dB  msssim: 0.9946
epoch [1089/1200] batch [51/132] loss: 0.0003 psnr: 37.89 dB  msssim: 0.9887
epoch [1089/1200] batch [101/132] loss: 0.0001 psnr: 37.93 dB  msssim: 0.9888
epoch [1089/1200] batch [132/132] loss: 0.0003 psnr: 37.82 dB  msssim: 0.9885
======  Epoch 1089 完成 ======LOSS: 0.0002 | PSNR: 37.82 dB | BEST: 37.82 dB | MSSSIM: 0.9885 | TIME: 60.40秒 | LR: 1.632e-04
epoch [1090/1200] batch [1/132] loss: 0.0001 psnr: 40.45 dB  msssim: 0.9948
epoch [1090/1200] batch [51/132] loss: 0.0001 psnr: 37.78 dB  msssim: 0.9883
epoch [1090/1200] batch [101/132] loss: 0.0003 psnr: 37.92 dB  msssim: 0.9886
epoch [1090/1200] batch [132/132] loss: 0.0001 psnr: 37.82 dB  msssim: 0.9885
======  Epoch 1090 完成 ======LOSS: 0.0002 | PSNR: 37.82 dB | BEST: 37.82 dB | MSSSIM: 0.9885 | TIME: 60.28秒 | LR: 1.603e-04
epoch [1091/1200] batch [1/132] loss: 0.0002 psnr: 36.06 dB  msssim: 0.9846
epoch [1091/1200] batch [51/132] loss: 0.0002 psnr: 38.15 dB  msssim: 0.9890
epoch [1091/1200] batch [101/132] loss: 0.0001 psnr: 37.90 dB  msssim: 0.9887
epoch [1091/1200] batch [132/132] loss: 0.0001 psnr: 37.82 dB  msssim: 0.9885
======  Epoch 1091 完成 ======LOSS: 0.0002 | PSNR: 37.82 dB | BEST: 37.82 dB | MSSSIM: 0.9885 | TIME: 60.33秒 | LR: 1.574e-04
epoch [1092/1200] batch [1/132] loss: 0.0003 psnr: 35.94 dB  msssim: 0.9847
epoch [1092/1200] batch [51/132] loss: 0.0001 psnr: 37.69 dB  msssim: 0.9883
epoch [1092/1200] batch [101/132] loss: 0.0003 psnr: 37.91 dB  msssim: 0.9887
epoch [1092/1200] batch [132/132] loss: 0.0003 psnr: 37.82 dB  msssim: 0.9885
======  Epoch 1092 完成 ======LOSS: 0.0002 | PSNR: 37.82 dB | BEST: 37.82 dB | MSSSIM: 0.9885 | TIME: 60.34秒 | LR: 1.545e-04
epoch [1093/1200] batch [1/132] loss: 0.0001 psnr: 40.03 dB  msssim: 0.9938
epoch [1093/1200] batch [51/132] loss: 0.0003 psnr: 37.55 dB  msssim: 0.9879
epoch [1093/1200] batch [101/132] loss: 0.0001 psnr: 37.82 dB  msssim: 0.9886
epoch [1093/1200] batch [132/132] loss: 0.0001 psnr: 37.82 dB  msssim: 0.9885
======  Epoch 1093 完成 ======LOSS: 0.0002 | PSNR: 37.82 dB | BEST: 37.82 dB | MSSSIM: 0.9885 | TIME: 60.25秒 | LR: 1.517e-04
epoch [1094/1200] batch [1/132] loss: 0.0001 psnr: 40.37 dB  msssim: 0.9945
epoch [1094/1200] batch [51/132] loss: 0.0001 psnr: 37.77 dB  msssim: 0.9883
epoch [1094/1200] batch [101/132] loss: 0.0002 psnr: 37.82 dB  msssim: 0.9884
epoch [1094/1200] batch [132/132] loss: 0.0003 psnr: 37.82 dB  msssim: 0.9885
======  Epoch 1094 完成 ======LOSS: 0.0002 | PSNR: 37.82 dB | BEST: 37.82 dB | MSSSIM: 0.9885 | TIME: 60.28秒 | LR: 1.489e-04
epoch [1095/1200] batch [1/132] loss: 0.0001 psnr: 40.37 dB  msssim: 0.9945
epoch [1095/1200] batch [51/132] loss: 0.0003 psnr: 37.92 dB  msssim: 0.9885
epoch [1095/1200] batch [101/132] loss: 0.0001 psnr: 37.73 dB  msssim: 0.9882
epoch [1095/1200] batch [132/132] loss: 0.0001 psnr: 37.82 dB  msssim: 0.9885
======  Epoch 1095 完成 ======LOSS: 0.0002 | PSNR: 37.82 dB | BEST: 37.82 dB | MSSSIM: 0.9885 | TIME: 60.27秒 | LR: 1.462e-04
epoch [1096/1200] batch [1/132] loss: 0.0002 psnr: 36.98 dB  msssim: 0.9872
epoch [1096/1200] batch [51/132] loss: 0.0003 psnr: 37.51 dB  msssim: 0.9878
epoch [1096/1200] batch [101/132] loss: 0.0002 psnr: 37.64 dB  msssim: 0.9880
epoch [1096/1200] batch [132/132] loss: 0.0001 psnr: 37.82 dB  msssim: 0.9885
======  Epoch 1096 完成 ======LOSS: 0.0002 | PSNR: 37.82 dB | BEST: 37.82 dB | MSSSIM: 0.9885 | TIME: 60.35秒 | LR: 1.434e-04
epoch [1097/1200] batch [1/132] loss: 0.0001 psnr: 40.49 dB  msssim: 0.9943
epoch [1097/1200] batch [51/132] loss: 0.0001 psnr: 37.93 dB  msssim: 0.9887
epoch [1097/1200] batch [101/132] loss: 0.0004 psnr: 37.84 dB  msssim: 0.9886
epoch [1097/1200] batch [132/132] loss: 0.0002 psnr: 37.83 dB  msssim: 0.9885
======  Epoch 1097 完成 ======LOSS: 0.0002 | PSNR: 37.83 dB | BEST: 37.83 dB | MSSSIM: 0.9885 | TIME: 60.48秒 | LR: 1.407e-04
epoch [1098/1200] batch [1/132] loss: 0.0002 psnr: 38.24 dB  msssim: 0.9905
epoch [1098/1200] batch [51/132] loss: 0.0001 psnr: 37.99 dB  msssim: 0.9888
epoch [1098/1200] batch [101/132] loss: 0.0003 psnr: 37.92 dB  msssim: 0.9887
epoch [1098/1200] batch [132/132] loss: 0.0001 psnr: 37.83 dB  msssim: 0.9885
======  Epoch 1098 完成 ======LOSS: 0.0002 | PSNR: 37.83 dB | BEST: 37.83 dB | MSSSIM: 0.9885 | TIME: 60.53秒 | LR: 1.380e-04
epoch [1099/1200] batch [1/132] loss: 0.0001 psnr: 39.17 dB  msssim: 0.9925
epoch [1099/1200] batch [51/132] loss: 0.0003 psnr: 38.00 dB  msssim: 0.9889
epoch [1099/1200] batch [101/132] loss: 0.0001 psnr: 37.95 dB  msssim: 0.9889
epoch [1099/1200] batch [132/132] loss: 0.0003 psnr: 37.83 dB  msssim: 0.9885
======  Epoch 1099 完成 ======LOSS: 0.0002 | PSNR: 37.83 dB | BEST: 37.83 dB | MSSSIM: 0.9885 | TIME: 60.26秒 | LR: 1.353e-04
epoch [1100/1200] batch [1/132] loss: 0.0002 psnr: 37.39 dB  msssim: 0.9892
epoch [1100/1200] batch [51/132] loss: 0.0001 psnr: 37.99 dB  msssim: 0.9889
epoch [1100/1200] batch [101/132] loss: 0.0001 psnr: 38.00 dB  msssim: 0.9890
epoch [1100/1200] batch [132/132] loss: 0.0001 psnr: 37.83 dB  msssim: 0.9885
======  Epoch 1100 完成 ======LOSS: 0.0002 | PSNR: 37.83 dB | BEST: 37.83 dB | MSSSIM: 0.9885 | TIME: 60.30秒 | LR: 1.327e-04
Step [1/132] | Val PSNR: 36.72 dB | Val MSSSIM: 0.9871 | FPS: 40.85
Step [51/132] | Val PSNR: 35.90 dB | Val MSSSIM: 0.9833 | FPS: 212.55
Step [101/132] | Val PSNR: 37.14 dB | Val MSSSIM: 0.9868 | FPS: 221.75
Step [132/132] | Val PSNR: 37.84 dB | Val MSSSIM: 0.9885 | FPS: 224.56
== Epoch 1100 测试完成 == PSNR: 37.84 dB | BEST: 37.83 dB | MSSSIM: 0.9885 | TIME: 18.72秒 | 
epoch [1101/1200] batch [1/132] loss: 0.0002 psnr: 37.53 dB  msssim: 0.9892
epoch [1101/1200] batch [51/132] loss: 0.0001 psnr: 37.57 dB  msssim: 0.9879
epoch [1101/1200] batch [101/132] loss: 0.0001 psnr: 37.82 dB  msssim: 0.9884
epoch [1101/1200] batch [132/132] loss: 0.0002 psnr: 37.83 dB  msssim: 0.9885
======  Epoch 1101 完成 ======LOSS: 0.0002 | PSNR: 37.83 dB | BEST: 37.83 dB | MSSSIM: 0.9885 | TIME: 60.24秒 | LR: 1.301e-04
epoch [1102/1200] batch [1/132] loss: 0.0002 psnr: 36.98 dB  msssim: 0.9872
epoch [1102/1200] batch [51/132] loss: 0.0003 psnr: 37.73 dB  msssim: 0.9882
epoch [1102/1200] batch [101/132] loss: 0.0001 psnr: 37.87 dB  msssim: 0.9887
epoch [1102/1200] batch [132/132] loss: 0.0002 psnr: 37.83 dB  msssim: 0.9885
======  Epoch 1102 完成 ======LOSS: 0.0002 | PSNR: 37.83 dB | BEST: 37.83 dB | MSSSIM: 0.9885 | TIME: 60.37秒 | LR: 1.275e-04
epoch [1103/1200] batch [1/132] loss: 0.0003 psnr: 35.86 dB  msssim: 0.9843
epoch [1103/1200] batch [51/132] loss: 0.0002 psnr: 37.59 dB  msssim: 0.9882
epoch [1103/1200] batch [101/132] loss: 0.0001 psnr: 37.83 dB  msssim: 0.9886
epoch [1103/1200] batch [132/132] loss: 0.0001 psnr: 37.83 dB  msssim: 0.9885
======  Epoch 1103 完成 ======LOSS: 0.0002 | PSNR: 37.83 dB | BEST: 37.83 dB | MSSSIM: 0.9885 | TIME: 60.35秒 | LR: 1.249e-04
epoch [1104/1200] batch [1/132] loss: 0.0002 psnr: 38.02 dB  msssim: 0.9902
epoch [1104/1200] batch [51/132] loss: 0.0002 psnr: 37.87 dB  msssim: 0.9887
epoch [1104/1200] batch [101/132] loss: 0.0001 psnr: 37.69 dB  msssim: 0.9881
epoch [1104/1200] batch [132/132] loss: 0.0001 psnr: 37.83 dB  msssim: 0.9885
======  Epoch 1104 完成 ======LOSS: 0.0002 | PSNR: 37.83 dB | BEST: 37.83 dB | MSSSIM: 0.9885 | TIME: 60.36秒 | LR: 1.224e-04
epoch [1105/1200] batch [1/132] loss: 0.0003 psnr: 35.72 dB  msssim: 0.9847
epoch [1105/1200] batch [51/132] loss: 0.0003 psnr: 37.99 dB  msssim: 0.9890
epoch [1105/1200] batch [101/132] loss: 0.0001 psnr: 38.02 dB  msssim: 0.9890
epoch [1105/1200] batch [132/132] loss: 0.0001 psnr: 37.83 dB  msssim: 0.9885
======  Epoch 1105 完成 ======LOSS: 0.0002 | PSNR: 37.83 dB | BEST: 37.83 dB | MSSSIM: 0.9885 | TIME: 60.30秒 | LR: 1.199e-04
epoch [1106/1200] batch [1/132] loss: 0.0001 psnr: 39.68 dB  msssim: 0.9929
epoch [1106/1200] batch [51/132] loss: 0.0001 psnr: 38.17 dB  msssim: 0.9895
epoch [1106/1200] batch [101/132] loss: 0.0001 psnr: 37.82 dB  msssim: 0.9885
epoch [1106/1200] batch [132/132] loss: 0.0003 psnr: 37.83 dB  msssim: 0.9885
======  Epoch 1106 完成 ======LOSS: 0.0002 | PSNR: 37.83 dB | BEST: 37.83 dB | MSSSIM: 0.9885 | TIME: 60.36秒 | LR: 1.174e-04
epoch [1107/1200] batch [1/132] loss: 0.0001 psnr: 40.65 dB  msssim: 0.9945
epoch [1107/1200] batch [51/132] loss: 0.0002 psnr: 37.98 dB  msssim: 0.9888
epoch [1107/1200] batch [101/132] loss: 0.0001 psnr: 37.79 dB  msssim: 0.9883
epoch [1107/1200] batch [132/132] loss: 0.0003 psnr: 37.83 dB  msssim: 0.9885
======  Epoch 1107 完成 ======LOSS: 0.0002 | PSNR: 37.83 dB | BEST: 37.83 dB | MSSSIM: 0.9885 | TIME: 60.36秒 | LR: 1.149e-04
epoch [1108/1200] batch [1/132] loss: 0.0001 psnr: 40.67 dB  msssim: 0.9946
epoch [1108/1200] batch [51/132] loss: 0.0001 psnr: 38.00 dB  msssim: 0.9889
epoch [1108/1200] batch [101/132] loss: 0.0001 psnr: 38.01 dB  msssim: 0.9889
epoch [1108/1200] batch [132/132] loss: 0.0003 psnr: 37.83 dB  msssim: 0.9885
======  Epoch 1108 完成 ======LOSS: 0.0002 | PSNR: 37.83 dB | BEST: 37.83 dB | MSSSIM: 0.9885 | TIME: 60.37秒 | LR: 1.125e-04
epoch [1109/1200] batch [1/132] loss: 0.0001 psnr: 39.24 dB  msssim: 0.9926
epoch [1109/1200] batch [51/132] loss: 0.0001 psnr: 38.02 dB  msssim: 0.9890
epoch [1109/1200] batch [101/132] loss: 0.0001 psnr: 37.90 dB  msssim: 0.9887
epoch [1109/1200] batch [132/132] loss: 0.0001 psnr: 37.83 dB  msssim: 0.9885
======  Epoch 1109 完成 ======LOSS: 0.0002 | PSNR: 37.83 dB | BEST: 37.83 dB | MSSSIM: 0.9885 | TIME: 60.33秒 | LR: 1.101e-04
epoch [1110/1200] batch [1/132] loss: 0.0001 psnr: 38.30 dB  msssim: 0.9907
epoch [1110/1200] batch [51/132] loss: 0.0001 psnr: 37.97 dB  msssim: 0.9889
epoch [1110/1200] batch [101/132] loss: 0.0001 psnr: 37.85 dB  msssim: 0.9885
epoch [1110/1200] batch [132/132] loss: 0.0002 psnr: 37.83 dB  msssim: 0.9885
======  Epoch 1110 完成 ======LOSS: 0.0002 | PSNR: 37.83 dB | BEST: 37.83 dB | MSSSIM: 0.9885 | TIME: 60.34秒 | LR: 1.077e-04
epoch [1111/1200] batch [1/132] loss: 0.0002 psnr: 36.98 dB  msssim: 0.9872
epoch [1111/1200] batch [51/132] loss: 0.0002 psnr: 38.04 dB  msssim: 0.9890
epoch [1111/1200] batch [101/132] loss: 0.0002 psnr: 37.90 dB  msssim: 0.9886
epoch [1111/1200] batch [132/132] loss: 0.0001 psnr: 37.83 dB  msssim: 0.9885
======  Epoch 1111 完成 ======LOSS: 0.0002 | PSNR: 37.83 dB | BEST: 37.83 dB | MSSSIM: 0.9885 | TIME: 60.36秒 | LR: 1.053e-04
epoch [1112/1200] batch [1/132] loss: 0.0002 psnr: 36.84 dB  msssim: 0.9869
epoch [1112/1200] batch [51/132] loss: 0.0003 psnr: 37.67 dB  msssim: 0.9881
epoch [1112/1200] batch [101/132] loss: 0.0002 psnr: 37.84 dB  msssim: 0.9884
epoch [1112/1200] batch [132/132] loss: 0.0002 psnr: 37.83 dB  msssim: 0.9885
======  Epoch 1112 完成 ======LOSS: 0.0002 | PSNR: 37.83 dB | BEST: 37.83 dB | MSSSIM: 0.9885 | TIME: 60.32秒 | LR: 1.030e-04
epoch [1113/1200] batch [1/132] loss: 0.0001 psnr: 40.49 dB  msssim: 0.9946
epoch [1113/1200] batch [51/132] loss: 0.0002 psnr: 38.08 dB  msssim: 0.9889
epoch [1113/1200] batch [101/132] loss: 0.0003 psnr: 37.68 dB  msssim: 0.9881
epoch [1113/1200] batch [132/132] loss: 0.0001 psnr: 37.83 dB  msssim: 0.9885
======  Epoch 1113 完成 ======LOSS: 0.0002 | PSNR: 37.83 dB | BEST: 37.83 dB | MSSSIM: 0.9885 | TIME: 60.28秒 | LR: 1.007e-04
epoch [1114/1200] batch [1/132] loss: 0.0001 psnr: 40.26 dB  msssim: 0.9940
epoch [1114/1200] batch [51/132] loss: 0.0002 psnr: 37.72 dB  msssim: 0.9882
epoch [1114/1200] batch [101/132] loss: 0.0001 psnr: 37.68 dB  msssim: 0.9881
epoch [1114/1200] batch [132/132] loss: 0.0002 psnr: 37.83 dB  msssim: 0.9885
======  Epoch 1114 完成 ======LOSS: 0.0002 | PSNR: 37.83 dB | BEST: 37.83 dB | MSSSIM: 0.9885 | TIME: 60.33秒 | LR: 9.837e-05
epoch [1115/1200] batch [1/132] loss: 0.0003 psnr: 34.78 dB  msssim: 0.9780
epoch [1115/1200] batch [51/132] loss: 0.0002 psnr: 37.37 dB  msssim: 0.9874
epoch [1115/1200] batch [101/132] loss: 0.0001 psnr: 37.57 dB  msssim: 0.9878
epoch [1115/1200] batch [132/132] loss: 0.0002 psnr: 37.83 dB  msssim: 0.9885
======  Epoch 1115 完成 ======LOSS: 0.0002 | PSNR: 37.83 dB | BEST: 37.83 dB | MSSSIM: 0.9885 | TIME: 60.28秒 | LR: 9.611e-05
epoch [1116/1200] batch [1/132] loss: 0.0003 psnr: 35.05 dB  msssim: 0.9803
epoch [1116/1200] batch [51/132] loss: 0.0002 psnr: 37.70 dB  msssim: 0.9881
epoch [1116/1200] batch [101/132] loss: 0.0001 psnr: 37.97 dB  msssim: 0.9889
epoch [1116/1200] batch [132/132] loss: 0.0003 psnr: 37.83 dB  msssim: 0.9885
======  Epoch 1116 完成 ======LOSS: 0.0002 | PSNR: 37.83 dB | BEST: 37.83 dB | MSSSIM: 0.9885 | TIME: 60.28秒 | LR: 9.388e-05
epoch [1117/1200] batch [1/132] loss: 0.0001 psnr: 40.38 dB  msssim: 0.9945
epoch [1117/1200] batch [51/132] loss: 0.0003 psnr: 38.25 dB  msssim: 0.9896
epoch [1117/1200] batch [101/132] loss: 0.0001 psnr: 37.91 dB  msssim: 0.9887
epoch [1117/1200] batch [132/132] loss: 0.0001 psnr: 37.83 dB  msssim: 0.9885
======  Epoch 1117 完成 ======LOSS: 0.0002 | PSNR: 37.83 dB | BEST: 37.83 dB | MSSSIM: 0.9885 | TIME: 60.30秒 | LR: 9.167e-05
epoch [1118/1200] batch [1/132] loss: 0.0003 psnr: 35.37 dB  msssim: 0.9813
epoch [1118/1200] batch [51/132] loss: 0.0002 psnr: 37.67 dB  msssim: 0.9881
epoch [1118/1200] batch [101/132] loss: 0.0001 psnr: 37.88 dB  msssim: 0.9886
epoch [1118/1200] batch [132/132] loss: 0.0001 psnr: 37.83 dB  msssim: 0.9885
======  Epoch 1118 完成 ======LOSS: 0.0002 | PSNR: 37.83 dB | BEST: 37.83 dB | MSSSIM: 0.9885 | TIME: 60.38秒 | LR: 8.949e-05
epoch [1119/1200] batch [1/132] loss: 0.0001 psnr: 40.30 dB  msssim: 0.9945
epoch [1119/1200] batch [51/132] loss: 0.0003 psnr: 37.73 dB  msssim: 0.9882
epoch [1119/1200] batch [101/132] loss: 0.0001 psnr: 37.85 dB  msssim: 0.9885
epoch [1119/1200] batch [132/132] loss: 0.0003 psnr: 37.83 dB  msssim: 0.9885
======  Epoch 1119 完成 ======LOSS: 0.0002 | PSNR: 37.83 dB | BEST: 37.83 dB | MSSSIM: 0.9885 | TIME: 60.33秒 | LR: 8.733e-05
epoch [1120/1200] batch [1/132] loss: 0.0003 psnr: 35.75 dB  msssim: 0.9835
epoch [1120/1200] batch [51/132] loss: 0.0001 psnr: 38.10 dB  msssim: 0.9891
epoch [1120/1200] batch [101/132] loss: 0.0001 psnr: 37.89 dB  msssim: 0.9886
epoch [1120/1200] batch [132/132] loss: 0.0001 psnr: 37.83 dB  msssim: 0.9885
======  Epoch 1120 完成 ======LOSS: 0.0002 | PSNR: 37.83 dB | BEST: 37.83 dB | MSSSIM: 0.9885 | TIME: 60.38秒 | LR: 8.520e-05
epoch [1121/1200] batch [1/132] loss: 0.0003 psnr: 34.77 dB  msssim: 0.9777
epoch [1121/1200] batch [51/132] loss: 0.0002 psnr: 37.68 dB  msssim: 0.9883
epoch [1121/1200] batch [101/132] loss: 0.0003 psnr: 37.80 dB  msssim: 0.9885
epoch [1121/1200] batch [132/132] loss: 0.0003 psnr: 37.83 dB  msssim: 0.9885
======  Epoch 1121 完成 ======LOSS: 0.0002 | PSNR: 37.83 dB | BEST: 37.83 dB | MSSSIM: 0.9885 | TIME: 60.24秒 | LR: 8.310e-05
epoch [1122/1200] batch [1/132] loss: 0.0002 psnr: 37.64 dB  msssim: 0.9893
epoch [1122/1200] batch [51/132] loss: 0.0002 psnr: 37.39 dB  msssim: 0.9875
epoch [1122/1200] batch [101/132] loss: 0.0001 psnr: 37.84 dB  msssim: 0.9885
epoch [1122/1200] batch [132/132] loss: 0.0003 psnr: 37.83 dB  msssim: 0.9885
======  Epoch 1122 完成 ======LOSS: 0.0002 | PSNR: 37.83 dB | BEST: 37.83 dB | MSSSIM: 0.9885 | TIME: 60.26秒 | LR: 8.102e-05
epoch [1123/1200] batch [1/132] loss: 0.0003 psnr: 35.63 dB  msssim: 0.9829
epoch [1123/1200] batch [51/132] loss: 0.0002 psnr: 37.44 dB  msssim: 0.9874
epoch [1123/1200] batch [101/132] loss: 0.0001 psnr: 37.86 dB  msssim: 0.9887
epoch [1123/1200] batch [132/132] loss: 0.0003 psnr: 37.83 dB  msssim: 0.9885
======  Epoch 1123 完成 ======LOSS: 0.0002 | PSNR: 37.83 dB | BEST: 37.83 dB | MSSSIM: 0.9885 | TIME: 60.26秒 | LR: 7.896e-05
epoch [1124/1200] batch [1/132] loss: 0.0002 psnr: 37.36 dB  msssim: 0.9892
epoch [1124/1200] batch [51/132] loss: 0.0001 psnr: 37.84 dB  msssim: 0.9888
epoch [1124/1200] batch [101/132] loss: 0.0003 psnr: 37.85 dB  msssim: 0.9886
epoch [1124/1200] batch [132/132] loss: 0.0002 psnr: 37.83 dB  msssim: 0.9885
======  Epoch 1124 完成 ======LOSS: 0.0002 | PSNR: 37.83 dB | BEST: 37.83 dB | MSSSIM: 0.9885 | TIME: 60.26秒 | LR: 7.694e-05
epoch [1125/1200] batch [1/132] loss: 0.0002 psnr: 36.35 dB  msssim: 0.9862
epoch [1125/1200] batch [51/132] loss: 0.0002 psnr: 37.55 dB  msssim: 0.9880
epoch [1125/1200] batch [101/132] loss: 0.0001 psnr: 37.83 dB  msssim: 0.9885
epoch [1125/1200] batch [132/132] loss: 0.0001 psnr: 37.83 dB  msssim: 0.9885
======  Epoch 1125 完成 ======LOSS: 0.0002 | PSNR: 37.83 dB | BEST: 37.83 dB | MSSSIM: 0.9885 | TIME: 60.36秒 | LR: 7.494e-05
epoch [1126/1200] batch [1/132] loss: 0.0003 psnr: 36.00 dB  msssim: 0.9856
epoch [1126/1200] batch [51/132] loss: 0.0001 psnr: 37.81 dB  msssim: 0.9884
epoch [1126/1200] batch [101/132] loss: 0.0003 psnr: 37.88 dB  msssim: 0.9886
epoch [1126/1200] batch [132/132] loss: 0.0001 psnr: 37.84 dB  msssim: 0.9885
======  Epoch 1126 完成 ======LOSS: 0.0002 | PSNR: 37.84 dB | BEST: 37.84 dB | MSSSIM: 0.9885 | TIME: 60.29秒 | LR: 7.296e-05
epoch [1127/1200] batch [1/132] loss: 0.0001 psnr: 39.73 dB  msssim: 0.9930
epoch [1127/1200] batch [51/132] loss: 0.0002 psnr: 38.63 dB  msssim: 0.9906
epoch [1127/1200] batch [101/132] loss: 0.0003 psnr: 37.89 dB  msssim: 0.9886
epoch [1127/1200] batch [132/132] loss: 0.0003 psnr: 37.84 dB  msssim: 0.9885
======  Epoch 1127 完成 ======LOSS: 0.0002 | PSNR: 37.84 dB | BEST: 37.84 dB | MSSSIM: 0.9885 | TIME: 60.23秒 | LR: 7.101e-05
epoch [1128/1200] batch [1/132] loss: 0.0002 psnr: 36.34 dB  msssim: 0.9862
epoch [1128/1200] batch [51/132] loss: 0.0001 psnr: 37.89 dB  msssim: 0.9888
epoch [1128/1200] batch [101/132] loss: 0.0002 psnr: 37.81 dB  msssim: 0.9885
epoch [1128/1200] batch [132/132] loss: 0.0001 psnr: 37.84 dB  msssim: 0.9885
======  Epoch 1128 完成 ======LOSS: 0.0002 | PSNR: 37.84 dB | BEST: 37.84 dB | MSSSIM: 0.9885 | TIME: 60.24秒 | LR: 6.909e-05
epoch [1129/1200] batch [1/132] loss: 0.0001 psnr: 40.45 dB  msssim: 0.9948
epoch [1129/1200] batch [51/132] loss: 0.0003 psnr: 37.63 dB  msssim: 0.9879
epoch [1129/1200] batch [101/132] loss: 0.0001 psnr: 37.78 dB  msssim: 0.9883
epoch [1129/1200] batch [132/132] loss: 0.0001 psnr: 37.84 dB  msssim: 0.9885
======  Epoch 1129 完成 ======LOSS: 0.0002 | PSNR: 37.84 dB | BEST: 37.84 dB | MSSSIM: 0.9885 | TIME: 60.30秒 | LR: 6.719e-05
epoch [1130/1200] batch [1/132] loss: 0.0002 psnr: 36.27 dB  msssim: 0.9852
epoch [1130/1200] batch [51/132] loss: 0.0001 psnr: 37.85 dB  msssim: 0.9886
epoch [1130/1200] batch [101/132] loss: 0.0002 psnr: 37.77 dB  msssim: 0.9883
epoch [1130/1200] batch [132/132] loss: 0.0001 psnr: 37.84 dB  msssim: 0.9885
======  Epoch 1130 完成 ======LOSS: 0.0002 | PSNR: 37.84 dB | BEST: 37.84 dB | MSSSIM: 0.9885 | TIME: 60.27秒 | LR: 6.532e-05
epoch [1131/1200] batch [1/132] loss: 0.0001 psnr: 40.38 dB  msssim: 0.9941
epoch [1131/1200] batch [51/132] loss: 0.0003 psnr: 37.70 dB  msssim: 0.9884
epoch [1131/1200] batch [101/132] loss: 0.0003 psnr: 37.99 dB  msssim: 0.9890
epoch [1131/1200] batch [132/132] loss: 0.0001 psnr: 37.84 dB  msssim: 0.9885
======  Epoch 1131 完成 ======LOSS: 0.0002 | PSNR: 37.84 dB | BEST: 37.84 dB | MSSSIM: 0.9885 | TIME: 60.35秒 | LR: 6.348e-05
epoch [1132/1200] batch [1/132] loss: 0.0001 psnr: 39.97 dB  msssim: 0.9937
epoch [1132/1200] batch [51/132] loss: 0.0001 psnr: 37.95 dB  msssim: 0.9888
epoch [1132/1200] batch [101/132] loss: 0.0002 psnr: 37.79 dB  msssim: 0.9883
epoch [1132/1200] batch [132/132] loss: 0.0001 psnr: 37.84 dB  msssim: 0.9885
======  Epoch 1132 完成 ======LOSS: 0.0002 | PSNR: 37.84 dB | BEST: 37.84 dB | MSSSIM: 0.9885 | TIME: 60.28秒 | LR: 6.166e-05
epoch [1133/1200] batch [1/132] loss: 0.0003 psnr: 35.06 dB  msssim: 0.9796
epoch [1133/1200] batch [51/132] loss: 0.0002 psnr: 37.91 dB  msssim: 0.9886
epoch [1133/1200] batch [101/132] loss: 0.0002 psnr: 37.96 dB  msssim: 0.9888
epoch [1133/1200] batch [132/132] loss: 0.0003 psnr: 37.84 dB  msssim: 0.9885
======  Epoch 1133 完成 ======LOSS: 0.0002 | PSNR: 37.84 dB | BEST: 37.84 dB | MSSSIM: 0.9885 | TIME: 60.39秒 | LR: 5.987e-05
epoch [1134/1200] batch [1/132] loss: 0.0001 psnr: 39.73 dB  msssim: 0.9933
epoch [1134/1200] batch [51/132] loss: 0.0002 psnr: 37.74 dB  msssim: 0.9881
epoch [1134/1200] batch [101/132] loss: 0.0001 psnr: 37.89 dB  msssim: 0.9886
epoch [1134/1200] batch [132/132] loss: 0.0002 psnr: 37.84 dB  msssim: 0.9885
======  Epoch 1134 完成 ======LOSS: 0.0002 | PSNR: 37.84 dB | BEST: 37.84 dB | MSSSIM: 0.9885 | TIME: 60.46秒 | LR: 5.810e-05
epoch [1135/1200] batch [1/132] loss: 0.0001 psnr: 39.43 dB  msssim: 0.9928
epoch [1135/1200] batch [51/132] loss: 0.0003 psnr: 37.96 dB  msssim: 0.9886
epoch [1135/1200] batch [101/132] loss: 0.0001 psnr: 38.06 dB  msssim: 0.9891
epoch [1135/1200] batch [132/132] loss: 0.0002 psnr: 37.84 dB  msssim: 0.9885
======  Epoch 1135 完成 ======LOSS: 0.0002 | PSNR: 37.84 dB | BEST: 37.84 dB | MSSSIM: 0.9885 | TIME: 60.30秒 | LR: 5.636e-05
epoch [1136/1200] batch [1/132] loss: 0.0001 psnr: 39.85 dB  msssim: 0.9932
epoch [1136/1200] batch [51/132] loss: 0.0003 psnr: 37.84 dB  msssim: 0.9885
epoch [1136/1200] batch [101/132] loss: 0.0003 psnr: 37.78 dB  msssim: 0.9883
epoch [1136/1200] batch [132/132] loss: 0.0001 psnr: 37.84 dB  msssim: 0.9885
======  Epoch 1136 完成 ======LOSS: 0.0002 | PSNR: 37.84 dB | BEST: 37.84 dB | MSSSIM: 0.9885 | TIME: 60.35秒 | LR: 5.464e-05
epoch [1137/1200] batch [1/132] loss: 0.0003 psnr: 35.70 dB  msssim: 0.9830
epoch [1137/1200] batch [51/132] loss: 0.0002 psnr: 37.43 dB  msssim: 0.9874
epoch [1137/1200] batch [101/132] loss: 0.0001 psnr: 37.74 dB  msssim: 0.9882
epoch [1137/1200] batch [132/132] loss: 0.0001 psnr: 37.84 dB  msssim: 0.9885
======  Epoch 1137 完成 ======LOSS: 0.0002 | PSNR: 37.84 dB | BEST: 37.84 dB | MSSSIM: 0.9885 | TIME: 60.28秒 | LR: 5.296e-05
epoch [1138/1200] batch [1/132] loss: 0.0002 psnr: 36.73 dB  msssim: 0.9872
epoch [1138/1200] batch [51/132] loss: 0.0002 psnr: 38.11 dB  msssim: 0.9891
epoch [1138/1200] batch [101/132] loss: 0.0002 psnr: 37.80 dB  msssim: 0.9883
epoch [1138/1200] batch [132/132] loss: 0.0003 psnr: 37.84 dB  msssim: 0.9885
======  Epoch 1138 完成 ======LOSS: 0.0002 | PSNR: 37.84 dB | BEST: 37.84 dB | MSSSIM: 0.9885 | TIME: 60.31秒 | LR: 5.129e-05
epoch [1139/1200] batch [1/132] loss: 0.0002 psnr: 37.12 dB  msssim: 0.9876
epoch [1139/1200] batch [51/132] loss: 0.0003 psnr: 38.05 dB  msssim: 0.9890
epoch [1139/1200] batch [101/132] loss: 0.0001 psnr: 37.83 dB  msssim: 0.9885
epoch [1139/1200] batch [132/132] loss: 0.0001 psnr: 37.84 dB  msssim: 0.9885
======  Epoch 1139 完成 ======LOSS: 0.0002 | PSNR: 37.84 dB | BEST: 37.84 dB | MSSSIM: 0.9885 | TIME: 60.34秒 | LR: 4.966e-05
epoch [1140/1200] batch [1/132] loss: 0.0002 psnr: 36.38 dB  msssim: 0.9863
epoch [1140/1200] batch [51/132] loss: 0.0002 psnr: 37.81 dB  msssim: 0.9887
epoch [1140/1200] batch [101/132] loss: 0.0001 psnr: 37.89 dB  msssim: 0.9887
epoch [1140/1200] batch [132/132] loss: 0.0001 psnr: 37.84 dB  msssim: 0.9885
======  Epoch 1140 完成 ======LOSS: 0.0002 | PSNR: 37.84 dB | BEST: 37.84 dB | MSSSIM: 0.9885 | TIME: 60.28秒 | LR: 4.805e-05
epoch [1141/1200] batch [1/132] loss: 0.0002 psnr: 37.39 dB  msssim: 0.9893
epoch [1141/1200] batch [51/132] loss: 0.0001 psnr: 37.59 dB  msssim: 0.9878
epoch [1141/1200] batch [101/132] loss: 0.0002 psnr: 37.83 dB  msssim: 0.9885
epoch [1141/1200] batch [132/132] loss: 0.0002 psnr: 37.84 dB  msssim: 0.9885
======  Epoch 1141 完成 ======LOSS: 0.0002 | PSNR: 37.84 dB | BEST: 37.84 dB | MSSSIM: 0.9885 | TIME: 60.38秒 | LR: 4.647e-05
epoch [1142/1200] batch [1/132] loss: 0.0004 psnr: 34.36 dB  msssim: 0.9786
epoch [1142/1200] batch [51/132] loss: 0.0002 psnr: 37.73 dB  msssim: 0.9881
epoch [1142/1200] batch [101/132] loss: 0.0001 psnr: 37.97 dB  msssim: 0.9888
epoch [1142/1200] batch [132/132] loss: 0.0002 psnr: 37.84 dB  msssim: 0.9885
======  Epoch 1142 完成 ======LOSS: 0.0002 | PSNR: 37.84 dB | BEST: 37.84 dB | MSSSIM: 0.9885 | TIME: 60.34秒 | LR: 4.491e-05
epoch [1143/1200] batch [1/132] loss: 0.0001 psnr: 38.30 dB  msssim: 0.9907
epoch [1143/1200] batch [51/132] loss: 0.0002 psnr: 37.78 dB  msssim: 0.9885
epoch [1143/1200] batch [101/132] loss: 0.0003 psnr: 37.81 dB  msssim: 0.9885
epoch [1143/1200] batch [132/132] loss: 0.0001 psnr: 37.84 dB  msssim: 0.9885
======  Epoch 1143 完成 ======LOSS: 0.0002 | PSNR: 37.84 dB | BEST: 37.84 dB | MSSSIM: 0.9885 | TIME: 60.24秒 | LR: 4.338e-05
epoch [1144/1200] batch [1/132] loss: 0.0002 psnr: 36.80 dB  msssim: 0.9873
epoch [1144/1200] batch [51/132] loss: 0.0001 psnr: 37.78 dB  msssim: 0.9884
epoch [1144/1200] batch [101/132] loss: 0.0003 psnr: 37.96 dB  msssim: 0.9888
epoch [1144/1200] batch [132/132] loss: 0.0003 psnr: 37.84 dB  msssim: 0.9885
======  Epoch 1144 完成 ======LOSS: 0.0002 | PSNR: 37.84 dB | BEST: 37.84 dB | MSSSIM: 0.9885 | TIME: 60.24秒 | LR: 4.187e-05
epoch [1145/1200] batch [1/132] loss: 0.0002 psnr: 36.06 dB  msssim: 0.9846
epoch [1145/1200] batch [51/132] loss: 0.0002 psnr: 38.27 dB  msssim: 0.9899
epoch [1145/1200] batch [101/132] loss: 0.0001 psnr: 37.88 dB  msssim: 0.9886
epoch [1145/1200] batch [132/132] loss: 0.0003 psnr: 37.84 dB  msssim: 0.9885
======  Epoch 1145 完成 ======LOSS: 0.0002 | PSNR: 37.84 dB | BEST: 37.84 dB | MSSSIM: 0.9885 | TIME: 60.29秒 | LR: 4.040e-05
epoch [1146/1200] batch [1/132] loss: 0.0001 psnr: 39.98 dB  msssim: 0.9938
epoch [1146/1200] batch [51/132] loss: 0.0001 psnr: 37.83 dB  msssim: 0.9886
epoch [1146/1200] batch [101/132] loss: 0.0001 psnr: 37.84 dB  msssim: 0.9886
epoch [1146/1200] batch [132/132] loss: 0.0001 psnr: 37.84 dB  msssim: 0.9885
======  Epoch 1146 完成 ======LOSS: 0.0002 | PSNR: 37.84 dB | BEST: 37.84 dB | MSSSIM: 0.9885 | TIME: 60.31秒 | LR: 3.894e-05
epoch [1147/1200] batch [1/132] loss: 0.0001 psnr: 40.38 dB  msssim: 0.9945
epoch [1147/1200] batch [51/132] loss: 0.0003 psnr: 38.09 dB  msssim: 0.9892
epoch [1147/1200] batch [101/132] loss: 0.0003 psnr: 37.81 dB  msssim: 0.9884
epoch [1147/1200] batch [132/132] loss: 0.0003 psnr: 37.84 dB  msssim: 0.9885
======  Epoch 1147 完成 ======LOSS: 0.0002 | PSNR: 37.84 dB | BEST: 37.84 dB | MSSSIM: 0.9885 | TIME: 60.29秒 | LR: 3.752e-05
epoch [1148/1200] batch [1/132] loss: 0.0001 psnr: 40.65 dB  msssim: 0.9945
epoch [1148/1200] batch [51/132] loss: 0.0003 psnr: 37.70 dB  msssim: 0.9884
epoch [1148/1200] batch [101/132] loss: 0.0001 psnr: 37.97 dB  msssim: 0.9888
epoch [1148/1200] batch [132/132] loss: 0.0001 psnr: 37.84 dB  msssim: 0.9885
======  Epoch 1148 完成 ======LOSS: 0.0002 | PSNR: 37.84 dB | BEST: 37.84 dB | MSSSIM: 0.9885 | TIME: 60.27秒 | LR: 3.612e-05
epoch [1149/1200] batch [1/132] loss: 0.0002 psnr: 37.12 dB  msssim: 0.9876
epoch [1149/1200] batch [51/132] loss: 0.0003 psnr: 37.62 dB  msssim: 0.9878
epoch [1149/1200] batch [101/132] loss: 0.0001 psnr: 37.92 dB  msssim: 0.9887
epoch [1149/1200] batch [132/132] loss: 0.0002 psnr: 37.84 dB  msssim: 0.9885
======  Epoch 1149 完成 ======LOSS: 0.0002 | PSNR: 37.84 dB | BEST: 37.84 dB | MSSSIM: 0.9885 | TIME: 60.26秒 | LR: 3.475e-05
epoch [1150/1200] batch [1/132] loss: 0.0002 psnr: 36.33 dB  msssim: 0.9861
epoch [1150/1200] batch [51/132] loss: 0.0001 psnr: 37.99 dB  msssim: 0.9889
epoch [1150/1200] batch [101/132] loss: 0.0002 psnr: 37.89 dB  msssim: 0.9886
epoch [1150/1200] batch [132/132] loss: 0.0002 psnr: 37.84 dB  msssim: 0.9885
======  Epoch 1150 完成 ======LOSS: 0.0002 | PSNR: 37.84 dB | BEST: 37.84 dB | MSSSIM: 0.9885 | TIME: 60.27秒 | LR: 3.340e-05
Step [1/132] | Val PSNR: 36.74 dB | Val MSSSIM: 0.9872 | FPS: 38.39
Step [51/132] | Val PSNR: 35.91 dB | Val MSSSIM: 0.9833 | FPS: 211.76
Step [101/132] | Val PSNR: 37.15 dB | Val MSSSIM: 0.9868 | FPS: 221.76
Step [132/132] | Val PSNR: 37.85 dB | Val MSSSIM: 0.9885 | FPS: 225.24
== Epoch 1150 测试完成 == PSNR: 37.85 dB | BEST: 37.84 dB | MSSSIM: 0.9885 | TIME: 18.73秒 | 
epoch [1151/1200] batch [1/132] loss: 0.0002 psnr: 37.58 dB  msssim: 0.9894
epoch [1151/1200] batch [51/132] loss: 0.0001 psnr: 37.89 dB  msssim: 0.9886
epoch [1151/1200] batch [101/132] loss: 0.0001 psnr: 37.87 dB  msssim: 0.9886
epoch [1151/1200] batch [132/132] loss: 0.0001 psnr: 37.84 dB  msssim: 0.9885
======  Epoch 1151 完成 ======LOSS: 0.0002 | PSNR: 37.84 dB | BEST: 37.84 dB | MSSSIM: 0.9885 | TIME: 60.27秒 | LR: 3.208e-05
epoch [1152/1200] batch [1/132] loss: 0.0001 psnr: 40.40 dB  msssim: 0.9946
epoch [1152/1200] batch [51/132] loss: 0.0001 psnr: 37.95 dB  msssim: 0.9887
epoch [1152/1200] batch [101/132] loss: 0.0001 psnr: 37.86 dB  msssim: 0.9885
epoch [1152/1200] batch [132/132] loss: 0.0002 psnr: 37.84 dB  msssim: 0.9885
======  Epoch 1152 完成 ======LOSS: 0.0002 | PSNR: 37.84 dB | BEST: 37.84 dB | MSSSIM: 0.9885 | TIME: 60.34秒 | LR: 3.079e-05
epoch [1153/1200] batch [1/132] loss: 0.0003 psnr: 36.02 dB  msssim: 0.9857
epoch [1153/1200] batch [51/132] loss: 0.0001 psnr: 37.71 dB  msssim: 0.9883
epoch [1153/1200] batch [101/132] loss: 0.0003 psnr: 37.88 dB  msssim: 0.9887
epoch [1153/1200] batch [132/132] loss: 0.0002 psnr: 37.84 dB  msssim: 0.9885
======  Epoch 1153 完成 ======LOSS: 0.0002 | PSNR: 37.84 dB | BEST: 37.84 dB | MSSSIM: 0.9885 | TIME: 60.39秒 | LR: 2.952e-05
epoch [1154/1200] batch [1/132] loss: 0.0003 psnr: 35.06 dB  msssim: 0.9796
epoch [1154/1200] batch [51/132] loss: 0.0003 psnr: 37.57 dB  msssim: 0.9879
epoch [1154/1200] batch [101/132] loss: 0.0002 psnr: 37.93 dB  msssim: 0.9888
epoch [1154/1200] batch [132/132] loss: 0.0002 psnr: 37.84 dB  msssim: 0.9885
======  Epoch 1154 完成 ======LOSS: 0.0002 | PSNR: 37.84 dB | BEST: 37.84 dB | MSSSIM: 0.9885 | TIME: 60.35秒 | LR: 2.828e-05
epoch [1155/1200] batch [1/132] loss: 0.0001 psnr: 40.48 dB  msssim: 0.9944
epoch [1155/1200] batch [51/132] loss: 0.0001 psnr: 37.58 dB  msssim: 0.9878
epoch [1155/1200] batch [101/132] loss: 0.0003 psnr: 37.86 dB  msssim: 0.9885
epoch [1155/1200] batch [132/132] loss: 0.0003 psnr: 37.84 dB  msssim: 0.9885
======  Epoch 1155 完成 ======LOSS: 0.0002 | PSNR: 37.84 dB | BEST: 37.84 dB | MSSSIM: 0.9885 | TIME: 60.41秒 | LR: 2.707e-05
epoch [1156/1200] batch [1/132] loss: 0.0002 psnr: 37.65 dB  msssim: 0.9894
epoch [1156/1200] batch [51/132] loss: 0.0003 psnr: 37.81 dB  msssim: 0.9885
epoch [1156/1200] batch [101/132] loss: 0.0003 psnr: 37.76 dB  msssim: 0.9884
epoch [1156/1200] batch [132/132] loss: 0.0003 psnr: 37.84 dB  msssim: 0.9885
======  Epoch 1156 完成 ======LOSS: 0.0002 | PSNR: 37.84 dB | BEST: 37.84 dB | MSSSIM: 0.9885 | TIME: 60.42秒 | LR: 2.588e-05
epoch [1157/1200] batch [1/132] loss: 0.0001 psnr: 38.96 dB  msssim: 0.9920
epoch [1157/1200] batch [51/132] loss: 0.0001 psnr: 37.82 dB  msssim: 0.9885
epoch [1157/1200] batch [101/132] loss: 0.0001 psnr: 37.62 dB  msssim: 0.9880
epoch [1157/1200] batch [132/132] loss: 0.0001 psnr: 37.84 dB  msssim: 0.9885
======  Epoch 1157 完成 ======LOSS: 0.0002 | PSNR: 37.84 dB | BEST: 37.84 dB | MSSSIM: 0.9885 | TIME: 60.32秒 | LR: 2.472e-05
epoch [1158/1200] batch [1/132] loss: 0.0002 psnr: 37.40 dB  msssim: 0.9891
epoch [1158/1200] batch [51/132] loss: 0.0001 psnr: 37.90 dB  msssim: 0.9888
epoch [1158/1200] batch [101/132] loss: 0.0001 psnr: 37.98 dB  msssim: 0.9889
epoch [1158/1200] batch [132/132] loss: 0.0001 psnr: 37.84 dB  msssim: 0.9885
======  Epoch 1158 完成 ======LOSS: 0.0002 | PSNR: 37.84 dB | BEST: 37.84 dB | MSSSIM: 0.9885 | TIME: 60.31秒 | LR: 2.359e-05
epoch [1159/1200] batch [1/132] loss: 0.0001 psnr: 40.05 dB  msssim: 0.9938
epoch [1159/1200] batch [51/132] loss: 0.0001 psnr: 37.83 dB  msssim: 0.9883
epoch [1159/1200] batch [101/132] loss: 0.0001 psnr: 37.98 dB  msssim: 0.9888
epoch [1159/1200] batch [132/132] loss: 0.0001 psnr: 37.84 dB  msssim: 0.9885
======  Epoch 1159 完成 ======LOSS: 0.0002 | PSNR: 37.84 dB | BEST: 37.84 dB | MSSSIM: 0.9885 | TIME: 60.33秒 | LR: 2.248e-05
epoch [1160/1200] batch [1/132] loss: 0.0001 psnr: 40.27 dB  msssim: 0.9940
epoch [1160/1200] batch [51/132] loss: 0.0002 psnr: 37.69 dB  msssim: 0.9881
epoch [1160/1200] batch [101/132] loss: 0.0003 psnr: 37.74 dB  msssim: 0.9883
epoch [1160/1200] batch [132/132] loss: 0.0001 psnr: 37.84 dB  msssim: 0.9885
======  Epoch 1160 完成 ======LOSS: 0.0002 | PSNR: 37.84 dB | BEST: 37.84 dB | MSSSIM: 0.9885 | TIME: 60.32秒 | LR: 2.140e-05
epoch [1161/1200] batch [1/132] loss: 0.0003 psnr: 35.94 dB  msssim: 0.9847
epoch [1161/1200] batch [51/132] loss: 0.0001 psnr: 37.95 dB  msssim: 0.9888
epoch [1161/1200] batch [101/132] loss: 0.0001 psnr: 37.77 dB  msssim: 0.9883
epoch [1161/1200] batch [132/132] loss: 0.0002 psnr: 37.84 dB  msssim: 0.9885
======  Epoch 1161 完成 ======LOSS: 0.0002 | PSNR: 37.84 dB | BEST: 37.84 dB | MSSSIM: 0.9885 | TIME: 60.36秒 | LR: 2.034e-05
epoch [1162/1200] batch [1/132] loss: 0.0001 psnr: 40.05 dB  msssim: 0.9938
epoch [1162/1200] batch [51/132] loss: 0.0003 psnr: 38.11 dB  msssim: 0.9891
epoch [1162/1200] batch [101/132] loss: 0.0001 psnr: 37.79 dB  msssim: 0.9883
epoch [1162/1200] batch [132/132] loss: 0.0001 psnr: 37.84 dB  msssim: 0.9885
======  Epoch 1162 完成 ======LOSS: 0.0002 | PSNR: 37.84 dB | BEST: 37.84 dB | MSSSIM: 0.9885 | TIME: 60.36秒 | LR: 1.931e-05
epoch [1163/1200] batch [1/132] loss: 0.0002 psnr: 36.34 dB  msssim: 0.9861
epoch [1163/1200] batch [51/132] loss: 0.0001 psnr: 37.78 dB  msssim: 0.9886
epoch [1163/1200] batch [101/132] loss: 0.0003 psnr: 37.81 dB  msssim: 0.9884
epoch [1163/1200] batch [132/132] loss: 0.0001 psnr: 37.84 dB  msssim: 0.9885
======  Epoch 1163 完成 ======LOSS: 0.0002 | PSNR: 37.84 dB | BEST: 37.84 dB | MSSSIM: 0.9885 | TIME: 60.65秒 | LR: 1.831e-05
epoch [1164/1200] batch [1/132] loss: 0.0002 psnr: 36.35 dB  msssim: 0.9862
epoch [1164/1200] batch [51/132] loss: 0.0002 psnr: 38.17 dB  msssim: 0.9894
epoch [1164/1200] batch [101/132] loss: 0.0003 psnr: 37.84 dB  msssim: 0.9885
epoch [1164/1200] batch [132/132] loss: 0.0001 psnr: 37.84 dB  msssim: 0.9885
======  Epoch 1164 完成 ======LOSS: 0.0002 | PSNR: 37.84 dB | BEST: 37.84 dB | MSSSIM: 0.9885 | TIME: 60.41秒 | LR: 1.734e-05
epoch [1165/1200] batch [1/132] loss: 0.0003 psnr: 35.51 dB  msssim: 0.9821
epoch [1165/1200] batch [51/132] loss: 0.0002 psnr: 38.24 dB  msssim: 0.9897
epoch [1165/1200] batch [101/132] loss: 0.0001 psnr: 37.85 dB  msssim: 0.9886
epoch [1165/1200] batch [132/132] loss: 0.0001 psnr: 37.84 dB  msssim: 0.9885
======  Epoch 1165 完成 ======LOSS: 0.0002 | PSNR: 37.84 dB | BEST: 37.84 dB | MSSSIM: 0.9885 | TIME: 60.37秒 | LR: 1.639e-05
epoch [1166/1200] batch [1/132] loss: 0.0001 psnr: 40.49 dB  msssim: 0.9943
epoch [1166/1200] batch [51/132] loss: 0.0003 psnr: 37.82 dB  msssim: 0.9886
epoch [1166/1200] batch [101/132] loss: 0.0003 psnr: 37.87 dB  msssim: 0.9887
epoch [1166/1200] batch [132/132] loss: 0.0003 psnr: 37.84 dB  msssim: 0.9885
======  Epoch 1166 完成 ======LOSS: 0.0002 | PSNR: 37.84 dB | BEST: 37.84 dB | MSSSIM: 0.9885 | TIME: 60.36秒 | LR: 1.547e-05
epoch [1167/1200] batch [1/132] loss: 0.0001 psnr: 40.23 dB  msssim: 0.9945
epoch [1167/1200] batch [51/132] loss: 0.0001 psnr: 37.54 dB  msssim: 0.9880
epoch [1167/1200] batch [101/132] loss: 0.0001 psnr: 37.75 dB  msssim: 0.9883
epoch [1167/1200] batch [132/132] loss: 0.0003 psnr: 37.85 dB  msssim: 0.9885
======  Epoch 1167 完成 ======LOSS: 0.0002 | PSNR: 37.85 dB | BEST: 37.85 dB | MSSSIM: 0.9885 | TIME: 60.34秒 | LR: 1.457e-05
epoch [1168/1200] batch [1/132] loss: 0.0003 psnr: 35.94 dB  msssim: 0.9847
epoch [1168/1200] batch [51/132] loss: 0.0002 psnr: 37.76 dB  msssim: 0.9883
epoch [1168/1200] batch [101/132] loss: 0.0003 psnr: 37.74 dB  msssim: 0.9883
epoch [1168/1200] batch [132/132] loss: 0.0003 psnr: 37.85 dB  msssim: 0.9885
======  Epoch 1168 完成 ======LOSS: 0.0002 | PSNR: 37.85 dB | BEST: 37.85 dB | MSSSIM: 0.9885 | TIME: 60.36秒 | LR: 1.370e-05
epoch [1169/1200] batch [1/132] loss: 0.0003 psnr: 34.79 dB  msssim: 0.9780
epoch [1169/1200] batch [51/132] loss: 0.0001 psnr: 38.00 dB  msssim: 0.9889
epoch [1169/1200] batch [101/132] loss: 0.0003 psnr: 37.80 dB  msssim: 0.9884
epoch [1169/1200] batch [132/132] loss: 0.0002 psnr: 37.85 dB  msssim: 0.9885
======  Epoch 1169 完成 ======LOSS: 0.0002 | PSNR: 37.85 dB | BEST: 37.85 dB | MSSSIM: 0.9885 | TIME: 60.40秒 | LR: 1.286e-05
epoch [1170/1200] batch [1/132] loss: 0.0001 psnr: 39.61 dB  msssim: 0.9929
epoch [1170/1200] batch [51/132] loss: 0.0003 psnr: 37.64 dB  msssim: 0.9879
epoch [1170/1200] batch [101/132] loss: 0.0001 psnr: 37.80 dB  msssim: 0.9885
epoch [1170/1200] batch [132/132] loss: 0.0003 psnr: 37.85 dB  msssim: 0.9885
======  Epoch 1170 完成 ======LOSS: 0.0002 | PSNR: 37.85 dB | BEST: 37.85 dB | MSSSIM: 0.9885 | TIME: 60.34秒 | LR: 1.204e-05
epoch [1171/1200] batch [1/132] loss: 0.0003 psnr: 35.05 dB  msssim: 0.9803
epoch [1171/1200] batch [51/132] loss: 0.0003 psnr: 37.76 dB  msssim: 0.9882
epoch [1171/1200] batch [101/132] loss: 0.0001 psnr: 37.95 dB  msssim: 0.9889
epoch [1171/1200] batch [132/132] loss: 0.0003 psnr: 37.85 dB  msssim: 0.9885
======  Epoch 1171 完成 ======LOSS: 0.0002 | PSNR: 37.85 dB | BEST: 37.85 dB | MSSSIM: 0.9885 | TIME: 60.38秒 | LR: 1.126e-05
epoch [1172/1200] batch [1/132] loss: 0.0002 psnr: 37.39 dB  msssim: 0.9893
epoch [1172/1200] batch [51/132] loss: 0.0002 psnr: 37.48 dB  msssim: 0.9878
epoch [1172/1200] batch [101/132] loss: 0.0001 psnr: 37.90 dB  msssim: 0.9888
epoch [1172/1200] batch [132/132] loss: 0.0001 psnr: 37.85 dB  msssim: 0.9885
======  Epoch 1172 完成 ======LOSS: 0.0002 | PSNR: 37.85 dB | BEST: 37.85 dB | MSSSIM: 0.9885 | TIME: 60.36秒 | LR: 1.049e-05
epoch [1173/1200] batch [1/132] loss: 0.0002 psnr: 36.45 dB  msssim: 0.9857
epoch [1173/1200] batch [51/132] loss: 0.0003 psnr: 37.68 dB  msssim: 0.9881
epoch [1173/1200] batch [101/132] loss: 0.0002 psnr: 37.74 dB  msssim: 0.9883
epoch [1173/1200] batch [132/132] loss: 0.0001 psnr: 37.85 dB  msssim: 0.9885
======  Epoch 1173 完成 ======LOSS: 0.0002 | PSNR: 37.85 dB | BEST: 37.85 dB | MSSSIM: 0.9885 | TIME: 60.29秒 | LR: 9.758e-06
epoch [1174/1200] batch [1/132] loss: 0.0003 psnr: 35.17 dB  msssim: 0.9807
epoch [1174/1200] batch [51/132] loss: 0.0002 psnr: 37.71 dB  msssim: 0.9880
epoch [1174/1200] batch [101/132] loss: 0.0002 psnr: 37.68 dB  msssim: 0.9881
epoch [1174/1200] batch [132/132] loss: 0.0003 psnr: 37.85 dB  msssim: 0.9885
======  Epoch 1174 完成 ======LOSS: 0.0002 | PSNR: 37.85 dB | BEST: 37.85 dB | MSSSIM: 0.9885 | TIME: 60.29秒 | LR: 9.049e-06
epoch [1175/1200] batch [1/132] loss: 0.0001 psnr: 39.85 dB  msssim: 0.9932
epoch [1175/1200] batch [51/132] loss: 0.0002 psnr: 37.94 dB  msssim: 0.9887
epoch [1175/1200] batch [101/132] loss: 0.0003 psnr: 37.90 dB  msssim: 0.9887
epoch [1175/1200] batch [132/132] loss: 0.0001 psnr: 37.85 dB  msssim: 0.9885
======  Epoch 1175 完成 ======LOSS: 0.0002 | PSNR: 37.85 dB | BEST: 37.85 dB | MSSSIM: 0.9885 | TIME: 60.28秒 | LR: 8.367e-06
epoch [1176/1200] batch [1/132] loss: 0.0002 psnr: 37.46 dB  msssim: 0.9890
epoch [1176/1200] batch [51/132] loss: 0.0001 psnr: 37.72 dB  msssim: 0.9882
epoch [1176/1200] batch [101/132] loss: 0.0003 psnr: 37.85 dB  msssim: 0.9885
epoch [1176/1200] batch [132/132] loss: 0.0001 psnr: 37.85 dB  msssim: 0.9885
======  Epoch 1176 完成 ======LOSS: 0.0002 | PSNR: 37.85 dB | BEST: 37.85 dB | MSSSIM: 0.9885 | TIME: 60.30秒 | LR: 7.712e-06
epoch [1177/1200] batch [1/132] loss: 0.0003 psnr: 35.05 dB  msssim: 0.9803
epoch [1177/1200] batch [51/132] loss: 0.0002 psnr: 37.86 dB  msssim: 0.9885
epoch [1177/1200] batch [101/132] loss: 0.0003 psnr: 37.77 dB  msssim: 0.9883
epoch [1177/1200] batch [132/132] loss: 0.0001 psnr: 37.85 dB  msssim: 0.9885
======  Epoch 1177 完成 ======LOSS: 0.0002 | PSNR: 37.85 dB | BEST: 37.85 dB | MSSSIM: 0.9885 | TIME: 60.33秒 | LR: 7.083e-06
epoch [1178/1200] batch [1/132] loss: 0.0003 psnr: 35.76 dB  msssim: 0.9835
epoch [1178/1200] batch [51/132] loss: 0.0001 psnr: 37.95 dB  msssim: 0.9890
epoch [1178/1200] batch [101/132] loss: 0.0001 psnr: 37.85 dB  msssim: 0.9886
epoch [1178/1200] batch [132/132] loss: 0.0001 psnr: 37.85 dB  msssim: 0.9885
======  Epoch 1178 完成 ======LOSS: 0.0002 | PSNR: 37.85 dB | BEST: 37.85 dB | MSSSIM: 0.9885 | TIME: 60.21秒 | LR: 6.481e-06
epoch [1179/1200] batch [1/132] loss: 0.0001 psnr: 39.35 dB  msssim: 0.9930
epoch [1179/1200] batch [51/132] loss: 0.0003 psnr: 38.01 dB  msssim: 0.9891
epoch [1179/1200] batch [101/132] loss: 0.0002 psnr: 37.74 dB  msssim: 0.9883
epoch [1179/1200] batch [132/132] loss: 0.0003 psnr: 37.85 dB  msssim: 0.9885
======  Epoch 1179 完成 ======LOSS: 0.0002 | PSNR: 37.85 dB | BEST: 37.85 dB | MSSSIM: 0.9885 | TIME: 60.25秒 | LR: 5.905e-06
epoch [1180/1200] batch [1/132] loss: 0.0001 psnr: 40.47 dB  msssim: 0.9948
epoch [1180/1200] batch [51/132] loss: 0.0003 psnr: 37.81 dB  msssim: 0.9880
epoch [1180/1200] batch [101/132] loss: 0.0003 psnr: 37.78 dB  msssim: 0.9882
epoch [1180/1200] batch [132/132] loss: 0.0001 psnr: 37.85 dB  msssim: 0.9885
======  Epoch 1180 完成 ======LOSS: 0.0002 | PSNR: 37.85 dB | BEST: 37.85 dB | MSSSIM: 0.9885 | TIME: 60.31秒 | LR: 5.357e-06
epoch [1181/1200] batch [1/132] loss: 0.0003 psnr: 35.05 dB  msssim: 0.9800
epoch [1181/1200] batch [51/132] loss: 0.0001 psnr: 37.63 dB  msssim: 0.9878
epoch [1181/1200] batch [101/132] loss: 0.0001 psnr: 37.72 dB  msssim: 0.9882
epoch [1181/1200] batch [132/132] loss: 0.0001 psnr: 37.85 dB  msssim: 0.9885
======  Epoch 1181 完成 ======LOSS: 0.0002 | PSNR: 37.85 dB | BEST: 37.85 dB | MSSSIM: 0.9885 | TIME: 60.33秒 | LR: 4.835e-06
epoch [1182/1200] batch [1/132] loss: 0.0002 psnr: 37.29 dB  msssim: 0.9883
epoch [1182/1200] batch [51/132] loss: 0.0003 psnr: 37.95 dB  msssim: 0.9888
epoch [1182/1200] batch [101/132] loss: 0.0001 psnr: 37.89 dB  msssim: 0.9887
epoch [1182/1200] batch [132/132] loss: 0.0003 psnr: 37.85 dB  msssim: 0.9885
======  Epoch 1182 完成 ======LOSS: 0.0002 | PSNR: 37.85 dB | BEST: 37.85 dB | MSSSIM: 0.9885 | TIME: 60.29秒 | LR: 4.340e-06
epoch [1183/1200] batch [1/132] loss: 0.0001 psnr: 40.56 dB  msssim: 0.9949
epoch [1183/1200] batch [51/132] loss: 0.0001 psnr: 38.10 dB  msssim: 0.9893
epoch [1183/1200] batch [101/132] loss: 0.0003 psnr: 37.83 dB  msssim: 0.9885
epoch [1183/1200] batch [132/132] loss: 0.0004 psnr: 37.85 dB  msssim: 0.9885
======  Epoch 1183 完成 ======LOSS: 0.0002 | PSNR: 37.85 dB | BEST: 37.85 dB | MSSSIM: 0.9885 | TIME: 60.36秒 | LR: 3.871e-06
epoch [1184/1200] batch [1/132] loss: 0.0001 psnr: 39.87 dB  msssim: 0.9935
epoch [1184/1200] batch [51/132] loss: 0.0002 psnr: 37.57 dB  msssim: 0.9879
epoch [1184/1200] batch [101/132] loss: 0.0001 psnr: 37.84 dB  msssim: 0.9885
epoch [1184/1200] batch [132/132] loss: 0.0002 psnr: 37.85 dB  msssim: 0.9885
======  Epoch 1184 完成 ======LOSS: 0.0002 | PSNR: 37.85 dB | BEST: 37.85 dB | MSSSIM: 0.9885 | TIME: 60.36秒 | LR: 3.429e-06
epoch [1185/1200] batch [1/132] loss: 0.0003 psnr: 35.94 dB  msssim: 0.9847
epoch [1185/1200] batch [51/132] loss: 0.0001 psnr: 37.61 dB  msssim: 0.9880
epoch [1185/1200] batch [101/132] loss: 0.0002 psnr: 37.73 dB  msssim: 0.9882
epoch [1185/1200] batch [132/132] loss: 0.0001 psnr: 37.85 dB  msssim: 0.9885
======  Epoch 1185 完成 ======LOSS: 0.0002 | PSNR: 37.85 dB | BEST: 37.85 dB | MSSSIM: 0.9885 | TIME: 60.34秒 | LR: 3.014e-06
epoch [1186/1200] batch [1/132] loss: 0.0003 psnr: 34.89 dB  msssim: 0.9788
epoch [1186/1200] batch [51/132] loss: 0.0002 psnr: 37.66 dB  msssim: 0.9881
epoch [1186/1200] batch [101/132] loss: 0.0003 psnr: 37.65 dB  msssim: 0.9880
epoch [1186/1200] batch [132/132] loss: 0.0001 psnr: 37.85 dB  msssim: 0.9885
======  Epoch 1186 完成 ======LOSS: 0.0002 | PSNR: 37.85 dB | BEST: 37.85 dB | MSSSIM: 0.9885 | TIME: 60.31秒 | LR: 2.626e-06
epoch [1187/1200] batch [1/132] loss: 0.0002 psnr: 37.73 dB  msssim: 0.9899
epoch [1187/1200] batch [51/132] loss: 0.0001 psnr: 37.57 dB  msssim: 0.9878
epoch [1187/1200] batch [101/132] loss: 0.0003 psnr: 37.74 dB  msssim: 0.9882
epoch [1187/1200] batch [132/132] loss: 0.0002 psnr: 37.85 dB  msssim: 0.9885
======  Epoch 1187 完成 ======LOSS: 0.0002 | PSNR: 37.85 dB | BEST: 37.85 dB | MSSSIM: 0.9885 | TIME: 60.23秒 | LR: 2.265e-06
epoch [1188/1200] batch [1/132] loss: 0.0001 psnr: 40.30 dB  msssim: 0.9945
epoch [1188/1200] batch [51/132] loss: 0.0001 psnr: 37.61 dB  msssim: 0.9878
epoch [1188/1200] batch [101/132] loss: 0.0002 psnr: 37.73 dB  msssim: 0.9882
epoch [1188/1200] batch [132/132] loss: 0.0001 psnr: 37.85 dB  msssim: 0.9885
======  Epoch 1188 完成 ======LOSS: 0.0002 | PSNR: 37.85 dB | BEST: 37.85 dB | MSSSIM: 0.9885 | TIME: 60.28秒 | LR: 1.930e-06
epoch [1189/1200] batch [1/132] loss: 0.0004 psnr: 34.33 dB  msssim: 0.9782
epoch [1189/1200] batch [51/132] loss: 0.0002 psnr: 37.63 dB  msssim: 0.9879
epoch [1189/1200] batch [101/132] loss: 0.0001 psnr: 37.91 dB  msssim: 0.9887
epoch [1189/1200] batch [132/132] loss: 0.0001 psnr: 37.85 dB  msssim: 0.9885
======  Epoch 1189 完成 ======LOSS: 0.0002 | PSNR: 37.85 dB | BEST: 37.85 dB | MSSSIM: 0.9885 | TIME: 60.40秒 | LR: 1.622e-06
epoch [1190/1200] batch [1/132] loss: 0.0002 psnr: 37.40 dB  msssim: 0.9891
epoch [1190/1200] batch [51/132] loss: 0.0002 psnr: 37.61 dB  msssim: 0.9880
epoch [1190/1200] batch [101/132] loss: 0.0003 psnr: 37.83 dB  msssim: 0.9885
epoch [1190/1200] batch [132/132] loss: 0.0003 psnr: 37.85 dB  msssim: 0.9885
======  Epoch 1190 完成 ======LOSS: 0.0002 | PSNR: 37.85 dB | BEST: 37.85 dB | MSSSIM: 0.9885 | TIME: 60.28秒 | LR: 1.341e-06
epoch [1191/1200] batch [1/132] loss: 0.0001 psnr: 39.97 dB  msssim: 0.9937
epoch [1191/1200] batch [51/132] loss: 0.0002 psnr: 38.08 dB  msssim: 0.9892
epoch [1191/1200] batch [101/132] loss: 0.0002 psnr: 37.95 dB  msssim: 0.9888
epoch [1191/1200] batch [132/132] loss: 0.0001 psnr: 37.85 dB  msssim: 0.9885
======  Epoch 1191 完成 ======LOSS: 0.0002 | PSNR: 37.85 dB | BEST: 37.85 dB | MSSSIM: 0.9885 | TIME: 60.26秒 | LR: 1.086e-06
Step [1/132] | Val PSNR: 36.74 dB | Val MSSSIM: 0.9872 | FPS: 51.26
Step [51/132] | Val PSNR: 35.91 dB | Val MSSSIM: 0.9833 | FPS: 218.72
Step [101/132] | Val PSNR: 37.15 dB | Val MSSSIM: 0.9868 | FPS: 225.92
Step [132/132] | Val PSNR: 37.85 dB | Val MSSSIM: 0.9885 | FPS: 223.35
== Epoch 1191 测试完成 == PSNR: 37.85 dB | BEST: 37.85 dB | MSSSIM: 0.9885 | TIME: 18.73秒 | 
epoch [1192/1200] batch [1/132] loss: 0.0003 psnr: 35.51 dB  msssim: 0.9821
epoch [1192/1200] batch [51/132] loss: 0.0001 psnr: 37.99 dB  msssim: 0.9889
epoch [1192/1200] batch [101/132] loss: 0.0001 psnr: 38.04 dB  msssim: 0.9890
epoch [1192/1200] batch [132/132] loss: 0.0002 psnr: 37.85 dB  msssim: 0.9885
======  Epoch 1192 完成 ======LOSS: 0.0002 | PSNR: 37.85 dB | BEST: 37.85 dB | MSSSIM: 0.9885 | TIME: 60.37秒 | LR: 8.583e-07
Step [1/132] | Val PSNR: 36.73 dB | Val MSSSIM: 0.9872 | FPS: 40.02
Step [51/132] | Val PSNR: 35.91 dB | Val MSSSIM: 0.9833 | FPS: 211.20
Step [101/132] | Val PSNR: 37.15 dB | Val MSSSIM: 0.9868 | FPS: 219.70
Step [132/132] | Val PSNR: 37.85 dB | Val MSSSIM: 0.9885 | FPS: 222.81
== Epoch 1192 测试完成 == PSNR: 37.85 dB | BEST: 37.85 dB | MSSSIM: 0.9885 | TIME: 18.71秒 | 
epoch [1193/1200] batch [1/132] loss: 0.0001 psnr: 39.61 dB  msssim: 0.9929
epoch [1193/1200] batch [51/132] loss: 0.0001 psnr: 38.13 dB  msssim: 0.9891
epoch [1193/1200] batch [101/132] loss: 0.0002 psnr: 37.84 dB  msssim: 0.9884
epoch [1193/1200] batch [132/132] loss: 0.0002 psnr: 37.85 dB  msssim: 0.9885
======  Epoch 1193 完成 ======LOSS: 0.0002 | PSNR: 37.85 dB | BEST: 37.85 dB | MSSSIM: 0.9885 | TIME: 60.31秒 | LR: 6.573e-07
Step [1/132] | Val PSNR: 36.74 dB | Val MSSSIM: 0.9872 | FPS: 51.68
Step [51/132] | Val PSNR: 35.91 dB | Val MSSSIM: 0.9833 | FPS: 214.63
Step [101/132] | Val PSNR: 37.15 dB | Val MSSSIM: 0.9868 | FPS: 222.72
Step [132/132] | Val PSNR: 37.85 dB | Val MSSSIM: 0.9885 | FPS: 225.04
== Epoch 1193 测试完成 == PSNR: 37.85 dB | BEST: 37.85 dB | MSSSIM: 0.9885 | TIME: 18.73秒 | 
epoch [1194/1200] batch [1/132] loss: 0.0002 psnr: 36.80 dB  msssim: 0.9873
epoch [1194/1200] batch [51/132] loss: 0.0001 psnr: 38.01 dB  msssim: 0.9892
epoch [1194/1200] batch [101/132] loss: 0.0003 psnr: 37.94 dB  msssim: 0.9889
epoch [1194/1200] batch [132/132] loss: 0.0001 psnr: 37.85 dB  msssim: 0.9885
======  Epoch 1194 完成 ======LOSS: 0.0002 | PSNR: 37.85 dB | BEST: 37.85 dB | MSSSIM: 0.9885 | TIME: 60.30秒 | LR: 4.831e-07
Step [1/132] | Val PSNR: 36.74 dB | Val MSSSIM: 0.9872 | FPS: 61.37
Step [51/132] | Val PSNR: 35.91 dB | Val MSSSIM: 0.9833 | FPS: 220.52
Step [101/132] | Val PSNR: 37.15 dB | Val MSSSIM: 0.9868 | FPS: 225.95
Step [132/132] | Val PSNR: 37.85 dB | Val MSSSIM: 0.9885 | FPS: 227.25
== Epoch 1194 测试完成 == PSNR: 37.85 dB | BEST: 37.85 dB | MSSSIM: 0.9885 | TIME: 18.70秒 | 
epoch [1195/1200] batch [1/132] loss: 0.0001 psnr: 40.44 dB  msssim: 0.9942
epoch [1195/1200] batch [51/132] loss: 0.0002 psnr: 37.91 dB  msssim: 0.9888
epoch [1195/1200] batch [101/132] loss: 0.0001 psnr: 37.66 dB  msssim: 0.9881
epoch [1195/1200] batch [132/132] loss: 0.0001 psnr: 37.85 dB  msssim: 0.9885
======  Epoch 1195 完成 ======LOSS: 0.0002 | PSNR: 37.85 dB | BEST: 37.85 dB | MSSSIM: 0.9885 | TIME: 60.31秒 | LR: 3.357e-07
Step [1/132] | Val PSNR: 36.74 dB | Val MSSSIM: 0.9872 | FPS: 143.50
Step [51/132] | Val PSNR: 35.91 dB | Val MSSSIM: 0.9833 | FPS: 230.44
Step [101/132] | Val PSNR: 37.15 dB | Val MSSSIM: 0.9868 | FPS: 232.12
Step [132/132] | Val PSNR: 37.85 dB | Val MSSSIM: 0.9885 | FPS: 232.09
== Epoch 1195 测试完成 == PSNR: 37.85 dB | BEST: 37.85 dB | MSSSIM: 0.9885 | TIME: 18.71秒 | 
epoch [1196/1200] batch [1/132] loss: 0.0001 psnr: 38.62 dB  msssim: 0.9913
epoch [1196/1200] batch [51/132] loss: 0.0003 psnr: 37.57 dB  msssim: 0.9881
epoch [1196/1200] batch [101/132] loss: 0.0003 psnr: 37.75 dB  msssim: 0.9884
epoch [1196/1200] batch [132/132] loss: 0.0001 psnr: 37.85 dB  msssim: 0.9885
======  Epoch 1196 完成 ======LOSS: 0.0002 | PSNR: 37.85 dB | BEST: 37.85 dB | MSSSIM: 0.9885 | TIME: 60.30秒 | LR: 2.150e-07
Step [1/132] | Val PSNR: 36.74 dB | Val MSSSIM: 0.9872 | FPS: 97.26
Step [51/132] | Val PSNR: 35.91 dB | Val MSSSIM: 0.9833 | FPS: 212.82
Step [101/132] | Val PSNR: 37.15 dB | Val MSSSIM: 0.9868 | FPS: 220.33
Step [132/132] | Val PSNR: 37.85 dB | Val MSSSIM: 0.9885 | FPS: 223.69
== Epoch 1196 测试完成 == PSNR: 37.85 dB | BEST: 37.85 dB | MSSSIM: 0.9885 | TIME: 18.74秒 | 
epoch [1197/1200] batch [1/132] loss: 0.0001 psnr: 39.74 dB  msssim: 0.9933
epoch [1197/1200] batch [51/132] loss: 0.0003 psnr: 37.70 dB  msssim: 0.9881
epoch [1197/1200] batch [101/132] loss: 0.0001 psnr: 37.90 dB  msssim: 0.9887
epoch [1197/1200] batch [132/132] loss: 0.0002 psnr: 37.85 dB  msssim: 0.9885
======  Epoch 1197 完成 ======LOSS: 0.0002 | PSNR: 37.85 dB | BEST: 37.85 dB | MSSSIM: 0.9885 | TIME: 60.26秒 | LR: 1.211e-07
Step [1/132] | Val PSNR: 36.74 dB | Val MSSSIM: 0.9872 | FPS: 80.10
Step [51/132] | Val PSNR: 35.91 dB | Val MSSSIM: 0.9833 | FPS: 213.15
Step [101/132] | Val PSNR: 37.15 dB | Val MSSSIM: 0.9868 | FPS: 221.87
Step [132/132] | Val PSNR: 37.85 dB | Val MSSSIM: 0.9885 | FPS: 224.48
== Epoch 1197 测试完成 == PSNR: 37.85 dB | BEST: 37.85 dB | MSSSIM: 0.9885 | TIME: 18.70秒 | 
epoch [1198/1200] batch [1/132] loss: 0.0001 psnr: 38.30 dB  msssim: 0.9907
epoch [1198/1200] batch [51/132] loss: 0.0003 psnr: 38.09 dB  msssim: 0.9891
epoch [1198/1200] batch [101/132] loss: 0.0002 psnr: 37.85 dB  msssim: 0.9885
epoch [1198/1200] batch [132/132] loss: 0.0002 psnr: 37.85 dB  msssim: 0.9885
======  Epoch 1198 完成 ======LOSS: 0.0002 | PSNR: 37.85 dB | BEST: 37.85 dB | MSSSIM: 0.9885 | TIME: 60.27秒 | LR: 5.395e-08
Step [1/132] | Val PSNR: 36.74 dB | Val MSSSIM: 0.9872 | FPS: 45.54
Step [51/132] | Val PSNR: 35.91 dB | Val MSSSIM: 0.9833 | FPS: 212.83
Step [101/132] | Val PSNR: 37.15 dB | Val MSSSIM: 0.9868 | FPS: 222.32
Step [132/132] | Val PSNR: 37.85 dB | Val MSSSIM: 0.9885 | FPS: 224.07
== Epoch 1198 测试完成 == PSNR: 37.85 dB | BEST: 37.85 dB | MSSSIM: 0.9885 | TIME: 18.69秒 | 
epoch [1199/1200] batch [1/132] loss: 0.0001 psnr: 40.56 dB  msssim: 0.9949
epoch [1199/1200] batch [51/132] loss: 0.0002 psnr: 38.16 dB  msssim: 0.9892
epoch [1199/1200] batch [101/132] loss: 0.0002 psnr: 37.84 dB  msssim: 0.9885
epoch [1199/1200] batch [132/132] loss: 0.0002 psnr: 37.85 dB  msssim: 0.9885
======  Epoch 1199 完成 ======LOSS: 0.0002 | PSNR: 37.85 dB | BEST: 37.85 dB | MSSSIM: 0.9885 | TIME: 60.27秒 | LR: 1.359e-08
Step [1/132] | Val PSNR: 36.74 dB | Val MSSSIM: 0.9872 | FPS: 49.63
Step [51/132] | Val PSNR: 35.91 dB | Val MSSSIM: 0.9833 | FPS: 214.48
Step [101/132] | Val PSNR: 37.15 dB | Val MSSSIM: 0.9868 | FPS: 222.23
Step [132/132] | Val PSNR: 37.85 dB | Val MSSSIM: 0.9885 | FPS: 224.42
== Epoch 1199 测试完成 == PSNR: 37.85 dB | BEST: 37.85 dB | MSSSIM: 0.9885 | TIME: 18.73秒 | 
epoch [1200/1200] batch [1/132] loss: 0.0002 psnr: 36.35 dB  msssim: 0.9862
epoch [1200/1200] batch [51/132] loss: 0.0002 psnr: 37.69 dB  msssim: 0.9882
epoch [1200/1200] batch [101/132] loss: 0.0001 psnr: 37.60 dB  msssim: 0.9879
epoch [1200/1200] batch [132/132] loss: 0.0001 psnr: 37.85 dB  msssim: 0.9885
======  Epoch 1200 完成 ======LOSS: 0.0002 | PSNR: 37.85 dB | BEST: 37.85 dB | MSSSIM: 0.9885 | TIME: 60.31秒 | LR: 7.683e-13
Step [1/132] | Val PSNR: 36.74 dB | Val MSSSIM: 0.9872 | FPS: 59.41
Step [51/132] | Val PSNR: 35.91 dB | Val MSSSIM: 0.9833 | FPS: 213.86
Step [101/132] | Val PSNR: 37.15 dB | Val MSSSIM: 0.9868 | FPS: 224.29
Step [132/132] | Val PSNR: 37.85 dB | Val MSSSIM: 0.9885 | FPS: 227.07
== Epoch 1200 测试完成 == PSNR: 37.85 dB | BEST: 37.85 dB | MSSSIM: 0.9885 | TIME: 18.70秒 | 
训练完成，总耗时: 20小时 23分钟 40秒 
